Mark,Competitor,DOB,Nat,Pos,Venue,Date
2:11.96,Noah NGENY,02 NOV 1978,KEN,1,Rieti (ITA),05 SEP 1999
2:12.18,Sebastian COE,29 SEP 1956,GBR,1,Oslo (NOR),11 JUL 1981
2:12.66,Noah NGENY,02 NOV 1978,KEN,1,Nice (FRA),17 JUL 1999
2:12.88,Steve CRAM,14 OCT 1960,GBR,1,Gateshead (GBR),09 AUG 1985
2:13.08,Taoufik MAKHLOUFI,29 APR 1988,ALG,1,"Stade Raymond Petit, Tomblaine (FRA)",01 JUL 2015
2:13.40,Sebastian COE,29 SEP 1956,GBR,1,Oslo (NOR),01 JUL 1980
2:13.49,Ayanleh SOULEIMAN,03 DEC 1992,DJI,1,"Stade Olympique de la Pontaise, Lausanne (SUI)",25 AUG 2016
2:13.56,Kennedy KIMWETICH,1973,KEN,2,Nice (FRA),17 JUL 1999
2:13.62,Abubaker KAKI,21 JUN 1989,SUD,1,"Hayward Field, Eugene, OR (USA)",03 JUL 2010
2:13.73,Noureddine MORCELI,28 FEB 1970,ALG,1,Villeneuve d'Ascq (FRA),02 JUL 1993
2:13.88,Jake WIGHTMAN,11 JUL 1994,GBR,1,"Stade Louis II, Monaco (MON)",10 AUG 2022
2:13.89,Robert BIWOTT,28 JAN 1996,KEN,2,"Stade Olympique de la Pontaise, Lausanne (SUI)",25 AUG 2016
2:13.9h,Rick WOHLHUTER,23 DEC 1948,USA,1,Oslo (NOR),30 JUL 1974
2:13.93,Abubaker KAKI,21 JUN 1989,SUD,1,Stockholm (SWE),22 JUL 2008
2:13.95,Jonathan KITILIT,24 APR 1994,KEN,3,"Stade Olympique de la Pontaise, Lausanne (SUI)",25 AUG 2016
2:13.96,Mehdi BAALA,17 AUG 1978,FRA,1,Strasbourg (FRA),26 JUN 2003
2:14.09,Joaquim CRUZ,12 MAR 1963,BRA,1,Nice (FRA),20 AUG 1984
2:14.23,Asbel KIPROP,30 JUN 1989,KEN,4,"Stade Olympique de la Pontaise, Lausanne (SUI)",25 AUG 2016
2:14.28,Japheth KIMUTAI,20 DEC 1978,KEN,1,Stockholm (SWE),01 AUG 2000
2:14.30,Marcin LEWANDOWSKI,13 JUN 1987,POL,5,"Stade Olympique de la Pontaise, Lausanne (SUI)",25 AUG 2016
2:14.35,Marco AROP,20 SEP 1998,CAN,2,"Stade Louis II, Monaco (MON)",10 AUG 2022
2:14.41,William YIAMPOY,17 MAY 1974,KEN,2,Rieti (ITA),05 SEP 1999
2:14.43,Laban ROTICH,20 JAN 1969,KEN,1,Nice (FRA),16 JUL 1997
2:14.50,Abdi BILE,28 DEC 1962,SOM,1,Jerez de la Frontera (ESP),13 SEP 1989
2:14.51,Abdi BILE,28 DEC 1962,SOM,1,"Crystal Palace, London (GBR)",14 JUL 1989
2:14.52,Djabir SAID-GUERNI,29 MAR 1977,ALG,3,Rieti (ITA),05 SEP 1999
2:14.53,Willi WÜLBECK,18 DEC 1954,FRG,2,Oslo (NOR),01 JUL 1980
2:14.54,Joaquim CRUZ,12 MAR 1963,BRA,1,"Eugene, OR (USA)",21 JUL 1984
2:14.64,Laban ROTICH,20 JAN 1969,KEN,3,Nice (FRA),17 JUL 1999
2:14.69,El-Mahjoub HAIDA,01 JUL 1970,MAR,1,Nice (FRA),12 JUL 1995
2:14.72,Yusuf Saad KAMEL,29 MAR 1983,BRN,2,Stockholm (SWE),22 JUL 2008
2:14.73,Joseph TENGELEI,08 DEC 1972,KEN,2,Nice (FRA),12 JUL 1995
2:14.73,Patrick KONCHELLAH,20 APR 1968,KEN,2,Stockholm (SWE),01 AUG 2000
2:14.78,Noah NGENY,02 NOV 1978,KEN,1,Nice (FRA),08 JUL 2000
2:14.79,William YIAMPOY,17 MAY 1974,KEN,3,Stockholm (SWE),01 AUG 2000
2:14.83,Boaz Kiplagat LALANG,08 FEB 1989,KEN,2,"Hayward Field, Eugene, OR (USA)",03 JUL 2010
2:14.88,Ferguson Cheruiyot ROTICH,30 NOV 1989,KEN,1,"Olympiastadion, Stockholm (SWE)",10 JUN 2018
2:14.90,Sebastian COE,29 SEP 1956,GBR,1,Haringey (GBR),16 JUL 1986
2:14.95,Sammy KOSKEI,14 MAY 1961,KEN,1,Bruxelles (BEL),30 AUG 1985
2:14.96,Benson KOECH,10 NOV 1974,KEN,2,Nice (FRA),16 JUL 1997
2:14.99,William CHIRCHIR,06 FEB 1979,KEN,4,Nice (FRA),17 JUL 1999
2:14.99,Mehdi BAALA,17 AUG 1978,FRA,1,Villeneuve d'Ascq (FRA),09 JUN 2006
2:15.00,Benjamin KIPKURUI,28 DEC 1980,KEN,5,Nice (FRA),17 JUL 1999
2:15.05,Marko KOERS,03 NOV 1972,NED,3,Nice (FRA),16 JUL 1997
2:15.08,Ilham Tanui ÖZBILEN,05 MAR 1990,TUR,1,"Mestský Stadion, Ostrava (CZE)",17 JUN 2014
2:15.09,Steve CRAM,14 OCT 1960,GBR,1,Edinburgh (GBR),23 JUL 1985
2:15.09,Elkanah Onkware ANGWENYI,05 FEB 1983,KEN,2,Villeneuve d'Ascq (FRA),09 JUN 2006
2:15.11,Joaquim CRUZ,12 MAR 1963,BRA,1,Bern (SUI),16 AUG 1985
2:15.12,Steve CRAM,14 OCT 1960,GBR,1,London (GBR),17 SEP 1982
2:15.16,Saïd AOUITA,02 NOV 1959,MAR,1,London (GBR),28 AUG 1988
2:15.17,El-Mahjoub HAIDA,01 JUL 1970,MAR,1,Stockholm (SWE),05 AUG 1998
2:15.17,Mehdi BAALA,17 AUG 1978,FRA,1,Nancy (FRA),17 SEP 2002
2:15.21,Mehdi BAALA,17 AUG 1978,FRA,1,"Stade Raymond Petit, Tomblaine (FRA)",05 SEP 2006
2:15.23,Rob DRUPPERS,29 APR 1962,NED,1,Utrecht (NED),17 AUG 1985
2:15.23,Belal Mansoor ALI,17 OCT 1988,BRN,1,Stockholm (SWE),07 AUG 2007
2:15.25,Andreas BUSSE,06 MAY 1959,GDR,1,Berlin (GER),31 JUL 1983
2:15.26,Driss MAAZOUZI,15 OCT 1969,FRA,6,Nice (FRA),17 JUL 1999
2:15.28,Joaquim CRUZ,12 MAR 1963,BRA,1,Bern (SUI),29 JUL 1983
2:15.3h,Mike BOIT,06 JAN 1949,KEN,1,Wattenscheid (GER),23 SEP 1977
2:15.31,Amine LAALOU,13 MAY 1982,MAR,1,Rabat (MAR),05 JUN 2011
2:15.31,Pierre-Ambroise BOSSE,11 MAY 1992,FRA,2,"Mestský Stadion, Ostrava (CZE)",17 JUN 2014
2:15.33,Rob DRUPPERS,29 APR 1962,NED,2,Bruxelles (BEL),30 AUG 1985
2:15.39,Laban ROTICH,20 JAN 1969,KEN,2,Stockholm (SWE),05 AUG 1998
2:15.45,Japheth KIMUTAI,20 DEC 1978,KEN,1,Stockholm (SWE),30 JUL 1999
2:15.45,Mehdi BAALA,17 AUG 1978,FRA,2,Nice (FRA),08 JUL 2000
2:15.47,Japheth KIMUTAI,20 DEC 1978,KEN,3,Stockholm (SWE),05 AUG 1998
2:15.47,Mehdi BAALA,17 AUG 1978,FRA,1,Longeville (FRA),02 JUL 2006
2:15.48,Arthémon HATUNGIMANA,21 JAN 1974,BDI,3,Nice (FRA),12 JUL 1995
2:15.5h,Ivo VAN DAMME,21 FEB 1954,BEL,1,Namur (BEL),14 JUL 1976
2:15.50,Yuriy BORZAKOVSKIY,12 APR 1981,RUS,3,Stockholm (SWE),22 JUL 2008
2:15.51,Nadir BOSCH,16 MAY 1973,FRA,7,Nice (FRA),17 JUL 1999
2:15.53,Noah NGENY,02 NOV 1978,KEN,1,Athina (GRE),28 JUN 2000
2:15.55,Noureddine MORCELI,28 FEB 1970,ALG,1,Villeneuve d'Ascq (FRA),17 JUN 1995
2:15.57,James MCILROY,30 DEC 1976,IRL,4,Rieti (ITA),05 SEP 1999
2:15.63,Vénuste NIYONGABO,09 DEC 1973,BDI,1,"Helmántico, Salamanca (ESP)",18 JUL 1995
2:15.63,André BUCHER,19 OCT 1976,SUI,1,Langenthal (SUI),24 MAY 2001
2:15.66,André BUCHER,19 OCT 1976,SUI,1,Langenthal (SUI),13 MAY 1999
2:15.67,Benjamin KIPKURUI,28 DEC 1980,KEN,2,Stockholm (SWE),30 JUL 1999
2:15.72,William CHIRCHIR,06 FEB 1979,KEN,3,Stockholm (SWE),30 JUL 1999
2:15.72,Adam KSZCZOT,02 SEP 1989,POL,1,"Boudewijnstadion, Bruxelles (BEL)",05 SEP 2014
2:15.73,André BUCHER,19 OCT 1976,SUI,1,Langenthal (SUI),02 JUN 2000
2:15.73,Clayton MURPHY,26 FEB 1995,USA,3,"Stade Louis II, Monaco (MON)",10 AUG 2022
2:15.75,Saïd AOUITA,02 NOV 1959,MAR,1,Grosseto (ITA),18 AUG 1983
2:15.75,Mohammed AMAN,10 JAN 1994,ETH,2,"Boudewijnstadion, Bruxelles (BEL)",05 SEP 2014
2:15.76,Andrea BENVENUTI,13 DEC 1969,ITA,1,Nuoro (ITA),12 SEP 1992
2:15.76,Marcin LEWANDOWSKI,13 JUN 1987,POL,2,Rabat (MAR),05 JUN 2011
2:15.77,Steve CRAM,14 OCT 1960,GBR,1,London (GBR),11 JUL 1986
2:15.77,Noah NGENY,02 NOV 1978,KEN,4,Stockholm (SWE),05 AUG 1998
2:15.77,Ayanleh SOULEIMAN,03 DEC 1992,DJI,1,Sollentuna (SWE),05 AUG 2013
2:15.78,Jonathan KITILIT,24 APR 1994,KEN,2,"Stade Raymond Petit, Tomblaine (FRA)",01 JUL 2015
2:15.78,Wyclife KINYAMAL,02 JUL 1997,KEN,4,"Stade Louis II, Monaco (MON)",10 AUG 2022
2:15.79,Marcin LEWANDOWSKI,13 JUN 1987,POL,3,"Boudewijnstadion, Bruxelles (BEL)",05 SEP 2014
2:15.81,Agberto Conceiço GUIMARĂES,18 AUG 1957,BRA,2,Bern (SUI),29 JUL 1983
2:15.81,Robert FARKEN,20 SEP 1997,GER,1,"Nordanlage, Leipzig (GER)",21 JUL 2021
2:15.83,William TANUI,22 FEB 1964,KEN,1,Auckland (NZL),20 JAN 1990
2:15.83,Andrea LONGO,26 JUN 1975,ITA,4,Nice (FRA),16 JUL 1997
2:15.84,Steve CRAM,14 OCT 1960,GBR,1,London (GBR),07 AUG 1982
2:15.86,Steve CRAM,14 OCT 1960,GBR,1,Birmingham (GBR),19 AUG 1986
2:15.86,Mbulaeni MULAUDZI,08 SEP 1980,RSA,2,Stockholm (SWE),07 AUG 2007
2:15.87,Giuseppe D'URSO,15 SEP 1969,ITA,8,Nice (FRA),17 JUL 1999
2:15.87,Mehdi BAALA,17 AUG 1978,FRA,1,Metz (FRA),19 JUN 2000
2:15.89,Juma N'DIWA,28 NOV 1960,KEN,3,Bruxelles (BEL),30 AUG 1985
2:15.89,Abdi BILE,28 DEC 1962,SOM,1,Edinburgh (GBR),06 JUL 1990
2:15.89,Vincent MALAKWEN,19 JUL 1974,KEN,1,Sarajevo (BIH),09 SEP 1996
2:15.89,Driss MAAZOUZI,15 OCT 1969,FRA,5,Stockholm (SWE),05 AUG 1998
2:15.91,Steve OVETT,09 OCT 1955,GBR,1,Koblenz (GER),06 SEP 1979
2:15.91,Vénuste NIYONGABO,09 DEC 1973,BDI,1,Madrid (ESP),06 SEP 1994
2:15.91,Patrick KONCHELLAH,20 APR 1968,KEN,2,Athina (GRE),28 JUN 2000
2:15.91,William CHIRCHIR,06 FEB 1979,KEN,4,Stockholm (SWE),01 AUG 2000
2:15.97,David KRUMMENACKER,24 MAY 1975,USA,1,"Portland, OR (USA)",18 MAY 2002
2:15.97,Geoffrey Kipkoech RONO,21 APR 1987,KEN,4,Stockholm (SWE),22 JUL 2008
2:15.98,Mike BOIT,06 JAN 1949,KEN,1,Nice (FRA),20 AUG 1978
2:15.98,Steve CRAM,14 OCT 1960,GBR,1,Loughborough (GBR),17 JUN 1984
2:15.99,Jesús GÓMEZ,24 APR 1991,ESP,1,"Estadio Enrique Lopez Cuenca, Nerja (ESP)",12 MAY 2021
2:15.99,Bryce HOPPEL,05 SEP 1997,USA,5,"Stade Louis II, Monaco (MON)",10 AUG 2022
2:16.0h,Danie MALAN,26 JUN 1950,RSA,1,München (GER),24 JUN 1973
2:16.0h,Vladimir MALOZYEMLIN,26 JAN 1956,URS,1,Kiev (URS),10 JUN 1981
2:16.0h,Vladimir MALOZYEMLIN,26 JAN 1956,URS,1,Kiev (URS),27 JUN 1981
2:16.0h,Joaquim CRUZ,12 MAR 1963,BRA,1,Paris (FRA),13 JUL 1985
2:16.01,Andrea LONGO,26 JUN 1975,ITA,4,Stockholm (SWE),30 JUL 1999
2:16.03,Mike BOIT,06 JAN 1949,KEN,1,Nice (FRA),23 AUG 1981
2:16.08,Ayanleh SOULEIMAN,03 DEC 1992,DJI,1,"Bregyó Athletic Center, Székesfehérvár (HUN)",02 JUL 2018
2:16.09,Jeffrey RISELEY,11 NOV 1986,AUS,3,"Mestský Stadion, Ostrava (CZE)",17 JUN 2014
2:16.1h,Tom BYERS,12 MAY 1955,USA,1,København (DEN),06 AUG 1981
2:16.13,Fermín CACHO,16 FEB 1969,ESP,1,Andújar (ESP),06 SEP 1993
2:16.13,Tarek BOUKENSA,19 NOV 1981,ALG,3,Villeneuve d'Ascq (FRA),09 JUN 2006
2:16.14,Mike BOIT,06 JAN 1949,KEN,2,Koblenz (GER),06 SEP 1979
2:16.14,Japheth KIMUTAI,20 DEC 1978,KEN,2,"Portland, OR (USA)",18 MAY 2002
2:16.17,Nicholas Kiplangat KIPKOECH,22 OCT 1992,KEN,2,"Bregyó Athletic Center, Székesfehérvár (HUN)",02 JUL 2018
2:16.18,Bernard LAGAT,12 DEC 1974,USA,1,"International Stadium, Gateshead (GBR)",31 AUG 2008
2:16.19,Giuseppe D'URSO,15 SEP 1969,ITA,2,Villeneuve d'Ascq (FRA),02 JUL 1993
2:16.19,Timothy KIPTANUI,05 JAN 1980,KEN,1,Rethymno (GRE),06 JUL 2003
2:16.2h,Jürgen MAY,18 JUN 1942,GDR,1,Erfurt (GER),20 JUL 1965
2:16.2h,Franz-Josef KEMPER,30 SEP 1945,FRG,1,Hannover (GER),21 SEP 1966
2:16.20,Steve CRAM,14 OCT 1960,GBR,1,Stockholm (SWE),30 JUN 1987
2:16.20,Vincent MALAKWEN,19 JUL 1974,KEN,4,Nice (FRA),12 JUL 1995
2:16.24,William CHIRCHIR,06 FEB 1979,KEN,3,"Portland, OR (USA)",18 MAY 2002
2:16.25,James MAINA BOI,04 APR 1954,KEN,3,Koblenz (GER),06 SEP 1979
2:16.25,Bernard LAGAT,12 DEC 1974,USA,3,Stockholm (SWE),07 AUG 2007
2:16.26,William TANUI,22 FEB 1964,KEN,5,Nice (FRA),12 JUL 1995
2:16.27,Yassine BENSGHIR,03 JAN 1983,MAR,4,Stockholm (SWE),07 AUG 2007
2:16.27,Jake WIGHTMAN,11 JUL 1994,GBR,2,"Olympiastadion, Stockholm (SWE)",10 JUN 2018
2:16.27,Jonathan KITILIT,24 APR 1994,KEN,3,"Bregyó Athletic Center, Székesfehérvár (HUN)",02 JUL 2018
2:16.28,Kennedy KIMWETICH,1973,KEN,5,Stockholm (SWE),01 AUG 2000
2:16.29,Wilson KIPKETER,12 DEC 1972,DEN,1,København (DEN),23 AUG 1995
2:16.3h,Mike BOIT,06 JAN 1949,KEN,1,København (DEN),14 AUG 1974
2:16.3h,Willi WÜLBECK,18 DEC 1954,FRG,2,Wattenscheid (GER),23 SEP 1977
2:16.3h,James ROBINSON,27 AUG 1954,USA,2,København (DEN),06 AUG 1981
2:16.3h,Andreas HAUCK,19 JUN 1960,GDR,1,Potsdam (GDR),12 JUL 1984
2:16.3h,Andreas BUSSE,06 MAY 1959,GDR,2,Potsdam (GDR),12 JUL 1984
2:16.30,Peter ELLIOTT,09 OCT 1962,GBR,1,Hamilton (NZL),17 JAN 1990
2:16.30,Rui SILVA,03 AUG 1977,POR,9,Nice (FRA),17 JUL 1999
2:16.30,Mehdi BAALA,17 AUG 1978,FRA,1,Strasbourg (FRA),02 JUL 2008
2:16.32,Samuel TIROP,13 JAN 1959,KEN,2,Auckland (NZL),20 JAN 1990
2:16.33,Mohammed AMAN,10 JAN 1994,ETH,4,"Mestský Stadion, Ostrava (CZE)",17 JUN 2014
2:16.34,Matthew YATES,04 FEB 1969,GBR,2,Edinburgh (GBR),06 JUL 1990
2:16.35,Nick SYMMONDS,30 DEC 1983,USA,3,"Hayward Field, Eugene, OR (USA)",03 JUL 2010
2:16.36,Arthémon HATUNGIMANA,21 JAN 1974,BDI,5,Nice (FRA),16 JUL 1997
2:16.38,Joshua THOMPSON,09 MAY 1993,USA,6,"Stade Louis II, Monaco (MON)",10 AUG 2022
2:16.39,Benson SEUREI,27 MAR 1984,KEN,1,Linz (AUT),20 AUG 2012
2:16.4h,Mike BOIT,06 JAN 1949,KEN,2,München (GER),24 JUN 1973
2:16.4h,Thomas WESSINGHAGE,22 FEB 1952,FRG,3,Wattenscheid (GER),23 SEP 1977
2:16.4h,Nikolay SHIROKOV,1955,URS,2,Kiev (URS),10 JUN 1981
2:16.4h,Nikolay SHIROKOV,1955,URS,2,Kiev (URS),11 JUN 1981
2:16.40,Steve SCOTT,05 MAY 1956,USA,2,Nice (FRA),23 AUG 1981
2:16.40,Luke MCCANN,12 MAR 1998,IRL,7,"Stade Louis II, Monaco (MON)",10 AUG 2022
2:16.42,André BUCHER,19 OCT 1976,SUI,1,Willisau (SUI),12 MAY 2001
2:16.43,David LELEI,10 MAY 1971,KEN,1,"Palo Alto, CA (USA)",07 JUN 2003
2:16.44,Saïd AOUITA,02 NOV 1959,MAR,1,Padova (ITA),13 SEP 1987
2:16.44,Benson SEUREI,27 MAR 1984,BRN,1,Dillingen (GER),21 JUL 2013
2:16.45,Steve SCOTT,05 MAY 1956,USA,1,Byrkjelo (NOR),03 JUL 1983
2:16.45,Nixon KIPROTICH,04 DEC 1962,KEN,2,"Crystal Palace, London (GBR)",14 JUL 1989
2:16.45,Laban ROTICH,20 JAN 1969,KEN,3,Nice (FRA),08 JUL 2000
2:16.46,Filip INGEBRIGTSEN,20 APR 1993,NOR,1,"Bislett Stadion, Oslo (NOR)",11 JUN 2020
2:16.46,Hobbs KESSLER,15 MAR 2003,USA,8,"Stade Louis II, Monaco (MON)",10 AUG 2022
2:16.47,Peter ELLIOTT,09 OCT 1962,GBR,1,Belfast (GBR),27 JUN 1988
2:16.47,Andrea LONGO,26 JUN 1975,ITA,1,Avezzano (ITA),12 SEP 1999
2:16.47,Hezekiel SEPENG,30 JUN 1974,RSA,6,Stockholm (SWE),01 AUG 2000
2:16.5h,Bodo TÜMMLER,08 DEC 1943,FRG,2,Hannover (GER),21 SEP 1966
2:16.51,Ayanleh SOULEIMAN,03 DEC 1992,DJI,1,Šamorín (SVK),15 JUN 2019
2:16.52,Jens-Peter HEROLD,02 JUN 1965,GER,3,Villeneuve d'Ascq (FRA),02 JUL 1993
2:16.52,Nathan BRANNEN,08 SEP 1982,CAN,2,Linz (AUT),20 AUG 2012
2:16.52,Sammy KIRONGO,04 FEB 1994,KEN,1,"Stade Raymond Petit, Tomblaine (FRA)",27 JUN 2014
2:16.53,William YIAMPOY,17 MAY 1974,KEN,1,Nice (FRA),09 JUL 2001
2:16.54,Jim SPIVEY,07 MAR 1960,USA,2,"Eugene, OR (USA)",21 JUL 1984
2:16.55,Belal Mansoor ALI,17 OCT 1988,BRN,1,Stockholm (SWE),31 JUL 2009
2:16.56,William WUYCKE,21 MAY 1958,VEN,3,Bern (SUI),29 JUL 1983
2:16.56,Lukáš VYDRA,23 AUG 1973,CZE,6,Stockholm (SWE),05 AUG 1998
2:16.57,John WALKER,12 JAN 1952,NZL,3,Oslo (NOR),01 JUL 1980
2:16.57,Hezekiel SEPENG,30 JUN 1974,RSA,4,"Portland, OR (USA)",18 MAY 2002
2:16.58,Sammy KOSKEI,14 MAY 1961,KEN,2,Byrkjelo (NOR),03 JUL 1983
2:16.58,Omar KHALIFA,18 DEC 1956,SUD,2,Padova (ITA),13 SEP 1987
2:16.58,Nick WILLIS,25 APR 1983,NZL,3,Linz (AUT),20 AUG 2012
2:16.58,Adam KSZCZOT,02 SEP 1989,POL,3,"Olympiastadion, Stockholm (SWE)",10 JUN 2018
2:16.59,Yassine HETHAT,30 AUG 1991,ALG,4,"Bregyó Athletic Center, Székesfehérvár (HUN)",02 JUL 2018
2:16.6h,Peter SNELL,17 DEC 1938,NZL,1,Auckland (NZL),12 NOV 1964
2:16.6h,Thomas WESSINGHAGE,22 FEB 1952,FRG,1,Koblenz (GER),06 AUG 1975
2:16.6h,Ivo VAN DAMME,21 FEB 1954,BEL,1,Bruxelles (BEL),14 SEP 1976
2:16.6h,Philippe COLLARD,26 FEB 1960,FRA,1,Parilly (FRA),18 JUL 1986
2:16.6h,Philippe COLLARD,26 FEB 1960,FRA,3,Padova (ITA),13 SEP 1987
2:16.61,Grant CREMER,09 JUN 1978,AUS,7,Stockholm (SWE),01 AUG 2000
2:16.63,David KRUMMENACKER,24 MAY 1975,USA,5,Stockholm (SWE),30 JUL 1999
2:16.63,Jeffrey RISELEY,11 NOV 1986,AUS,4,Linz (AUT),20 AUG 2012
2:16.64,Antonio PAEZ,05 SEP 1956,ESP,4,Oslo (NOR),01 JUL 1980
2:16.65,Vénuste NIYONGABO,09 DEC 1973,BDI,1,Parma (ITA),12 JUN 1994
2:16.67,Matthew CENTROWITZ,18 OCT 1989,USA,6,"Stade Olympique de la Pontaise, Lausanne (SUI)",25 AUG 2016
2:16.68,Steve HOLMAN,02 MAR 1970,USA,5,Rieti (ITA),05 SEP 1999
2:16.68,Nicholas Kiplangat KIPKOECH,22 OCT 1992,KEN,7,"Stade Olympique de la Pontaise, Lausanne (SUI)",25 AUG 2016
2:16.7h,Siegfried VALENTIN,23 FEB 1936,GDR,1,Potsdam (GDR),19 JUL 1960
2:16.7h,Mike BOIT,06 JAN 1949,KEN,2,Oslo (NOR),30 JUL 1974
2:16.7h,Danie MALAN,26 JUN 1950,RSA,2,Namur (BEL),14 JUL 1976
2:16.7h,Detlef WAGENKNECHT,03 JAN 1959,GDR,1,Berlin (GER),26 MAY 1982
2:16.7h,John MARSHALL,05 NOV 1963,USA,2,Paris (FRA),13 JUL 1985
2:16.71,Billy KONCHELLAH,20 OCT 1961,KEN,4,Bruxelles (BEL),30 AUG 1985
2:16.71,Ali HAKIMI,24 APR 1976,TUN,6,Stockholm (SWE),30 JUL 1999
2:16.73,Japheth KIMUTAI,20 DEC 1978,KEN,1,Florø (NOR),23 MAY 1998
2:16.75,Jeffrey RISELEY,11 NOV 1986,AUS,1,"Mestský Stadion, Ostrava (CZE)",31 MAY 2011
2:16.76,Yassine HETHAT,30 AUG 1991,ALG,2,"Stade Raymond Petit, Tomblaine (FRA)",27 JUN 2014
2:16.78,Jens-Peter HEROLD,02 JUN 1965,GDR,1,Berlin (GER),30 JUL 1989
2:16.78,Vebjørn RODAL,16 SEP 1972,NOR,1,London (GBR),11 AUG 1996
2:16.79,Jakub HOLUŠA,20 FEB 1988,CZE,5,"Mestský Stadion, Ostrava (CZE)",17 JUN 2014
2:16.79,Jackson Mumbwa KIVUVA,11 AUG 1989,KEN,5,"Bregyó Athletic Center, Székesfehérvár (HUN)",02 JUL 2018
2:16.8h,José MARAJO,10 AUG 1954,FRA,1,Paris (FRA),17 JUL 1980
2:16.8h,Vitaliy TISHCHENKO,28 JUL 1957,URS,3,Kiev (URS),11 JUN 1981
2:16.80,Robert KIBET,15 DEC 1965,KEN,3,Sarajevo (BIH),09 SEP 1996
2:16.82,Graham WILLIAMSON,15 JUN 1960,GBR,1,Edinburgh (GBR),17 JUL 1984
2:16.82,Geoffrey Kipkoech RONO,21 APR 1987,KEN,2,Stockholm (SWE),31 JUL 2009
2:16.83,Japheth KIMUTAI,20 DEC 1978,KEN,2,Rethymno (GRE),06 JUL 2003
2:16.84,Nixon KIPROTICH,04 DEC 1962,KEN,3,Edinburgh (GBR),06 JUL 1990
2:16.84,Ali HAKIMI,24 APR 1976,TUN,1,Lindau (GER),28 JUL 1995
2:16.85,Hicham EL GUERROUJ,14 SEP 1974,MAR,6,Nice (FRA),12 JUL 1995
2:16.85,Antoine GAKEME,24 DEC 1991,BDI,4,"Olympiastadion, Stockholm (SWE)",10 JUN 2018
2:16.86,Graham WILLIAMSON,15 JUN 1960,GBR,2,Nice (FRA),20 AUG 1984
2:16.86,Sammy KOSKEI,14 MAY 1961,KEN,2,Belfast (GBR),27 JUN 1988
2:16.86,Japheth KIMUTAI,20 DEC 1978,KEN,1,Bruxelles (BEL),22 AUG 1997
2:16.86,Ali HAKIMI,24 APR 1976,TUN,4,Nice (FRA),08 JUL 2000
2:16.86,Nicolas AÏSSAT,24 JUL 1980,FRA,1,Strasbourg (FRA),19 JUN 2001
2:16.87,Pierre DÉLÈZE,25 AUG 1958,SUI,4,Bern (SUI),29 JUL 1983
2:16.88,Ari SUHONEN,19 DEC 1965,FIN,1,Lahti (FIN),11 AUG 1987
2:16.88,Graham HOOD,02 APR 1972,CAN,1,Montréal (CAN),10 JUN 1996
2:16.88,Ferguson Cheruiyot ROTICH,30 NOV 1989,KEN,4,"Boudewijnstadion, Bruxelles (BEL)",05 SEP 2014
2:16.89,Cornelius TUWEI,14 MAY 1993,KEN,6,"Bregyó Athletic Center, Székesfehérvár (HUN)",02 JUL 2018
2:16.9h,Francesco ARESE,13 APR 1944,ITA,1,Torino (ITA),11 OCT 1970
2:16.9h,Danie MALAN,26 JUN 1950,RSA,1,Stuttgart (GER),26 AUG 1975
2:16.90,Thomas WESSINGHAGE,22 FEB 1952,FRG,4,Koblenz (GER),06 SEP 1979
2:16.9h,Saïd AOUITA,02 NOV 1959,MAR,1,Casablanca (MAR),13 MAR 1983
2:16.90,David MACK,30 MAY 1961,USA,2,Edinburgh (GBR),23 JUL 1985
2:16.90,Timo BENITZ,24 DEC 1991,GER,1f2,Pliezhausen (GER),18 MAY 2014
2:16.92,Jürgen STRAUB,03 NOV 1953,GDR,1,Potsdam (GDR),13 JUL 1980
2:16.92,Collins KIPRUTO,12 APR 1994,KEN,2,Šamorín (SVK),15 JUN 2019
2:16.93,Noah NGENY,02 NOV 1978,KEN,2,Nice (FRA),09 JUL 2001
2:16.93,Nick WILLIS,25 APR 1983,NZL,2,"International Stadium, Gateshead (GBR)",31 AUG 2008
2:16.94,Alex KIPCHIRCHIR,26 NOV 1984,KEN,1,"New York, NY (USA)",11 JUN 2005
2:16.95,Willi WÜLBECK,18 DEC 1954,FRG,1,Köln (GER),22 AUG 1982
2:16.95,Filip INGEBRIGTSEN,20 APR 1993,NOR,8,"Stade Olympique de la Pontaise, Lausanne (SUI)",25 AUG 2016
2:16.95,Andreas KRAMER,13 APR 1997,SWE,1,"Slottsskogsvallen, Göteborg (SWE)",18 JUN 2023
2:16.96,Nabil MADI,09 JUN 1981,ALG,4,Villeneuve d'Ascq (FRA),09 JUN 2006
2:16.96,Adam KSZCZOT,02 SEP 1989,POL,6,"Mestský Stadion, Ostrava (CZE)",17 JUN 2014
2:16.98,Jean-Patrick NDUWIMANA,09 MAR 1978,BDI,8,Stockholm (SWE),01 AUG 2000
2:16.98,Abubaker KAKI,21 JUN 1989,SUD,3,Stockholm (SWE),31 JUL 2009
2:16.98,Kipyegon BETT,01 FEB 1998,KEN,5,"Olympiastadion, Stockholm (SWE)",10 JUN 2018
2:16.99,Anthony MORRELL,03 MAY 1962,GBR,2,London (GBR),28 AUG 1988
2:16.99,Andrew BADDELEY,20 JUN 1982,GBR,5,Stockholm (SWE),07 AUG 2007
2:16.99,Adam KSZCZOT,02 SEP 1989,POL,2,"Mestský Stadion, Ostrava (CZE)",31 MAY 2011
2:17.0h,Marcel PHILIPPE,16 SEP 1951,FRA,1,Paris (FRA),28 JUN 1973
2:17.0h,Byron DYCE,27 MAR 1948,JAM,2,København (DEN),15 AUG 1973
2:17.0h,Lutz ZAUBER,09 AUG 1958,GDR,2,Berlin (GER),26 MAY 1982
2:17.0h,Johan FOURIE,02 DEC 1959,RSA,1,Bloemfontein (RSA),28 JAN 1985
2:17.00,Patrick KONCHELLAH,20 APR 1968,KEN,1,Hamburg (GER),29 JUL 1999
2:17.00,Ferguson Cheruiyot ROTICH,30 NOV 1989,KEN,9,"Stade Louis II, Monaco (MON)",10 AUG 2022
2:17.01,Benyounés LAHLOU,03 NOV 1964,MAR,6,Nice (FRA),16 JUL 1997
2:17.01,Bram SOM,20 FEB 1980,NED,1f3,Lisse (NED),15 MAY 2010
2:17.02,André BUCHER,19 OCT 1976,SUI,1,Willisau (SUI),08 MAY 1999
2:17.03,Ali HAKIMI,24 APR 1976,TUN,9,Stockholm (SWE),01 AUG 2000
2:17.05,Charles NKAZAMYAMPI,01 NOV 1964,BDI,4,Villeneuve d'Ascq (FRA),02 JUL 1993
2:17.05,Filip SASÍNEK,08 JAN 1996,CZE,1,"Wieslaw Maniak Municipal Athletic Stadium, Szczecin (POL)",16 AUG 2020
2:17.06,Peter ELLIOTT,09 OCT 1962,GBR,1,Madrid (ESP),04 JUN 1987
2:17.06,Tony VAN DIEPEN,17 APR 1996,NED,10,"Stade Louis II, Monaco (MON)",10 AUG 2022
2:17.07,Rob DRUPPERS,29 APR 1962,NED,3,"Eugene, OR (USA)",21 JUL 1984
2:17.07,Philip KIBITOK,23 MAR 1971,KEN,7,Nice (FRA),16 JUL 1997
2:17.08,Ilham Tanui ÖZBILEN,05 MAR 1990,KEN,3,"Mestský Stadion, Ostrava (CZE)",31 MAY 2011
2:17.08,Jakub HOLUŠA,20 FEB 1988,CZE,4,"Mestský Stadion, Ostrava (CZE)",31 MAY 2011
2:17.08,Abraham Kipchirchir ROTICH,26 SEP 1993,KEN,1,Dubnica nad Váhom (SVK),26 AUG 2012
2:17.08,Ole Jakob SOLBU,19 AUG 2003,NOR,2,"Slottsskogsvallen, Göteborg (SWE)",18 JUN 2023
2:17.09,Vincent MALAKWEN,19 JUL 1974,KEN,2,London (GBR),11 AUG 1996
2:17.10,Julius ACHON,12 DEC 1976,UGA,2,Rhede (GER),30 JUL 1995
2:17.10,Driss MAAZOUZI,15 OCT 1969,FRA,3,Nice (FRA),09 JUL 2001
2:17.10,David KRUMMENACKER,24 MAY 1975,USA,2,"Palo Alto, CA (USA)",07 JUN 2003
2:17.10,Nick SYMMONDS,30 DEC 1983,USA,3,"International Stadium, Gateshead (GBR)",31 AUG 2008
2:17.11,Japheth KIMUTAI,20 DEC 1978,KEN,1,Rethymno (GRE),07 JUL 2002
2:17.11,Ronald MUSAGALA,16 DEC 1992,UGA,5,"Boudewijnstadion, Bruxelles (BEL)",05 SEP 2014
2:17.11,Benjamin ROBERT,04 JAN 1998,FRA,11,"Stade Louis II, Monaco (MON)",10 AUG 2022
2:17.13,Elkanah Onkware ANGWENYI,05 FEB 1983,KEN,2,"New York, NY (USA)",11 JUN 2005
2:17.13,Michael RIMMER,03 FEB 1986,GBR,5,Linz (AUT),20 AUG 2012
2:17.13,Fouad EL KAAM,27 MAY 1988,MAR,1,"Wieslaw Maniak Municipal Athletic Stadium, Szczecin (POL)",15 AUG 2018
2:17.13,Yassine HETHAT,30 AUG 1991,ALG,1,"Stade Annexe du 5 Juillet, Algiers (ALG)",19 MAR 2022
2:17.14,Riccardo MATERAZZI,15 JUN 1963,ITA,1,Pisa (ITA),20 JUN 1984
2:17.14,John GLADWIN,07 MAY 1963,GBR,4,Edinburgh (GBR),06 JUL 1990
2:17.14,Mahiedine MEKHISSI,15 MAR 1985,FRA,1,"Stade Raymond Petit, Tomblaine (FRA)",26 JUN 2009
2:17.15,Abdi BILE,28 DEC 1962,SOM,3,Edinburgh (GBR),23 JUL 1985
2:17.15,Steve CRAM,14 OCT 1960,GBR,1,London (GBR),22 AUG 1987
2:17.15,Yassine HETHAT,30 AUG 1991,ALG,6,"Boudewijnstadion, Bruxelles (BEL)",05 SEP 2014
2:17.16,Nicholas Kiplangat KIPKOECH,22 OCT 1992,KEN,6,Linz (AUT),20 AUG 2012
2:17.17,Clayton MURPHY,26 FEB 1995,USA,1,"Portland, OR (USA)",11 JUN 2017
2:17.18,Eckhardt RÜTER,24 OCT 1963,FRG,1,Hamm (GER),09 SEP 1988
2:17.18,Joseph CHESIRE,12 NOV 1957,KEN,3,"Crystal Palace, London (GBR)",14 JUL 1989
2:17.18,Mahiedine MEKHISSI,15 MAR 1985,FRA,3,"Stade Raymond Petit, Tomblaine (FRA)",27 JUN 2014
2:17.18,Andrew OSAGIE,19 FEB 1988,GBR,6,"Olympiastadion, Stockholm (SWE)",10 JUN 2018
2:17.19,Johan BOTHA,10 JAN 1974,RSA,10,Nice (FRA),17 JUL 1999
2:17.19,Tamás KAZI,16 MAY 1985,HUN,7,"Bregyó Athletic Center, Székesfehérvár (HUN)",02 JUL 2018
2:17.2h,Rod DIXON,13 JUL 1950,NZL,4,Oslo (NOR),30 JUL 1974
2:17.2h,John WALKER,12 JAN 1952,NZL,1,Milano (ITA),02 JUL 1975
2:17.2h,Vladimir SHERONOV,14 JUN 1955,URS,1,Podolsk (URS),20 AUG 1978
2:17.2h,Vladimir VOLKOV,12 JAN 1956,URS,1,Kiev (URS),15 JUN 1981
2:17.20,Rob HARRISON,05 JUN 1959,GBR,1,London (GBR),18 AUG 1984
2:17.20,Mustapha LACHAAL,10 FEB 1964,MAR,2,Jerez de la Frontera (ESP),13 SEP 1989
2:17.20,George KERSH,03 JUL 1968,USA,5,Villeneuve d'Ascq (FRA),02 JUL 1993
2:17.20,Rui SILVA,03 AUG 1977,POR,1,Lisboa (POR),12 APR 1997
2:17.21,Billy KONCHELLAH,20 OCT 1961,KEN,2,Stockholm (SWE),30 JUN 1987
2:17.21,Yassine BENSGHIR,03 JAN 1983,MAR,7,Linz (AUT),20 AUG 2012
2:17.21,Michał ROZMYS,13 MAR 1995,POL,1,"Forest Stadium, Sopot (POL)",30 AUG 2021
2:17.22,Paweł CZAPIEWSKI,30 MAR 1978,POL,1,Kraków (POL),22 SEP 2002
2:17.23,William WUYCKE,21 MAY 1958,VEN,2,Madrid (ESP),04 JUN 1987
2:17.24,Isaac VICIOSA,26 DEC 1969,ESP,2,"Helmántico, Salamanca (ESP)",18 JUL 1995
2:17.24,Driss MAAZOUZI,15 OCT 1969,MAR,1,Villeneuve d'Ascq (FRA),29 JUN 1997
2:17.24,Marcin LEWANDOWSKI,13 JUN 1987,POL,2,"Wieslaw Maniak Municipal Athletic Stadium, Szczecin (POL)",15 AUG 2018
2:17.24,Baptiste MISCHLER,23 NOV 1997,FRA,2,"Estadio Enrique Lopez Cuenca, Nerja (ESP)",12 MAY 2021
2:17.25,Earl JONES,17 JUL 1964,USA,2,London (GBR),11 JUL 1986
2:17.25,Abdelslam KENNOUCHE,07 OCT 1980,ALG,2,Strasbourg (FRA),26 JUN 2003
2:17.25,Marcin LEWANDOWSKI,13 JUN 1987,POL,1,"Mestský Stadion, Ostrava (CZE)",26 MAY 2015
2:17.26,Steve OVETT,09 OCT 1955,GBR,1,London (GBR),15 JUL 1983
2:17.26,Hezekiel SEPENG,30 JUN 1974,RSA,4,Nice (FRA),09 JUL 2001
2:17.27,Johnny GRAY,19 JUN 1960,USA,2,London (GBR),18 AUG 1984
2:17.28,Gennaro DI NAPOLI,05 MAR 1968,ITA,1,Parma (ITA),22 JUN 1991
2:17.29,Rich KENAH,04 AUG 1970,USA,3,London (GBR),11 AUG 1995
2:17.29,Rich KENAH,04 AUG 1970,USA,3,London (GBR),11 AUG 1996
2:17.29,Marcin LEWANDOWSKI,13 JUN 1987,POL,1,Dubnica nad Váhom (SVK),22 AUG 2010
2:17.29,Yassine HETHAT,30 AUG 1991,ALG,7,"Mestský Stadion, Ostrava (CZE)",17 JUN 2014
2:17.29,Ignacio FONTES,22 JUN 1998,ESP,2,"Wieslaw Maniak Municipal Athletic Stadium, Szczecin (POL)",16 AUG 2020
2:17.3h,Harald NORPOTH,22 AUG 1942,FRG,3,Hannover (GER),21 SEP 1966
2:17.3h,Hans-Peter FERNER,06 JUN 1956,FRG,3,København (DEN),06 AUG 1981
2:17.30,Tonino VIALI,16 SEP 1960,ITA,1,Grosseto (ITA),13 AUG 1990
2:17.30,Laban ROTICH,20 JAN 1969,KEN,10,Stockholm (SWE),01 AUG 2000
2:17.30,Arnoud OKKEN,20 APR 1982,NED,2f3,Lisse (NED),15 MAY 2010
2:17.30,Michał ROZMYS,13 MAR 1995,POL,3,"Wieslaw Maniak Municipal Athletic Stadium, Szczecin (POL)",16 AUG 2020
2:17.32,Mohamed AL GARNI,02 JUL 1992,QAT,8,Linz (AUT),20 AUG 2012
2:17.33,Steve CRAM,14 OCT 1960,GBR,1,Gateshead (GBR),26 JUL 1987
2:17.33,Silas Kimeli TOO,1993,KEN,2,Dillingen (GER),21 JUL 2013
2:17.34,Joel N'GETICH,02 JUN 1955,KEN,3,Köln (GER),22 AUG 1982
2:17.34,Arthémon HATUNGIMANA,21 JAN 1974,BDI,2,Strasbourg (FRA),19 JUN 2001
2:17.34,Jean-Patrick NDUWIMANA,09 MAR 1978,BDI,5,Nice (FRA),09 JUL 2001
2:17.34,Florent LACASSE,21 JAN 1981,FRA,1,St-Florentin (FRA),14 SEP 2003
2:17.34,Nathan BRANNEN,08 SEP 1982,CAN,4,"International Stadium, Gateshead (GBR)",31 AUG 2008
2:17.35,Kennedy KIMWETICH,1973,KEN,6,Nice (FRA),09 JUL 2001
2:17.35,Jeffrey RISELEY,11 NOV 1986,AUS,4,Stockholm (SWE),31 JUL 2009
2:17.36,José Luis BARBOSA,27 MAY 1961,BRA,1,Nice (FRA),16 JUL 1985
2:17.36,Neil HORSFIELD,07 DEC 1966,GBR,2,Gateshead (GBR),09 AUG 1991
2:17.37,Sammy KOSKEI,14 MAY 1961,KEN,3,Madrid (ESP),04 JUN 1987
2:17.37,Paul ERENG,22 AUG 1967,KEN,1,Budapest (HUN),08 AUG 1989
2:17.38,Tamás KAZI,16 MAY 1985,HUN,8,"Mestský Stadion, Ostrava (CZE)",17 JUN 2014
2:17.38,Asbel KIPROP,30 JUN 1989,KEN,2,"Mestský Stadion, Ostrava (CZE)",26 MAY 2015
2:17.39,Nicolas AÏSSAT,24 JUL 1980,FRA,7,Nice (FRA),09 JUL 2001
2:17.4h,Dieter FROMM,21 APR 1948,GDR,1,Erfurt (GER),17 JUL 1973
2:17.4h,Abderrahmane MORCELI,1957,ALG,2,Nice (FRA),20 AUG 1978
2:17.40,Benson KOECH,10 NOV 1974,KEN,7,Nice (FRA),12 JUL 1995
2:17.40,Yuriy BORZAKOVSKIY,12 APR 1981,RUS,5,Nice (FRA),08 JUL 2000
2:17.40,Abdelkader CHÉKHÉMANI,18 JUL 1971,FRA,3,Strasbourg (FRA),26 JUN 2003
2:17.40,Alfred KIPKETER,28 DEC 1996,KEN,7,"Olympiastadion, Stockholm (SWE)",10 JUN 2018
2:17.42,Solomon LEKUTA,03 OCT 1999,KEN,1,"Stade Louis II, Monaco (MON)",20 JUL 2018
2:17.43,Gareth BROWN,29 DEC 1961,GBR,3,London (GBR),18 AUG 1984
2:17.43,Peter ELLIOTT,09 OCT 1962,GBR,2,Gateshead (GBR),26 JUL 1987
2:17.43,Dirk HEINZE,02 JUL 1976,GER,1,Weimar (GER),27 JUN 1999
2:17.44,Nils SCHUMANN,20 MAY 1978,GER,2,Weimar (GER),27 JUN 1999
2:17.44,Carsten SCHLANGEN,31 DEC 1980,GER,1,Königs Wusterhausen (GER),27 MAY 2008
2:17.44,Hamza DRIOUCH,16 NOV 1994,QAT,1,Sollentuna (SWE),09 AUG 2011
2:17.44,Andrew WHEATING,21 NOV 1987,USA,9,Linz (AUT),20 AUG 2012
2:17.45,Chris MCGEORGE,13 JAN 1962,GBR,3,Nice (FRA),20 AUG 1984
2:17.45,André BUCHER,19 OCT 1976,SUI,1,Langenthal (SUI),23 MAY 1998
2:17.45,Reyes ESTÉVEZ,02 AUG 1976,ESP,1,Andújar (ESP),05 SEP 2000
2:17.46,William SEREM,18 AUG 1971,KEN,1,Hildesheim (GER),25 JUN 1995
2:17.46,David TORRENCE,26 NOV 1985,USA,10,Linz (AUT),20 AUG 2012
2:17.47,Jackson Mumbwa KIVUVA,11 AUG 1989,KEN,5,Stockholm (SWE),22 JUL 2008
2:17.47,Kyle LANGFORD,02 FEB 1996,GBR,3,Šamorín (SVK),15 JUN 2019
2:17.47,Collins KIPRUTO,12 APR 1994,KEN,1,Varberg (SWE),15 JUL 2019
2:17.48,Robert CHIRCHIR,26 NOV 1972,KEN,11,Nice (FRA),17 JUL 1999
2:17.48,Benson Marrianyi ESHO,02 FEB 1987,KEN,5,Villeneuve d'Ascq (FRA),09 JUN 2006
2:17.49,Michael HILLARDT,22 JAN 1961,AUS,4,London (GBR),18 AUG 1984
2:17.49,Hauke FUHLBRÜGGE,21 MAR 1966,GDR,1,Budapest (HUN),11 AUG 1986
2:17.5h,Ivo VAN DAMME,21 FEB 1954,BEL,1,Edinburgh (GBR),06 AUG 1976
2:17.5h,Jozef PLACHÝ,28 FEB 1949,TCH,1,Karlstad (SWE),10 AUG 1977
2:17.5h,Amar BRAHMIA,02 SEP 1954,ALG,3,Nice (FRA),20 AUG 1978
2:17.5h,Vladimir PONOMARYEV,10 AUG 1952,URS,2,Podolsk (URS),20 AUG 1978
2:17.5h,Mike BOIT,06 JAN 1949,KEN,1,Ingelheim (FRG),12 SEP 1978
2:17.5h,Mehdi BAALA,17 AUG 1978,FRA,1,Nantes (FRA),22 SEP 1999
2:17.50,Bram SOM,20 FEB 1980,NED,5,"International Stadium, Gateshead (GBR)",31 AUG 2008
2:17.51,David FIEGEN,03 SEP 1984,LUX,2,Longeville (FRA),02 JUL 2006
2:17.51,Edwin Kiplagat MELLY,23 APR 1994,KEN,3,"Stade Raymond Petit, Tomblaine (FRA)",01 JUL 2015
2:17.52,Bernard LAGAT,12 DEC 1974,USA,5,Stockholm (SWE),31 JUL 2009
2:17.53,Graham HOOD,02 APR 1972,CAN,2,Villeneuve d'Ascq (FRA),29 JUN 1997
2:17.53,Mehdi BAALA,17 AUG 1978,FRA,1,Amiens (FRA),23 JUL 1999
2:17.53,Job KINYOR,08 MAY 1990,KEN,2,Dubnica nad Váhom (SVK),22 AUG 2010
2:17.53,Yassine HETHAT,30 AUG 1991,ALG,4,Šamorín (SVK),15 JUN 2019
2:17.55,Joseph Mwengi MUTUA,10 DEC 1978,KEN,2,Rethymno (GRE),07 JUL 2002
2:17.55,Ignacio FONTES,22 JUN 1998,ESP,3,"Estadio Enrique Lopez Cuenca, Nerja (ESP)",12 MAY 2021
2:17.56,Stephen Ole MARAI,11 NOV 1962,KEN,1,Rhede (GER),03 AUG 1990
2:17.56,Homiyu TESFAYE,23 JUN 1993,GER,2f2,Pliezhausen (GER),18 MAY 2014
2:17.57,Agberto Conceiço GUIMARĂES,18 AUG 1957,BRA,4,"Eugene, OR (USA)",21 JUL 1984
2:17.57,David KRUMMENACKER,24 MAY 1975,USA,3,"New York, NY (USA)",11 JUN 2005
2:17.57,Richard KIPLAGAT,03 MAY 1984,KEN,6,"International Stadium, Gateshead (GBR)",31 AUG 2008
2:17.58,Alexandre GONZALEZ,16 MAR 1951,FRA,4,Nice (FRA),23 AUG 1981
2:17.58,Steve CRAM,14 OCT 1960,GBR,2,Edinburgh (GBR),17 JUL 1984
2:17.58,David MATTHEWS,09 APR 1974,IRL,4,Sarajevo (BIH),09 SEP 1996
2:17.58,Bryan WOODWARD,03 MAR 1974,USA,2,Hamburg (GER),29 JUL 1999
2:17.58,Arthémon HATUNGIMANA,21 JAN 1974,BDI,8,Nice (FRA),09 JUL 2001
2:17.59,Japheth KIMUTAI,20 DEC 1978,KEN,2,København (DEN),23 AUG 1995
2:17.59,Kevin SULLIVAN,20 MAR 1974,CAN,3,Athina (GRE),28 JUN 2000
2:17.59,William YIAMPOY,17 MAY 1974,KEN,3,Rethymno (GRE),07 JUL 2002
2:17.6h,Paul-Heinz WELLMANN,31 MAR 1952,FRG,2,München (GER),24 JUN 1973
2:17.6h,Dominique BOUCHARD,04 FEB 1963,FRA,1,St-Maur (FRA),08 JUL 1987
2:17.60,Alfred Kirwa YEGO,28 NOV 1986,KEN,4,"Hayward Field, Eugene, OR (USA)",03 JUL 2010
2:17.60,Timothy SEIN,01 FEB 1988,KEN,11,Linz (AUT),20 AUG 2012
2:17.60,Josh KERR,08 OCT 1997,GBR,1,"McKenzie High School Track, Finn Rock, Oregon (USA)",17 JUL 2020
2:17.61,Ahmed KRAMA,14 FEB 1973,ALG,4,London (GBR),11 AUG 1996
2:17.62,Hauke FUHLBRÜGGE,21 MAR 1966,GDR,5,Edinburgh (GBR),06 JUL 1990
2:17.62,Timothy KITUM,20 NOV 1994,KEN,3,"Mestský Stadion, Ostrava (CZE)",26 MAY 2015
2:17.63,Daniel OMWANZA,05 MAY 1948,KEN,1,London (GBR),11 JUN 1975
2:17.63,Thomas LANCASHIRE,02 JUL 1985,GBR,6,Stockholm (SWE),31 JUL 2009
2:17.63,Jeffrey RISELEY,11 NOV 1986,AUS,2,Dubnica nad Váhom (SVK),26 AUG 2012
2:17.64,Olaf BEYER,04 AUG 1957,GDR,1,Potsdam (GDR),28 AUG 1982
2:17.64,Wilfred Oanda KIROCHI,12 DEC 1969,KEN,2,Parma (ITA),22 JUN 1991
2:17.64,Marius VAN HEERDEN,08 SEP 1974,RSA,1,Stellenbosch (RSA),01 MAR 1996
2:17.65,Peter ELLIOTT,09 OCT 1962,GBR,2,London (GBR),15 JUL 1983
2:17.65,Christian SMITH,31 OCT 1983,USA,7,Stockholm (SWE),31 JUL 2009
2:17.66,Vladimir GRAUDYN,26 AUG 1963,URS,2,Budapest (HUN),11 AUG 1986
2:17.66,Hamada MOHAMED,22 OCT 1992,EGY,1f1,Göteborg (SWE),15 JUL 2016
2:17.67,James MAYS,15 AUG 1959,USA,3,Edinburgh (GBR),17 JUL 1984
2:17.67,Michael HILLARDT,22 JAN 1961,AUS,1,Melbourne (AUS),14 JAN 1988
2:17.67,Johan ROGESTEDT,27 JAN 1993,SWE,2f1,Göteborg (SWE),15 JUL 2016
2:17.68,Passmore FURUSA,28 DEC 1970,ZIM,2,Lindau (GER),28 JUL 1995
2:17.68,Mehdi BAALA,17 AUG 1978,FRA,1,Nancy (FRA),12 SEP 1999
2:17.69,Philippe DUPONT,31 MAY 1958,FRA,4,Nice (FRA),16 JUL 1985
2:17.69,Kevin MCKAY,09 FEB 1969,GBR,4,"Crystal Palace, London (GBR)",14 JUL 1989
2:17.69,Ryan GREGSON,26 APR 1990,AUS,3,Dubnica nad Váhom (SVK),22 AUG 2010
2:17.7h,Juris LUZINS,22 JUN 1947,USA,1,Verona (ITA),21 JUL 1971
2:17.7h,Rolf GYSIN,29 JAN 1952,SUI,2,Stuttgart (GER),26 AUG 1975
2:17.7h,John WALKER,12 JAN 1952,NZL,1,Edinburgh (GBR),25 AUG 1977
2:17.7h,Jozef PLACHÝ,28 FEB 1949,TCH,4,Wattenscheid (GER),23 SEP 1977
2:17.71,Pascal THIÉBAUT,06 JUN 1959,FRA,1,Anneville (FRA),15 JUN 1985
2:17.72,Andreas BARANSKI,10 MAR 1960,FRG,4,Köln (GER),22 AUG 1982
2:17.72,José Luis BARBOSA,27 MAY 1961,BRA,3,Stockholm (SWE),30 JUN 1987
2:17.73,André BUCHER,19 OCT 1976,SUI,1,Willisau (SUI),13 MAY 2000
2:17.73,Japheth KIMUTAI,20 DEC 1978,KEN,1,Sydney (AUS),14 SEP 2000
2:17.73,Michael ROTICH,14 JUL 1978,KEN,3,Rethymno (GRE),06 JUL 2003
2:17.73,Mehdi BAALA,17 AUG 1978,FRA,1,"Stade Raymond Petit, Tomblaine (FRA)",18 SEP 2007
2:17.74,David LELEI,10 MAY 1971,KEN,9,Nice (FRA),09 JUL 2001
2:17.75,Steve CRABB,30 NOV 1963,GBR,1,Oslo (NOR),05 AUG 1987
2:17.75,Abdi BILE,28 DEC 1962,SOM,1,London (GBR),08 JUL 1988
2:17.76,Joaquim CRUZ,12 MAR 1963,BRA,1,"San Diego, CA (USA)",25 JUN 1988
2:17.76,Jozef REPČÍK,03 AUG 1986,SVK,9,"Mestský Stadion, Ostrava (CZE)",17 JUN 2014
2:17.78,Rob HARRISON,05 JUN 1959,GBR,3,London (GBR),15 JUL 1983
2:17.78,Andrés VERA,31 DEC 1960,ESP,5,Nice (FRA),16 JUL 1985
2:17.78,Anthony MORRELL,03 MAY 1962,GBR,4,Stockholm (SWE),30 JUN 1987
2:17.78,Laban ROTICH,20 JAN 1969,KEN,7,Stockholm (SWE),30 JUL 1999
2:17.79,David SHARPE,08 JUL 1967,GBR,1,Belfast (GBR),31 AUG 1992
2:17.79,Robert KIBET,15 DEC 1965,KEN,8,Nice (FRA),16 JUL 1997
2:17.79,Seneca LASSITER,12 MAR 1977,USA,10,Nice (FRA),09 JUL 2001
2:17.8h,Dan WAERN,17 JAN 1933,SWE,1,Karlstad (SWE),21 AUG 1959
2:17.8h,Rod DIXON,13 JUL 1950,NZL,2,Milano (ITA),02 JUL 1975
2:17.80,Steve CRAM,14 OCT 1960,GBR,2,London (GBR),08 JUL 1988
2:17.80,Bernard KISILU,06 DEC 1974,KEN,9,Nice (FRA),16 JUL 1997
2:17.80,Mehdi BAALA,17 AUG 1978,FRA,3,Strasbourg (FRA),19 JUN 2001
2:17.81,Paweł CZAPIEWSKI,30 MAR 1978,POL,1,Kraków (POL),27 AUG 2005
2:17.81,Peter VAN DER WESTHUIZEN,21 DEC 1984,RSA,8,Stockholm (SWE),31 JUL 2009
2:17.82,Joseph TENGELEI,08 DEC 1972,KEN,3,Villeneuve d'Ascq (FRA),29 JUN 1997
2:17.82,Jakub HOLUŠA,20 FEB 1988,CZE,4,Dubnica nad Váhom (SVK),22 AUG 2010
2:17.84,Maurice SMITH,20 NOV 1962,USA,3,Belfast (GBR),27 JUN 1985
2:17.84,Maurice SMITH,20 NOV 1962,USA,3,Belfast (GBR),27 JUN 1988
2:17.84,Duane SOLOMON,28 DEC 1984,USA,5,"Hayward Field, Eugene, OR (USA)",03 JUL 2010
2:17.85,Joaquim CRUZ,12 MAR 1963,BRA,1,Viareggio (ITA),03 AUG 1988
2:17.85,Samwel MWERA,03 JUN 1985,TAN,1,Oristano (ITA),06 SEP 2003
2:17.87,Enda FITZPATRICK,28 APR 1965,IRL,3,Budapest (HUN),11 AUG 1986
2:17.87,Nathan BRANNEN,08 SEP 1982,CAN,9,Stockholm (SWE),31 JUL 2009
2:17.88,Eugenio BARRIOS,03 NOV 1976,ESP,1,Andújar (ESP),07 SEP 2006
2:17.88,Johan ROGESTEDT,27 JAN 1993,SWE,9,"Stade Olympique de la Pontaise, Lausanne (SUI)",25 AUG 2016
2:17.89,James ROBINSON,27 AUG 1954,USA,5,Koblenz (GER),06 SEP 1979
2:17.89,Hauke FUHLBRÜGGE,21 MAR 1966,GDR,1,Berlin (GER),13 SEP 1988
2:17.89,Geoffrey Kipkoech RONO,21 APR 1987,KEN,5,"Mestský Stadion, Ostrava (CZE)",31 MAY 2011
2:17.9h,Mark WINZENRIED,13 OCT 1949,USA,1,Århus (DEN),25 JUN 1973
2:17.9h,Gerhard STOLLE,11 NOV 1952,GDR,1,Potsdam (GDR),28 AUG 1974
2:17.9h,Milovan SAVIĆ,16 JUN 1953,YUG,2,Karlstad (SWE),10 AUG 1977
2:17.90,Faouzi LAHBI,02 MAR 1958,MAR,5,Köln (GER),22 AUG 1982
2:17.90,Peter ELLIOTT,09 OCT 1962,GBR,3,London (GBR),08 JUL 1988
2:17.91,Tyler MULDER,15 FEB 1987,USA,6,"Hayward Field, Eugene, OR (USA)",03 JUL 2010
2:17.91,Amine EL MANAOUI,20 NOV 1991,MAR,4,"Stade Raymond Petit, Tomblaine (FRA)",27 JUN 2014
2:17.92,René ALBRECHT,,SUI,1,Arbon (SUI),18 AUG 1999
2:17.92,Abderrahmane ANOU,29 JAN 1991,ALG,4,"Stade Raymond Petit, Tomblaine (FRA)",01 JUL 2015
2:17.93,Jürgen GROTHE,14 APR 1960,FRG,6,Köln (GER),22 AUG 1982
2:17.93,Paul ROBINSON,24 MAY 1991,IRL,10,"Mestský Stadion, Ostrava (CZE)",17 JUN 2014
2:17.95,Mark SCRUTTON,14 APR 1960,GBR,4,Edinburgh (GBR),17 JUL 1984
2:17.95,Ibrahim OKASH,18 SEP 1964,SOM,4,Belfast (GBR),27 JUN 1988
2:17.96,Ikem BILLY,25 JAN 1964,GBR,5,"Crystal Palace, London (GBR)",14 JUL 1989
2:17.96,Timothy KITUM,20 NOV 1994,KEN,3,Dubnica nad Váhom (SVK),26 AUG 2012
2:17.97,Jean-Patrick NDUWIMANA,09 MAR 1978,BDI,8,Stockholm (SWE),30 JUL 1999
2:17.97,Andrea LONGO,26 JUN 1975,ITA,6,Nice (FRA),08 JUL 2000
2:17.98,Pat SCAMMELL,15 APR 1961,AUS,2,London (GBR),22 AUG 1987
2:17.98,Réda ABDENOUZ,25 SEP 1968,ALG,6,Villeneuve d'Ascq (FRA),02 JUL 1993
2:17.98,Reuben BETT,06 NOV 1984,KEN,7,"Boudewijnstadion, Bruxelles (BEL)",05 SEP 2014
2:17.99,Rich KENAH,04 AUG 1970,USA,4,Athina (GRE),28 JUN 2000
2:18.0h,John WALKER,12 JAN 1952,NZL,1,Berlin (GER),21 AUG 1974
2:18.0h,Mike BOIT,06 JAN 1949,KEN,2,Edinburgh (GBR),25 AUG 1977
2:18.0h,Francis GONZALEZ,06 FEB 1952,FRA,4,Nice (FRA),20 AUG 1978
2:18.0h,Ryszard OSTROWSKI,06 FEB 1961,POL,1,Poznan (POL),12 MAY 1984
2:18.00,Aléxis ABRAHAM,14 FEB 1976,FRA,4,Strasbourg (FRA),19 JUN 2001
