Mark,Competitor,DOB,Nat,Pos,Venue,Date
26:24,Rhonex KIPRUTO,12 OCT 1999,KEN,1,Valencia (ESP),12 JAN 2020
26:33,Berihu AREGAWI,28 FEB 2001,ETH,1,Laredo (ESP),11 MAR 2023
26:38,Joshua CHEPTEGEI,12 SEP 1996,UGA,1,Valencia (ESP),01 DEC 2019
26:43,Rhonex KIPRUTO,12 OCT 1999,KEN,1,Herzogenaurach (GER),12 SEP 2021
26:44,Leonard Patrick KOMON,10 JAN 1988,KEN,1,Utrecht (NED),26 SEP 2010
26:46,Rhonex KIPRUTO,12 OCT 1999,KEN,1,Praha (CZE),08 SEP 2018
26:49,Joshua CHEPTEGEI,12 SEP 1996,UGA,1,Cannes (FRA),06 MAR 2022
26:49,Sabastian Kimaru SAWE,16 MAR 1995,KEN,1,"Adi-Dassler-Straße 1, Herzogenaurach (GER)",29 APR 2023
26:50,Kibiwott KANDIE,20 JUN 1996,KEN,1,Herzogenaurach (GER),30 APR 2022
26:51,Kibiwott KANDIE,20 JUN 1996,KEN,1,Genève (SUI),03 OCT 2021
26:51,Nicholas KIPKORIR,29 SEP 1998,KEN,1,Brasov (ROU),25 SEP 2022
26:53,Kibiwott KANDIE,20 JUN 1996,KEN,2,"Adi-Dassler-Straße 1, Herzogenaurach (GER)",29 APR 2023
26:54,Sabastian Kimaru SAWE,16 MAR 1995,KEN,2,Herzogenaurach (GER),30 APR 2022
26:54,Nicholas KIPKORIR,29 SEP 1998,KEN,3,"Adi-Dassler-Straße 1, Herzogenaurach (GER)",29 APR 2023
26:55,Weldon LANGAT,24 FEB 1998,KEN,2,Brasov (ROU),25 SEP 2022
26:55,Isaac Kibet NDIEMA,05 FEB 1999,KEN,3,Brasov (ROU),25 SEP 2022
26:55,Weldon LANGAT,24 FEB 1998,KEN,1,Valencia (ESP),15 JAN 2023
26:56,Tadese WORKU,20 JAN 2002,ETH,2,Herzogenaurach (GER),12 SEP 2021
26:56,Rodrigue KWIZERA,10 OCT 1999,BDI,3,Herzogenaurach (GER),30 APR 2022
26:57,Felix KIPKOECH,01 FEB 1998,KEN,2,Genève (SUI),03 OCT 2021
26:57,Charles Kipkurui LANGAT,28 APR 1996,KEN,2,Valencia (ESP),15 JAN 2023
26:58,Daniel Simiu EBENYO,18 SEP 1995,KEN,1,Valencia (ESP),09 JAN 2022
26:58,Rhonex KIPRUTO,12 OCT 1999,KEN,4,Herzogenaurach (GER),30 APR 2022
26:59,Tadese WORKU,20 JAN 2002,ETH,5,Herzogenaurach (GER),30 APR 2022
27:00,Yasin HAJI,22 JAN 1996,ETH,1,Lille (FRA),20 MAR 2022
27:00,Yasin HAJI,22 JAN 1996,ETH,6,Herzogenaurach (GER),30 APR 2022
27:01,Micah Kemboi KOGO,30 JUN 1986,KEN,1,Brunssum (NED),29 MAR 2009
27:01,Daniel KOSEN,10 MAY 2003,KEN,3,Valencia (ESP),15 JAN 2023
27:02,Haile GEBRSELASSIE,18 APR 1973,ETH,1,Doha (QAT),13 DEC 2002
27:02,Geoffrey KOECH,28 AUG 1993,KEN,1,Praha (CZE),07 SEP 2019
27:04,Josphat Kiprono MENJO,20 AUG 1979,KEN,1,Barcelona (ESP),18 APR 2010
27:04,Rodrigue KWIZERA,10 OCT 1999,BDI,4,Valencia (ESP),15 JAN 2023
27:04,Jacob KROP,04 JUN 2001,KEN,5,Valencia (ESP),15 JAN 2023
27:07,Micah Kemboi KOGO,30 JUN 1986,KEN,1,Brunssum (NED),01 APR 2007
27:07,Mathew KIMELI,01 APR 1998,KEN,2,Praha (CZE),07 SEP 2019
27:07,Rogers KIBET,26 MAR 2003,UGA,6,Valencia (ESP),15 JAN 2023
27:08,Rhonex KIPRUTO,12 OCT 1999,KEN,1,"New York, NY (USA)",29 APR 2018
27:09,Peter KAMAIS,07 NOV 1976,KEN,1,Tilburg (NED),06 SEP 2009
27:09,Kennedy KIMUTAI,03 JUN 1999,KEN,3,Herzogenaurach (GER),12 SEP 2021
27:09,Domnic Lokinyomo LOBALU,16 AUG 1998,SSD,7,Valencia (ESP),15 JAN 2023
27:09,Rhonex KIPRUTO,12 OCT 1999,KEN,4,"Adi-Dassler-Straße 1, Herzogenaurach (GER)",29 APR 2023
27:10,Leonard Patrick KOMON,10 JAN 1988,KEN,1,Utrecht (NED),27 SEP 2009
27:10,Benard KIMELI,10 SEP 1995,KEN,1,Praha (CZE),09 SEP 2017
27:10,Chimdessa DEBELE,13 SEP 2003,ETH,2,Valencia (ESP),09 JAN 2022
27:11,Sammy KIPKETER,29 SEP 1981,KEN,1,"New Orleans, LA (USA)",30 MAR 2002
27:11,Sammy KITWARA,26 NOV 1986,KEN,2,Utrecht (NED),26 SEP 2010
27:11,Mathew KIMELI,01 APR 1998,KEN,2,Praha (CZE),09 SEP 2017
27:11,Amos BETT,1986,KEN,1,Lille (FRA),01 OCT 2022
27:12,Leonard Patrick KOMON,10 JAN 1988,KEN,1,Berlin (GER),10 OCT 2010
27:12,Bravin Kipkogei KIPTOO,26 FEB 2001,KEN,3,Praha (CZE),07 SEP 2019
27:12,Daniel Simiu EBENYO,18 SEP 1995,KEN,1,Houilles (FRA),29 DEC 2019
27:12,Benard KIMELI,10 SEP 1995,KEN,2,Valencia (ESP),12 JAN 2020
27:12,Gemechu DIDA,12 SEP 1999,ETH,1,Lille (FRA),19 MAR 2023
27:13,Rhonex KIPRUTO,12 OCT 1999,KEN,3,Praha (CZE),09 SEP 2017
27:13,Stephen KISSA,01 DEC 1988,UGA,1,Laredo (ESP),17 MAR 2019
27:13,Julien WANDERS,18 MAR 1996,SUI,3,Valencia (ESP),12 JAN 2020
27:13,Boniface KIBIWOTT,1993,KEN,3,Genève (SUI),03 OCT 2021
27:13,Emmanuel KIPROP,21 AUG 1999,KEN,2,Lille (FRA),19 MAR 2023
27:14,Chimdessa DEBELE,13 SEP 2003,ETH,1,Lille (FRA),06 NOV 2021
27:14,Tsegay KIDANU,28 DEC 2001,ETH,1,Málaga (ESP),24 APR 2022
27:14,Levy KIBET,15 OCT 2003,KEN,5,"Adi-Dassler-Straße 1, Herzogenaurach (GER)",29 APR 2023
27:14,Hosea KIPLANGAT,01 MAR 2000,UGA,6,"Adi-Dassler-Straße 1, Herzogenaurach (GER)",29 APR 2023
27:15,Micah Kemboi KOGO,30 JUN 1986,KEN,1,Brunssum (NED),03 APR 2011
27:15,Leonard Patrick KOMON,10 JAN 1988,KEN,1,Berlin (GER),09 OCT 2011
27:15,Laban KIPLIMO,,KEN,8,Valencia (ESP),15 JAN 2023
27:16,Joshua CHEPTEGEI,12 SEP 1996,UGA,1,Durban (RSA),14 OCT 2018
27:16,Ronald KWEMOI,19 SEP 1995,KEN,1,Castellón (ESP),27 FEB 2022
27:16,Gemechu DIDA,12 SEP 1999,ETH,7,"Adi-Dassler-Straße 1, Herzogenaurach (GER)",29 APR 2023
27:18,Sammy KIPKETER,29 SEP 1981,KEN,1,Brunssum (NED),08 APR 2001
27:18,Benard KIMELI,10 SEP 1995,KEN,1,Paderborn (GER),15 APR 2017
27:18,Geoffrey KOECH,28 AUG 1993,KEN,2,Praha (CZE),08 SEP 2018
27:18,Daniel Simiu EBENYO,18 SEP 1995,KEN,1f1,Berlin (GER),26 SEP 2020
27:18,Samwel MASAI,20 MAR 2001,KEN,2,Castellón (ESP),27 FEB 2022
27:18,Benson KIPLANGAT,17 JUN 2003,KEN,1,Ibiza (ESP),29 JAN 2023
27:18,Stanley Waithaka MBURU,09 APR 2000,KEN,3,Lille (FRA),19 MAR 2023
27:19,Moses Ndiema MASAI,01 JUN 1986,KEN,1,San Juan (PUR),28 FEB 2010
27:19,Geoffrey MUTAI,07 OCT 1981,KEN,1,"Boston, MA (USA)",26 JUN 2011
27:19,Mathew KIMELI,01 APR 1998,KEN,2,"New York, NY (USA)",29 APR 2018
27:19,Gemechu DIDA,12 SEP 1999,ETH,7,Herzogenaurach (GER),30 APR 2022
27:19,Daniel KOSEN,10 MAY 2003,KEN,4,Brasov (ROU),25 SEP 2022
27:20,Tadese TAKELE,03 AUG 2002,ETH,2,Lille (FRA),01 OCT 2022
27:20,Kiprono SITONIK,01 NOV 2001,KEN,4,Lille (FRA),19 MAR 2023
27:20,Yasin HAJI,22 JAN 1996,ETH,8,"Adi-Dassler-Straße 1, Herzogenaurach (GER)",29 APR 2023
27:21,Micah Kemboi KOGO,30 JUN 1986,KEN,1,Manchester (GBR),20 MAY 2007
27:21,Vincent Kiprotich KIBET,19 MAR 1999,KEN,1,Berlin (GER),14 OCT 2018
27:21,Shadrack Kipngetich KOECH,05 SEP 1997,KEN,4,Praha (CZE),07 SEP 2019
27:21,Tadese TAKELE,03 AUG 2002,ETH,3,Castellón (ESP),27 FEB 2022
27:21,Weldon LANGAT,24 FEB 1998,KEN,8,Herzogenaurach (GER),30 APR 2022
27:22,Moses Ndiema MASAI,01 JUN 1986,KEN,1,Brunssum (NED),06 APR 2008
27:22,Martin Irungu MATHATHI,25 DEC 1985,KEN,1,Brunssum (NED),28 MAR 2010
27:22,Nicholas KIPKORIR,29 SEP 1998,KEN,4,Herzogenaurach (GER),12 SEP 2021
27:23,Chala REGASA,30 APR 1997,ETH,1,Valencia (ESP),13 JAN 2019
27:23,Keneth Kiprop RENJU,01 JUL 1996,KEN,2,Lille (FRA),06 NOV 2021
27:23,Jacob KROP,04 JUN 2001,KEN,3,Valencia (ESP),09 JAN 2022
27:23,Chimdessa DEBELE,13 SEP 2003,ETH,1,Laredo (ESP),19 MAR 2022
27:23,Boniface KIBIWOTT,1993,KEN,2,Málaga (ESP),24 APR 2022
27:23,Philemon KIPLIMO,10 OCT 1998,KEN,9,Herzogenaurach (GER),30 APR 2022
27:23,Hillary KIPKOECH,20 DEC 1998,KEN,1,Castellón (ESP),26 FEB 2023
27:24,Deriba Merga EJIGU,26 OCT 1980,ETH,1,Ottawa (CAN),23 MAY 2009
27:24,William SIGEI,11 OCT 1969,KEN,1,"New Orleans, LA (USA)",16 APR 1994
27:24,Zersenay TADESE,01 JAN 1982,ERI,2,Manchester (GBR),20 MAY 2007
27:24,Davis KIPLANGAT,10 JUL 1998,KEN,1,Utrecht (NED),07 OCT 2018
27:24,Stephen KISSA,01 DEC 1988,UGA,2,Valencia (ESP),13 JAN 2019
27:24,Bayelign TESHAGER,09 FEB 2000,ETH,5,Herzogenaurach (GER),12 SEP 2021
27:24,Weldon LANGAT,24 FEB 1998,KEN,1,Laredo (ESP),16 OCT 2021
27:24,Hicham AMGHAR,15 MAY 1994,MAR,1,Praha (CZE),03 SEP 2022
27:24,Emmanuel KIPROP,21 AUG 1999,KEN,3,Lille (FRA),01 OCT 2022
27:25,Haile GEBRSELASSIE,18 APR 1973,ETH,1,Manchester (GBR),22 MAY 2005
27:25,Kaan Kigen ÖZBILEN,15 JAN 1986,KEN,2,Berlin (GER),10 OCT 2010
27:25,Stephen SAMBU,07 JUL 1988,KEN,1,"Boston, MA (USA)",22 JUN 2014
27:25,Julien WANDERS,18 MAR 1996,SUI,1,Houilles (FRA),30 DEC 2018
27:25,Adeledelew MAMO,1999,ETH,3,Lille (FRA),06 NOV 2021
27:25,Tadese WORKU,20 JAN 2002,ETH,2,Praha (CZE),03 SEP 2022
27:26,Abraham CHEBII,23 DEC 1979,KEN,1,"Mobile, AL (USA)",24 MAR 2001
27:26,Sammy KITWARA,26 NOV 1986,KEN,1,San Juan (PUR),01 MAR 2009
27:26,Kaan Kigen ÖZBILEN,15 JAN 1986,KEN,2,Brunssum (NED),03 APR 2011
27:26,Emmanuel KIPRONO,13 JUN 1993,KEN,1,Paderborn (GER),31 MAR 2018
27:26,Mathew KIMELI,01 APR 1998,KEN,3,Praha (CZE),08 SEP 2018
27:26,Vedic KIPKOECH,05 MAR 1996,KEN,3,Valencia (ESP),13 JAN 2019
27:26,Nibret MELAK,09 OCT 1999,ETH,2,Laredo (ESP),17 MAR 2019
27:26,Patrick MOSIN,06 JUN 2000,KEN,2,Castellón (ESP),26 FEB 2023
27:26,David KIMAIYO,,KEN,3,Castellón (ESP),26 FEB 2023
27:26,Tadese WORKU,20 JAN 2002,ETH,9,"Adi-Dassler-Straße 1, Herzogenaurach (GER)",29 APR 2023
27:27,Simon RONO,09 APR 1972,KEN,1,"New Orleans, LA (USA)",11 APR 1998
27:27,Collins KOROS,27 DEC 1990,KEN,6,Herzogenaurach (GER),12 SEP 2021
27:27,Rhonex KIPRUTO,12 OCT 1999,KEN,1,"Atlanta, GA (USA)",04 JUL 2022
27:27,Patrick MOSIN,06 JUN 2000,KEN,3,Praha (CZE),03 SEP 2022
27:27,Hillary KIPKOECH,20 DEC 1998,KEN,2,Ibiza (ESP),29 JAN 2023
27:28,Abdellah FALIL,1976,MAR,1,Serris (FRA),10 JUN 2007
27:28,Silas KIPRUTO,26 SEP 1984,KEN,1,Marseille (FRA),01 MAY 2008
27:28,Philip Kiprono LANGAT,23 APR 1990,KEN,1,Utrecht (NED),25 SEP 2011
27:28,Geoffrey RONOH,29 NOV 1982,KEN,1,Praha (CZE),06 SEP 2014
27:28,Zane ROBERTSON,14 NOV 1989,NZL,1,Berlin (GER),09 OCT 2016
27:28,Jake ROBERTSON,14 NOV 1989,NZL,1,"New Orleans, LA (USA)",01 APR 2018
27:29,John NGUGI,10 MAY 1962,KEN,1,Bali (INA),02 APR 1988
27:29,Peter KAMAIS,07 NOV 1976,KEN,1,Barcelona (ESP),09 APR 2006
27:29,Micah Kemboi KOGO,30 JUN 1986,KEN,2,Brunssum (NED),06 APR 2008
27:29,Micah Kemboi KOGO,30 JUN 1986,KEN,1,Laredo (ESP),20 MAR 2010
27:29,Geoffrey MUTAI,07 OCT 1981,KEN,1,"Boston, MA (USA)",24 JUN 2012
27:29,Joshua CHEPTEGEI,12 SEP 1996,UGA,1,Durban (RSA),08 OCT 2017
27:29,Benard KIMELI,10 SEP 1995,KEN,5,Praha (CZE),07 SEP 2019
27:29,Geoffrey KOECH,28 AUG 1993,KEN,10,Herzogenaurach (GER),30 APR 2022
27:29,Isaac KIPKEMBOI,10 FEB 2000,KEN,4,Praha (CZE),03 SEP 2022
27:29,Telahun Haile BEKELE,13 MAY 1999,ETH,1,Houilles (FRA),18 DEC 2022
27:29,Cosmas MWANGI,12 MAR 2003,KEN,3,Ibiza (ESP),29 JAN 2023
27:29,Chimdessa DEBELE,13 SEP 2003,ETH,10,"Adi-Dassler-Straße 1, Herzogenaurach (GER)",29 APR 2023
27:29,Kelvin KIBIWOTT,02 JUN 2000,KEN,11,"Adi-Dassler-Straße 1, Herzogenaurach (GER)",29 APR 2023
27:30,Tom NYARIKI,27 SEP 1971,KEN,2,"Mobile, AL (USA)",24 MAR 2001
27:30,Adugna TAKELE,26 FEB 1989,ETH,1,Taroudant (MAR),10 MAR 2013
27:30,Stephen SAMBU,07 JUL 1988,KEN,1,Manchester (GBR),10 MAY 2015
27:30,Jacob KROP,04 JUN 2001,KEN,4,Valencia (ESP),12 JAN 2020
27:30,Vincent Kiprotich KIBET,19 MAR 1999,KEN,2,Houilles (FRA),18 DEC 2022
27:30,Peter MARU,03 APR 2003,UGA,5,Lille (FRA),19 MAR 2023
27:31,Paul KIPKOECH,06 JAN 1963,KEN,2,Bali (INA),02 APR 1988
27:31,Worku BIKILA,06 MAY 1968,ETH,1,Brunssum (NED),05 APR 1998
27:31,Paul KOECH,25 JUN 1969,KEN,2,Brunssum (NED),05 APR 1998
27:31,Tom NYARIKI,27 SEP 1971,KEN,2,"New Orleans, LA (USA)",11 APR 1998
27:31,Ahmad Hassan ABDULLAH,04 APR 1981,KEN,1,La Courneuve (FRA),01 APR 2001
27:31,Silas KIPRUTO,26 SEP 1984,KEN,1,Marseille (FRA),01 MAY 2010
27:31,Jacob KIPLIMO,14 NOV 2000,UGA,1,Manchester (GBR),19 MAY 2019
27:31,Patrick MOSIN,06 JUN 2000,KEN,3,Málaga (ESP),24 APR 2022
27:32,Josphat Kiprono MENJO,20 AUG 1979,KEN,1,Barcelona (ESP),05 APR 2009
27:32,Titus Kipjumba MBISHEI,28 OCT 1990,KEN,1,Marseille (FRA),01 MAY 2011
27:32,Geoffrey MUTAI,07 OCT 1981,KEN,2,Praha (CZE),06 SEP 2014
27:32,Mathew KIMELI,01 APR 1998,KEN,1,Berlin (GER),08 OCT 2017
27:32,Julien WANDERS,18 MAR 1996,SUI,2,Durban (RSA),14 OCT 2018
27:32,Shadrack Kipngetich KOECH,05 SEP 1997,KEN,5,Valencia (ESP),12 JAN 2020
27:32,Domnic Lokinyomo LOBALU,16 AUG 1998,SSD,3,Houilles (FRA),18 DEC 2022
27:32,Richard YATOR,04 JUN 1998,KEN,9,Valencia (ESP),15 JAN 2023
27:32,Amanal PETROS,17 MAY 1995,GER,4,Castellón (ESP),26 FEB 2023
27:32,Samwel MASAI,20 MAR 2001,KEN,5,Castellón (ESP),26 FEB 2023
27:33,Joseph EBUYA,20 JUN 1987,KEN,3,Brunssum (NED),06 APR 2008
27:33,Leonard Patrick KOMON,10 JAN 1988,KEN,1,Würzburg (GER),17 APR 2011
27:33,Isiah Kiplangat KOECH,19 DEC 1993,KEN,1,"New Orleans, LA (USA)",30 MAR 2013
27:33,Mustapha EL AZIZ,24 DEC 1985,MAR,1,Marrakesh (MAR),16 OCT 2016
27:33,Alfred BARKACH,02 MAR 1997,KEN,2,Berlin (GER),08 OCT 2017
27:33,Vedic KIPKOECH,05 MAR 1996,KEN,6,Praha (CZE),07 SEP 2019
27:33,Laban KIPLIMO,,KEN,5,Praha (CZE),03 SEP 2022
27:33,Jimmy GRESSIER,04 MAY 1997,FRA,6,Castellón (ESP),26 FEB 2023
27:34,Paul Malakwen KOSGEI,22 APR 1978,KEN,1,La Courneuve (FRA),31 MAR 2002
27:34,Vincent Kipsegechi YATOR,11 JUL 1989,KEN,2,Utrecht (NED),27 SEP 2009
27:34,Philemon LIMO,02 AUG 1985,KEN,1,Praha (CZE),10 SEP 2011
27:34,Birhanu LEGESE,11 SEP 1994,ETH,2,Taroudant (MAR),10 MAR 2013
27:34,Daniel Simiu EBENYO,18 SEP 1995,KEN,1f1,Cape Town (RSA),15 MAY 2022
27:34,Isaac KIPKEMBOI,10 FEB 2000,KEN,10,Valencia (ESP),15 JAN 2023
27:34,Vincent Kiprotich MUTAI,03 NOV 1994,KEN,7,Castellón (ESP),26 FEB 2023
27:35,Philemon LIMO,02 AUG 1985,KEN,1,Rennes (FRA),10 OCT 2010
27:35,Sammy KITWARA,26 NOV 1986,KEN,1,San Juan (PUR),27 FEB 2011
27:35,Philemon LIMO,02 AUG 1985,KEN,2,Marseille (FRA),01 MAY 2011
27:35,Leonard Patrick KOMON,10 JAN 1988,KEN,1,"New York, NY (USA)",14 MAY 2011
27:35,Daniel Kipchumba CHEBII,25 MAY 1985,KEN,1,Praha (CZE),07 SEP 2013
27:35,Geoffrey MUTAI,07 OCT 1981,KEN,2,"Boston, MA (USA)",22 JUN 2014
27:35,Abraham CHEROBEN,11 OCT 1992,BRN,1,Utrecht (NED),27 SEP 2015
27:35,Vincent Kiprotich KIBET,19 MAR 1999,KEN,1,Würzburg (GER),14 APR 2019
27:35,Abdallah Kibet MANDE,10 MAY 1995,UGA,1,Port Gentil (GAB),30 JUN 2019
27:35,Kiprono SITONIK,01 NOV 2001,KEN,2,Laredo (ESP),19 MAR 2022
27:35,Kibiwott KANDIE,20 JUN 1996,KEN,2,"Atlanta, GA (USA)",04 JUL 2022
27:35,Alexander Mutiso MUNYAO,10 SEP 1996,KEN,6,Praha (CZE),03 SEP 2022
27:35,Dennis Kibet KITIYO,28 NOV 1999,KEN,5,Brasov (ROU),25 SEP 2022
27:36,James Kimutai KOSKEI,23 NOV 1968,KEN,1,Vancouver (CAN),16 APR 2000
27:36,Linus Kipkosgei MAIYO,26 FEB 1983,KEN,1,"Mobile, AL (USA)",23 MAR 2003
27:36,Zersenay TADESE,01 JAN 1982,ERI,1,Manchester (GBR),21 MAY 2006
27:36,Mosinet GEREMEW,12 FEB 1992,ETH,1,Hyderabad (IND),25 NOV 2012
27:36,Kinde ATANAW,15 APR 1993,ETH,2,Praha (CZE),07 SEP 2013
27:36,Berehanu TSEGU,30 SEP 1999,ETH,2,Houilles (FRA),30 DEC 2018
27:36,Geoffrey TOROITICH,2000,KEN,1,Langueux (FRA),25 JUN 2022
27:37,Shem KORORIA,25 SEP 1972,KEN,1,Brunssum (NED),13 APR 1997
27:37,James Kimutai KOSKEI,23 NOV 1968,KEN,1,"New Orleans, LA (USA)",14 APR 2000
27:37,Wilson Kiprotich KEBENEI,20 JUL 1980,KEN,1,Praha (CZE),19 SEP 2004
27:37,Nicholas KIPKEMBOI,05 JUL 1986,KEN,2,Hyderabad (IND),25 NOV 2012
27:37,El Hassan EL ABBASSI,13 APR 1984,MAR,1,Ottawa (CAN),25 MAY 2013
27:37,Geoffrey MUTAI,07 OCT 1981,KEN,1,Appingedam (NED),29 JUN 2013
27:37,Amedework WALELEGN,11 MAR 1999,ETH,1,Laredo (ESP),17 MAR 2018
27:37,Jake ROBERTSON,14 NOV 1989,NZL,1,"Cape Elizabeth, ME (USA)",04 AUG 2018
27:37,Emanuel Giniki GISAMODA,18 MAY 1988,TAN,2,Utrecht (NED),07 OCT 2018
27:37,Vedic KIPKOECH,05 MAR 1996,KEN,3,Laredo (ESP),17 MAR 2019
27:37,Isaac KIPKEMBOI,10 FEB 2000,KEN,1,Durban (RSA),10 JUL 2022
27:37,Geoffrey TOROITICH,2000,KEN,8,Castellón (ESP),26 FEB 2023
27:38,Paul Malakwen KOSGEI,22 APR 1978,KEN,1,Brunssum (NED),09 APR 2000
27:38,Reuben CHERUIYOT,13 MAR 1974,KEN,2,"New Orleans, LA (USA)",14 APR 2000
27:38,Feyisa LILESA,01 FEB 1990,ETH,1,Rovereto (ITA),04 OCT 2008
27:38,Edwin Nyandusi MOKUA,31 DEC 1993,KEN,3,Taroudant (MAR),10 MAR 2013
27:38,Adugna TAKELE,26 FEB 1989,ETH,2,Ottawa (CAN),25 MAY 2013
27:38,Nicholas BOR,1988,KEN,3,Praha (CZE),06 SEP 2014
27:38,Stephen MOKOKA,31 JAN 1985,RSA,2,Manchester (GBR),10 MAY 2015
27:38,Abraham KIPYATICH,10 MAY 1993,KEN,4,Praha (CZE),08 SEP 2018
27:38,Mathew KIMELI,01 APR 1998,KEN,2,Berlin (GER),14 OCT 2018
27:38,Kennedy KIMUTAI,03 JUN 1999,KEN,4,Laredo (ESP),17 MAR 2019
27:38,Jacob KOSGEI,28 FEB 1995,KEN,4,Lille (FRA),06 NOV 2021
27:38,Nicholas KIPKORIR,29 SEP 1998,KEN,1,Bengaluru (IND),15 MAY 2022
27:39,Addis ABEBE,05 SEP 1970,ETH,1,Borobudur (BEL),11 FEB 1990
27:39,Felix LIMO,22 AUG 1980,KEN,1,Swansea (GBR),22 SEP 2002
27:39,Hailu MEKONNEN,04 APR 1980,ETH,2,Doha (QAT),13 DEC 2002
27:39,Haile GEBRSELASSIE,18 APR 1973,ETH,1,Manchester (GBR),17 MAY 2009
27:39,Geoffrey MUTAI,07 OCT 1981,KEN,1,Voorthuizen (NED),15 JUL 2009
27:39,Geoffrey MUTAI,07 OCT 1981,KEN,1,Voorthuizen (NED),14 JUL 2010
27:39,Haile GEBRSELASSIE,18 APR 1973,ETH,1,Manchester (GBR),20 MAY 2012
27:39,Geoffrey MUTAI,07 OCT 1981,KEN,3,Ottawa (CAN),25 MAY 2013
27:39,Wilson Kiprono TOO,14 MAR 1991,KEN,1,Laredo (ESP),22 MAR 2014
27:39,Stephen SAMBU,07 JUL 1988,KEN,1,"New York, NY (USA)",10 MAY 2014
27:39,Betesfa GETAHUN,25 SEP 1998,ETH,4,Valencia (ESP),13 JAN 2019
27:39,Zerei Kbrom MEZNGI,12 JAN 1986,NOR,1,Valencia (ESP),03 OCT 2021
27:40,Addis ABEBE,05 SEP 1970,ETH,1,Jakarta (INA),24 JAN 1993
27:40,James Kimutai KOSKEI,23 NOV 1968,KEN,1,"Charleston, SC (USA)",01 APR 2000
27:40,John Kemboi KIBOWEN,21 APR 1969,KEN,1,Brunssum (NED),06 APR 2003
27:40,Amanuel MESEL,29 DEC 1990,ERI,1,Jaén (ESP),16 JAN 2010
27:40,Abraham KIPYATICH,10 MAY 1993,KEN,1,Praha (CZE),10 SEP 2016
27:40,Benard Kibet LAGAT,15 DEC 1994,KEN,5,Praha (CZE),08 SEP 2018
27:40,Isaac KIPSANG,20 FEB 1999,KEN,3,Utrecht (NED),07 OCT 2018
27:40,Weldon LANGAT,24 FEB 1998,KEN,7,Herzogenaurach (GER),12 SEP 2021
27:40,Cornelius KEMBOI,29 FEB 2000,KEN,11,Herzogenaurach (GER),30 APR 2022
27:40,Jimmy GRESSIER,04 MAY 1997,FRA,11,Valencia (ESP),15 JAN 2023
27:41,Arturo BARRIOS,12 DEC 1963,MEX,1,"Phoenix, AZ (USA)",01 MAR 1986
27:41,Joseph KIMANI,21 SEP 1972,KEN,1,"Mobile, AL (USA)",25 MAR 1995
27:41,Worku BIKILA,06 MAY 1968,ETH,2,Brunssum (NED),13 APR 1997
27:41,Lazarus Oyondi NYAKERAKA,22 NOV 1975,KEN,3,"New Orleans, LA (USA)",14 APR 2000
27:41,Tom NYARIKI,27 SEP 1971,KEN,2,"Mobile, AL (USA)",23 MAR 2003
27:41,Sammie RONGO ALENGUR,1972,KEN,1,Zevenaar (NED),29 AUG 2004
27:41,Fabiano Joseph NAASI,24 DEC 1985,TAN,2,Manchester (GBR),21 MAY 2006
27:41,Boniface KIRUI,27 OCT 1987,KEN,3,Utrecht (NED),27 SEP 2009
27:41,Daniel Lemashon SALEL,11 DEC 1990,KEN,3,"Boston, MA (USA)",22 JUN 2014
27:41,Simon CHEPROT,18 FEB 1990,KEN,4,Praha (CZE),06 SEP 2014
27:41,Lawi KOSGEI,14 JAN 1999,KEN,2,Würzburg (GER),14 APR 2019
27:41,Emmanuel BOR,25 DEC 1993,KEN,1,Shanghai (CHN),20 OCT 2019
27:41,Daniel Simiu EBENYO,18 SEP 1995,KEN,1,Madrid (ESP),31 DEC 2020
27:41,Collins KOROS,27 DEC 1990,KEN,2,Valencia (ESP),03 OCT 2021
27:41,Isaac KIBET,05 MAY 1996,UGA,5,Lille (FRA),06 NOV 2021
27:41,Geoffrey KIPCHUMBA,02 NOV 1992,KEN,4,Málaga (ESP),24 APR 2022
27:41,Michael KIBET,03 SEP 1999,KEN,4,Lille (FRA),01 OCT 2022
27:42,Stanley Kipkosgei SALIL,02 APR 1986,KEN,2,Praha (CZE),19 SEP 2004
27:42,Sammy KITWARA,26 NOV 1986,KEN,2,San Juan (PUR),28 FEB 2010
27:42,Gebregziabher GEBREMARIAM,12 OCT 1984,ETH,1,"New York, NY (USA)",15 MAY 2010
27:42,Philemon LIMO,02 AUG 1985,KEN,1,Rennes (FRA),09 OCT 2011
27:42,Geoffrey MUTAI,07 OCT 1981,KEN,1,Ottawa (CAN),26 MAY 2012
27:42,Julius ARILE,15 JUL 1983,KEN,3,Praha (CZE),07 SEP 2013
27:42,Daniel Kipchumba CHEBII,25 MAY 1985,KEN,1,Praha (CZE),05 SEP 2015
27:42,Bedan KAROKI,21 AUG 1990,KEN,1,San Juan (PUR),28 FEB 2016
27:42,Leonard BARSOTON,21 OCT 1994,KEN,2,San Juan (PUR),28 FEB 2016
27:42,Kennedy KIMUTAI,03 JUN 1999,KEN,7,Praha (CZE),07 SEP 2019
27:42,Morhad AMDOUNI,21 JUN 1988,FRA,1,Barcelona (ESP),31 DEC 2020
27:43,Zakariah BARIE,29 MAY 1953,TAN,1,"Phoenix, AZ (USA)",03 MAR 1984
27:43,Addis ABEBE,05 SEP 1970,ETH,1,Borobudur (BEL),28 APR 1991
27:43,Richard CHELIMO,21 APR 1972,KEN,1,Borobudur (BEL),08 FEB 1992
27:43,Addis ABEBE,05 SEP 1970,ETH,1,Jakarta (INA),10 APR 1994
27:43,Andrew MASAI,13 DEC 1960,KEN,1,Arco (USA),03 SEP 1995
27:43,Joseph KIMANI,21 SEP 1972,KEN,1,"Atlanta, GA (USA)",04 JUL 1997
27:43,Enock MITEI,26 NOV 1980,KEN,2,La Courneuve (FRA),01 APR 2001
27:43,Silas KIPRUTO,26 SEP 1984,KEN,1,Marseille (FRA),01 MAY 2009
27:43,Chesari Kirui JACOB,06 APR 1984,KEN,2,Marseille (FRA),01 MAY 2010
27:43,Daniel Kipchumba CHEBII,25 MAY 1985,KEN,1,Düsseldorf (GER),05 SEP 2010
27:43,Azmero Bekele MOLALIGN,22 JAN 1986,ETH,2,Rennes (FRA),10 OCT 2010
27:43,Daniel KINYUA,25 MAY 1992,KEN,2,Praha (CZE),10 SEP 2016
27:43,Haftu TEKLU,21 JAN 2000,ETH,2,Houilles (FRA),29 DEC 2019
27:43,Jimmy GRESSIER,04 MAY 1997,FRA,3,Houilles (FRA),29 DEC 2019
27:43,Tadese WORKU,20 JAN 2002,ETH,2,Bengaluru (IND),15 MAY 2022
27:43,Jack RAYNER,19 DEC 1995,AUS,1,Burnie (AUS),23 OCT 2022
27:44,Joshua CHELANGA,07 APR 1973,KEN,1,"New Orleans, LA (USA)",17 APR 1999
27:44,Wilson Kiprotich KEBENEI,20 JUL 1980,KEN,1,San Juan (PUR),26 FEB 2006
27:44,Moses KIGEN,22 APR 1973,KEN,1,"New Orleans, LA (USA)",22 MAR 2008
27:44,Sammy KITWARA,26 NOV 1986,KEN,1,Utrecht (NED),28 SEP 2008
27:44,Wilson Kipsang KIPROTICH,15 MAR 1982,KEN,1,Appingedam (NED),27 JUN 2009
27:44,Geoffrey MUTAI,07 OCT 1981,KEN,3,San Juan (PUR),28 FEB 2010
27:44,Mo FARAH,23 MAR 1983,GBR,1,London (GBR),31 MAY 2010
27:44,Zersenay TADESE,01 JAN 1982,ERI,1,Luanda (ANG),31 DEC 2011
27:44,Leonard Patrick KOMON,10 JAN 1988,KEN,1,"New Orleans, LA (USA)",19 APR 2014
27:44,Geoffrey KAMWOROR,22 NOV 1992,KEN,1,Bengaluru (IND),18 MAY 2014
27:44,Geoffrey KOECH,28 AUG 1993,KEN,1,Oelde (GER),10 JUN 2018
27:44,Simon CHEPROT,18 FEB 1990,KEN,2,Oelde (GER),10 JUN 2018
27:44,Peter KWEMOI,11 AUG 1993,KEN,6,Praha (CZE),08 SEP 2018
27:44,Albert ROP,17 JUL 1992,BRN,4,Utrecht (NED),07 OCT 2018
27:44,Benard Kipkorir NGENO,10 AUG 1996,KEN,2,Port Gentil (GAB),30 JUN 2019
27:44,Boniface KIBIWOTT,1993,KEN,4,Valencia (ESP),09 JAN 2022
27:44,Emile CAIRESS,27 DEC 1997,GBR,5,Valencia (ESP),09 JAN 2022
27:44,Shadrack KIPCHIRCHIR,25 APR 2001,KEN,6,Brasov (ROU),25 SEP 2022
27:44,Kiprono SITONIK,01 NOV 2001,KEN,4,Ibiza (ESP),29 JAN 2023
27:45,William SIGEI,11 OCT 1969,KEN,1,"Mobile, AL (USA)",28 MAR 1992
27:45,Philemon HANNECK,12 MAY 1971,ZIM,1,"New Orleans, LA (USA)",20 MAR 1993
27:45,Philemon HANNECK,12 MAY 1971,ZIM,2,"New Orleans, LA (USA)",16 APR 1994
27:45,Tom NYARIKI,27 SEP 1971,KEN,2,"New Orleans, LA (USA)",30 MAR 2002
27:45,Robert Kiprotich LETTING,10 AUG 1984,KEN,2,"New Orleans, LA (USA)",22 MAR 2008
27:45,Eshetu WENDIMU,03 OCT 1986,ETH,1,Cardiff (GBR),27 JUL 2008
27:45,Peter Chesang KURUI,02 JAN 1988,KEN,1,Cuneo (ITA),09 NOV 2008
27:45,Silas KIPRUTO,26 SEP 1984,KEN,2,San Juan (PUR),01 MAR 2009
27:45,Wilson Kipsang KIPROTICH,15 MAR 1982,KEN,3,San Juan (PUR),01 MAR 2009
27:45,Wilson Kipsang KIPROTICH,15 MAR 1982,KEN,4,San Juan (PUR),28 FEB 2010
27:45,Dejen GEBREMESKEL,24 NOV 1989,ETH,2,San Juan (PUR),27 FEB 2011
27:45,Timothy KIPTOO,02 AUG 1984,KEN,2,Utrecht (NED),25 SEP 2011
27:45,Josphat Kipkoech BETT,12 JUN 1990,KEN,2,Berlin (GER),09 OCT 2011
27:45,Isaac MUKUNDI,1987,KEN,1,St. Germain en Laye (FRA),10 DEC 2011
27:45,Edwin ROTICH,08 AUG 1988,KEN,1,Santos (BRA),19 MAY 2013
27:45,Kinde ATANAW,15 APR 1993,ETH,1,Rennes (FRA),13 OCT 2013
27:45,Taoufik ALLAM,30 APR 1989,MAR,1,Abu Dhabi (UAE),31 JAN 2014
27:45,Gadisa SHUMIE,15 SEP 1992,ETH,2,Abu Dhabi (UAE),31 JAN 2014
27:45,Gilbert MASAI,16 DEC 1989,KEN,2,Praha (CZE),05 SEP 2015
27:45,Benard Kipkorir NGENO,10 AUG 1996,KEN,1,"Mobile, AL (USA)",24 MAR 2018
27:45,Mathew KIMELI,01 APR 1998,KEN,5,Valencia (ESP),13 JAN 2019
27:45,Mathew KIMELI,01 APR 1998,KEN,1,"New York, NY (USA)",28 APR 2019
27:45,Isaac Kibet NDIEMA,05 FEB 1999,KEN,7,Praha (CZE),03 SEP 2022
27:45,Egide NTAKARUTIMANA,21 OCT 1997,BDI,7,Brasov (ROU),25 SEP 2022
27:46,John TREACY,04 JUN 1957,IRL,1,"Phoenix, AZ (USA)",02 MAR 1985
27:46,Yobes ONDIEKI,21 FEB 1961,KEN,1,"Des Moines, IA (USA)",29 APR 1989
27:46,Dominic KIRUI,12 APR 1967,KEN,1,"New Orleans, LA (USA)",18 APR 1992
27:46,Daniel KOMEN,17 MAY 1976,KEN,1,Vancouver (CAN),17 APR 1994
27:46,Joseph KIMANI,21 SEP 1972,KEN,1,Punta del Este (URU),05 JAN 1997
27:46,Essam GTEIB,1983,MAR,1,Madrid (ESP),26 FEB 2006
27:46,Edwin Cheruiyot SOI,03 MAR 1986,KEN,1,Marseille (FRA),01 MAY 2006
27:46,Sammy KIPKETER,29 SEP 1981,KEN,3,"New Orleans, LA (USA)",22 MAR 2008
27:46,Atsedu TSEGAY,17 DEC 1991,ETH,1,Langueux (FRA),25 JUN 2011
27:46,Milton Rotich KIPLAGAT,29 MAR 1986,KEN,1,Cardiff (GBR),11 SEP 2011
27:46,Leonard Patrick KOMON,10 JAN 1988,KEN,1,Berlin (GER),14 OCT 2012
27:46,Lani RUTTO,29 MAR 1989,KEN,2,"New Orleans, LA (USA)",30 MAR 2013
27:46,Jacob Kibet Chulyo KENDAGOR,24 AUG 1984,KEN,1,Marrakesh (MAR),06 OCT 2013
27:46,Barselius KIPYEGO,22 JUL 1993,KEN,3,Praha (CZE),05 SEP 2015
27:46,Joshua CHEPTEGEI,12 SEP 1996,UGA,1,Laredo (ESP),20 MAR 2016
27:46,Hicham AMGHAR,15 MAY 1994,MAR,7,Praha (CZE),08 SEP 2018
27:46,Moses KOECH,05 AUG 1997,KEN,3,Durban (RSA),14 OCT 2018
27:46,Emmanuel BOR,25 DEC 1993,KEN,1,Langueux (FRA),17 JUN 2023
27:47,Milkesa MENGESHA,16 APR 2000,ETH,1,Dongio (SUI),22 APR 2019
27:47,Micah Kemboi KOGO,30 JUN 1986,KEN,1,"Cape Elizabeth, ME (USA)",06 AUG 2011
27:47,Peter KOECH,18 FEB 1958,KEN,2,"Phoenix, AZ (USA)",01 MAR 1986
27:47,Joseph KEINO,1963,KEN,1,Heidelberg (GER),10 MAY 1992
27:47,Carsten EICH,09 JAN 1970,GER,1,Paderborn (GER),10 APR 1993
27:47,Gilbert OKARI,02 JUL 1978,KEN,3,"Mobile, AL (USA)",23 MAR 2003
27:47,John Cheruiyot KORIR,15 DEC 1975,KEN,1,San Juan (PUR),29 FEB 2004
27:47,Abraham CHEBII,23 DEC 1979,KEN,2,Brunssum (NED),29 MAR 2009
27:47,Imane MERGA,15 OCT 1988,ETH,1,Houilles (FRA),26 DEC 2010
27:47,Atsedu TSEGAY,17 DEC 1991,ETH,2,Luanda (ANG),31 DEC 2011
27:47,Allan KIPRONO,15 FEB 1990,KEN,3,"New Orleans, LA (USA)",30 MAR 2013
27:47,Japhet Kipyegon KORIR,30 JUN 1993,KEN,1,Würzburg (GER),26 APR 2015
27:47,Emmanuel KIPSANG,13 JUN 1991,KEN,3,Praha (CZE),10 SEP 2016
27:47,Stephen KISSA,01 DEC 1988,UGA,4,Durban (RSA),14 OCT 2018
27:47,Stephen KISSA,01 DEC 1988,UGA,6,Valencia (ESP),12 JAN 2020
27:48,Robert DE CASTELLA,27 FEB 1957,AUS,2,"Phoenix, AZ (USA)",03 MAR 1984
27:48,Mark NENOW,16 NOV 1957,USA,2,"Phoenix, AZ (USA)",02 MAR 1985
27:48,Michael MUSYOKI,28 MAY 1956,KEN,3,"Phoenix, AZ (USA)",01 MAR 1986
27:48,Simon CHEMOIYWO,20 APR 1968,KEN,1,Manaus (BRA),09 JAN 1994
27:48,Moses KIGEN,22 APR 1973,KEN,1,Würzburg (GER),27 APR 2003
27:48,Wilson Kiprotich KEBENEI,20 JUL 1980,KEN,2,San Juan (PUR),29 FEB 2004
27:48,José Manuel MARTÍNEZ,22 OCT 1971,ESP,2,Madrid (ESP),26 FEB 2006
27:48,Paul Malakwen KOSGEI,22 APR 1978,KEN,2,Barcelona (ESP),09 APR 2006
27:48,George Misoi KIRWA,12 NOV 1984,KEN,4,"New Orleans, LA (USA)",22 MAR 2008
27:48,Sammy ROTICH,11 NOV 1986,KEN,1,Eldoret (KEN),21 SEP 2008
27:48,Tadesse TOLA,31 OCT 1987,ETH,1,"New York, NY (USA)",16 MAY 2009
27:48,Wilson Kipsang KIPROTICH,15 MAR 1982,KEN,2,Voorthuizen (NED),15 JUL 2009
27:48,Wilson Kipsang KIPROTICH,15 MAR 1982,KEN,2,Voorthuizen (NED),14 JUL 2010
27:48,Micah Kemboi KOGO,30 JUN 1986,KEN,2,Houilles (FRA),26 DEC 2010
27:48,Leonard Patrick KOMON,10 JAN 1988,KEN,1,Berlin (GER),13 OCT 2013
27:48,Richard KIPROP,03 APR 1989,KEN,5,Praha (CZE),06 SEP 2014
27:48,Bernard LAGAT,12 DEC 1974,USA,3,Manchester (GBR),10 MAY 2015
27:48,Japhet Kipyegon KORIR,30 JUN 1993,KEN,4,Praha (CZE),05 SEP 2015
27:48,Stephen SAMBU,07 JUL 1988,KEN,3,San Juan (PUR),28 FEB 2016
27:48,Alex KORIO,20 NOV 1990,KEN,1,Port Gentil (GAB),24 JUN 2017
27:48,Ridouane HARROUFI,30 JUL 1981,MAR,1,El Mohmmedia (MAR),09 JUL 2017
27:48,Antonio ABADÍA,02 JUL 1990,ESP,2,Laredo (ESP),17 MAR 2018
27:48,Andamlak BELIHU,20 NOV 1998,ETH,1,Ottawa (CAN),26 MAY 2018
27:48,Yasin HAJI,22 JAN 1996,ETH,1,Dakhla (MAR),22 DEC 2019
27:48,Felix KIPKOECH,01 FEB 1998,KEN,4,Houilles (FRA),29 DEC 2019
27:48,Simon DEBOGNIES,16 JUL 1996,BEL,1,Schoorl (NED),12 FEB 2023
27:48,Dawit FIKADU,29 DEC 1995,BRN,2,Langueux (FRA),17 JUN 2023
27:48,Haftamu GEBRESILASE,25 MAR 2004,ETH,3,Langueux (FRA),17 JUN 2023
27:49,Peter KAMAIS,07 NOV 1976,KEN,1,Appingedam (NED),26 JUN 2010
27:49,Michael MUSYOKI,28 MAY 1956,KEN,1,"New Orleans, LA (USA)",04 APR 1982
27:49,Joseph KIMANI,21 SEP 1972,KEN,1,"Charleston, IL (USA)",01 APR 1995
27:49,Samson LOYWAPET,1973,KEN,1,Brunssum (NED),02 APR 1995
27:49,Dominic KIRUI,12 APR 1967,KEN,1,"Mobile, AL (USA)",25 MAR 2000
27:49,Francis KIPROP,25 DEC 1984,KEN,3,Doha (QAT),13 DEC 2002
27:49,Samuel Kiplimo KOSGEI,20 JAN 1986,KEN,4,San Juan (PUR),01 MAR 2009
27:49,Peter KAMAIS,07 NOV 1976,KEN,2,"New York, NY (USA)",15 MAY 2010
27:49,Micah Kemboi KOGO,30 JUN 1986,KEN,2,London (GBR),31 MAY 2010
27:49,Philip Kiprono LANGAT,23 APR 1990,KEN,1,Oelde (GER),10 JUN 2011
27:49,Kenenisa BEKELE,13 JUN 1982,ETH,1,Dublin (IRL),15 APR 2012
27:49,Edwin KIPYEGO,16 NOV 1990,KEN,1,London (GBR),08 JUL 2012
27:49,Peter MATELONG,1989,KEN,4,Taroudant (MAR),10 MAR 2013
27:49,Kinde ATANAW,15 APR 1993,ETH,1,Berlin (GER),12 OCT 2014
27:49,Zersenay TADESE,01 JAN 1982,ERI,1,Agadir (MAR),01 NOV 2015
27:49,Emmanuel Moi MARU,04 JAN 2001,KEN,1,Villejuif (FRA),10 OCT 2021
27:49,Gabriel Gerald GEAY,10 SEP 1996,TAN,1,"Boston, MA (USA)",25 JUN 2023
27:50,Nick ROSE,30 DEC 1951,GBR,2,"New Orleans, LA (USA)",04 APR 1982
27:50,Arturo BARRIOS,12 DEC 1963,MEX,1,"New Orleans, LA (USA)",15 APR 1989
27:50,William KOECH,02 DEC 1961,KEN,2,"Mobile, AL (USA)",28 MAR 1992
27:50,Laban CHEGE KIPKEMBOI,10 SEP 1969,KEN,1,Nürnberg (GER),30 APR 1994
27:50,Joseph KIMANI,21 SEP 1972,KEN,1,"Cleveland, OH (USA)",04 MAY 1997
27:50,Reuben CHERUIYOT,13 MAR 1974,KEN,2,"Charleston, SC (USA)",01 APR 2000
27:50,Ahmad Hassan ABDULLAH,04 APR 1981,KEN,2,Swansea (GBR),22 SEP 2002
27:50,Shadrack HOFF,19 MAY 1973,RSA,4,Doha (QAT),13 DEC 2002
27:50,Valentine ORARE,14 FEB 1983,KEN,2,Würzburg (GER),27 APR 2003
27:50,John Kemboi KIBOWEN,21 APR 1969,KEN,1,Brunssum (NED),03 APR 2005
27:50,Jackson Kirwa KIPRONO,20 MAY 1986,KEN,1,Milano (ITA),05 OCT 2008
27:50,Mo FARAH,23 MAR 1983,GBR,1,London (GBR),25 MAY 2009
27:50,Tilahun REGASSA,18 JAN 1990,ETH,3,Luanda (ANG),31 DEC 2011
27:50,Philip Kipkurgat YIEGO,1979,KEN,1,Brunssum (NED),01 APR 2012
27:50,Edwin KIPYEGO,16 NOV 1990,KEN,1,Rennes (FRA),14 OCT 2012
27:50,Teshome MEKONEN,05 AUG 1995,ETH,5,Praha (CZE),05 SEP 2015
27:50,Joshua CHEPTEGEI,12 SEP 1996,UGA,1,Berlin (GER),11 OCT 2015
27:50,Kenneth KETER,04 AUG 1996,KEN,4,Praha (CZE),10 SEP 2016
27:50,Benard KIMELI,10 SEP 1995,KEN,8,Praha (CZE),08 SEP 2018
27:50,Abderrahmane KACHIR,25 SEP 1992,MAR,1,Casablanca (MAR),16 SEP 2018
27:50,Edward Kibet KIPROP,04 APR 1999,KEN,6,Valencia (ESP),13 JAN 2019
27:50,Lawi KOSGEI,14 JAN 1999,KEN,1,Oelde (GER),09 JUN 2019
27:50,Djilali BEDRANI,01 OCT 1993,FRA,7,Valencia (ESP),12 JAN 2020
27:50,Daniel Simiu EBENYO,18 SEP 1995,KEN,1f3,Berlin (GER),07 MAR 2021
27:50,Mogos TUEMAY,24 MAY 1997,ETH,8,Herzogenaurach (GER),12 SEP 2021
27:50,Emmanuel Korir KIPLAGAT,05 MAY 2002,KEN,3,Laredo (ESP),19 MAR 2022
27:50,Pietro RIVA,01 MAY 1997,ITA,4,Laredo (ESP),19 MAR 2022
27:50,Emmanuel BOR,25 DEC 1993,KEN,1,Port Gentil (GAB),25 JUN 2022
27:50,Jemal Yimer MEKONNEN,11 SEP 1996,ETH,3,"Atlanta, GA (USA)",04 JUL 2022
27:50,Vincent KIMAIYO,2004,KEN,4,Langueux (FRA),17 JUN 2023
27:51,Simeon KIGEN,07 JUN 1961,KEN,3,"Phoenix, AZ (USA)",02 MAR 1985
27:51,Arturo BARRIOS,12 DEC 1963,MEX,1,"Phoenix, AZ (USA)",28 FEB 1987
27:51,Antonio Fabian SILIO,09 MAY 1966,ARG,1,København (DEN),19 AUG 1990
27:51,Lucketz SWARTBOOI,07 FEB 1966,NAM,1,"Mobile, AL (USA)",26 MAR 1994
27:51,Julius KORIR,05 DEC 1963,KEN,2,Nürnberg (GER),30 APR 1994
27:51,Emmanuel MUTAI,12 OCT 1984,KEN,2,Marseille (FRA),01 MAY 2006
27:51,Zersenay TADESE,01 JAN 1982,ERI,1,Bengaluru (IND),18 MAY 2008
27:51,Joseph Kiptoo BIRECH,04 JAN 1984,KEN,2,Utrecht (NED),28 SEP 2008
27:51,Birhanu DELELE,27 APR 1990,ETH,1,Paderborn (GER),03 APR 2010
27:51,Daniel Kipchumba CHEBII,25 MAY 1985,KEN,2,Paderborn (GER),03 APR 2010
27:51,Henry KIPLAGAT,16 DEC 1992,KEN,1,Praha (CZE),08 SEP 2012
27:51,Azmero Bekele MOLALIGN,22 JAN 1986,ETH,2,Rennes (FRA),13 OCT 2013
27:51,Azmeraw MENGIST,15 SEP 1992,ETH,3,Rennes (FRA),13 OCT 2013
27:51,Mumin GALA,06 APR 1986,DJI,3,Abu Dhabi (UAE),31 JAN 2014
27:51,Justus KANGOGO,10 OCT 1995,KEN,4,Praha (CZE),09 SEP 2017
27:51,Abayneh DEGU,01 DEC 1998,ETH,7,Valencia (ESP),13 JAN 2019
27:51,Hamza LAMQARTASS,1996,MAR,1,Taroudant (MAR),03 MAR 2019
27:51,Abraham KIPYATICH,10 MAY 1993,KEN,8,Praha (CZE),07 SEP 2019
27:51,Habtom SAMUEL,30 NOV 2003,ERI,2,Cannes (FRA),06 MAR 2022
27:51,Geoffrey TOROITICH,2000,KEN,1,Paderborn (GER),08 APR 2023
27:52,Richard CHELIMO,21 APR 1972,KEN,2,København (DEN),19 AUG 1990
27:52,Laban CHEGE KIPKEMBOI,10 SEP 1969,KEN,1,Zoetermeer (NED),18 SEP 1994
27:52,Ronaldo DA COSTA,07 JUN 1970,BRA,1,Maldonado (URU),05 JAN 1995
27:52,Josphat Machuka KIPRONO,12 DEC 1973,KEN,1,"Boulder, CO (USA)",29 MAY 1995
27:52,Peter NDIRANGU,24 MAY 1971,KEN,1,Stekene (BEL),17 DEC 1995
27:52,Benson Kipchumba BARUS,04 JUL 1980,KEN,1,Gualtieri (ITA),21 APR 2003
27:52,Jason MBOTE,05 JAN 1977,KEN,1,Groesbeek (NED),02 JUN 2007
27:52,Mark TANUI,07 AUG 1977,KEN,1,Utrecht (NED),07 OCT 2007
27:52,Micah Kemboi KOGO,30 JUN 1986,KEN,2,Brunssum (NED),28 MAR 2010
27:52,Abera KUMA,31 AUG 1990,ETH,1,Tilburg (NED),05 SEP 2010
27:52,Alex KORIO,20 NOV 1990,KEN,3,Rennes (FRA),10 OCT 2010
27:52,Henry KIPLAGAT,16 DEC 1992,KEN,3,Berlin (GER),09 OCT 2011
27:52,Japhet Kipyegon KORIR,30 JUN 1993,KEN,1,Würzburg (GER),28 APR 2013
27:52,Moses Ndiema KIPSIRO,02 SEP 1986,UGA,1,Manchester (GBR),26 MAY 2013
27:52,Benard BETT,04 JAN 1993,KEN,6,Praha (CZE),05 SEP 2015
27:52,Abdenaser FETHI,,MAR,2,Agadir (MAR),01 NOV 2015
27:52,Nicholas Mboroto KOSIMBEI,01 OCT 1996,KEN,1,Valencia (ESP),08 JAN 2017
27:52,Mohammed ZIANI,01 JAN 1993,MAR,2,El Mohmmedia (MAR),09 JUL 2017
27:52,Timothy KIPLAGAT,1993,KEN,3,Laredo (ESP),17 MAR 2018
27:52,Peter LANGAT,,KEN,4,Laredo (ESP),17 MAR 2018
27:52,Gilbert KIMUNYAN,19 SEP 1995,KEN,1,Valenciennes (FRA),31 MAR 2019
27:52,Jairus Kipchoge BIRECH,14 DEC 1992,KEN,1,"New Orleans, LA (USA)",20 APR 2019
27:52,Lawi KOSGEI,14 JAN 1999,KEN,2,Dakhla (MAR),22 DEC 2019
27:52,Jamal KIPRONO,2000,KEN,6,Lille (FRA),06 NOV 2021
27:52,Namakoe NKHASI,10 JAN 1993,LES,2,Durban (RSA),10 JUL 2022
27:52,Geoffrey TOROITICH,2000,KEN,5,Ibiza (ESP),29 JAN 2023
27:53,Telahun Haile BEKELE,13 MAY 1999,ETH,2,Dongio (SUI),22 APR 2019
27:53,Arturo BARRIOS,12 DEC 1963,MEX,2,Borobudur (BEL),11 FEB 1990
27:53,Ronaldo DA COSTA,07 JUN 1970,BRA,1,Punta del Este (URU),05 JAN 1995
27:53,Joseph KIMANI,21 SEP 1972,KEN,4,"New Orleans, LA (USA)",14 APR 2000
27:53,John KIPCHUMBA,09 DEC 1974,KEN,1,Stadskanaal (NED),28 MAR 2005
27:53,Mark Kipkinyor BETT,22 DEC 1976,KEN,2,Rovereto (ITA),04 OCT 2008
27:53,Shume GERBABA,19 NOV 1982,ETH,4,Utrecht (NED),27 SEP 2009
27:53,John Nzau MWANGANGI,11 JAN 1990,KEN,2,Tilburg (NED),05 SEP 2010
27:53,Azmero Bekele MOLALIGN,22 JAN 1986,ETH,4,Luanda (ANG),31 DEC 2011
27:53,Mosinet GEREMEW,12 FEB 1992,ETH,1,Paderborn (GER),07 APR 2012
27:53,Philip Kiprono LANGAT,23 APR 1990,KEN,2,"Boston, MA (USA)",24 JUN 2012
27:53,Wilson Kipsang KIPROTICH,15 MAR 1982,KEN,2,Manchester (GBR),26 MAY 2013
27:53,Wilson Kipsang KIPROTICH,15 MAR 1982,KEN,4,Manchester (GBR),10 MAY 2015
27:53,Mathew KIMELI,01 APR 1998,KEN,5,Praha (CZE),10 SEP 2016
27:53,Amos KURGAT,07 MAR 1992,KEN,5,Praha (CZE),09 SEP 2017
27:53,Telahun Haile BEKELE,13 MAY 1999,ETH,3,Berlin (GER),08 OCT 2017
27:53,Albert CHEMUTAI,01 JUN 1995,UGA,3,Houilles (FRA),30 DEC 2018
27:53,Josphat KIPCHIRCHIR,1997,KEN,2,Oelde (GER),09 JUN 2019
27:53,Emmanuel BOR,25 DEC 1993,KEN,1,Langueux (FRA),15 JUN 2019
27:53,Emmanuel BOR,25 DEC 1993,KEN,3,Port Gentil (GAB),30 JUN 2019
27:53,Carlos MAYO,18 SEP 1995,ESP,5,Laredo (ESP),19 MAR 2022
27:53,Rhonex KIPRUTO,12 OCT 1999,KEN,8,Praha (CZE),03 SEP 2022
27:53,Amos BETT,1986,KEN,4,Houilles (FRA),18 DEC 2022
27:53,Edwin KIPRUTO,1995,KEN,12,Valencia (ESP),15 JAN 2023
27:53,Stanley NJIHIA,02 SEP 1998,KEN,5,Langueux (FRA),17 JUN 2023
27:54,Matthews MOTSHWARATEU,02 NOV 1958,BOT,1,"New Orleans, LA (USA)",16 APR 1988
27:54,John NGUGI,10 MAY 1962,KEN,2,Borobudur (BEL),08 FEB 1992
27:54,Josphat Machuka KIPRONO,12 DEC 1973,KEN,3,"New Orleans, LA (USA)",16 APR 1994
27:54,Joseph KIMANI,21 SEP 1972,KEN,1,"Mobile, AL (USA)",22 MAR 1997
27:54,Joseph KIMANI,21 SEP 1972,KEN,3,"Charleston, SC (USA)",01 APR 2000
27:54,Ahmad Hassan ABDULLAH,04 APR 1981,KEN,2,La Courneuve (FRA),31 MAR 2002
27:54,Craig MOTTRAM,18 JUN 1980,AUS,1,Manchester (GBR),23 MAY 2004
27:54,Zersenay TADESE,01 JAN 1982,ERI,1,Onati (ESP),17 JUN 2006
27:54,Alan N'DIWA,1984,KEN,2,Utrecht (NED),07 OCT 2007
27:54,Moses Ndiema KIPSIRO,02 SEP 1986,UGA,2,Bengaluru (IND),18 MAY 2008
27:54,Abraham ROTICH,1984,KEN,1,Groesbeek (NED),07 JUN 2008
27:54,Titus Kwemoi MASAI,09 OCT 1989,KEN,2,Eldoret (KEN),21 SEP 2008
27:54,Peter KAMAIS,07 NOV 1976,KEN,5,San Juan (PUR),28 FEB 2010
27:54,Stephen TUM,12 JUL 1986,KEN,3,Paderborn (GER),03 APR 2010
27:54,Ezekiel CHEBII,03 JAN 1991,KEN,4,Paderborn (GER),03 APR 2010
27:54,Titus Kipjumba MBISHEI,28 OCT 1990,KEN,1,Bengaluru (IND),16 MAY 2010
27:54,Philip Kiprono LANGAT,23 APR 1990,KEN,1,Groesbeek (NED),05 JUN 2011
27:54,Yigrem DEMELASH,26 JAN 1994,ETH,2,Paderborn (GER),07 APR 2012
27:54,Homiyu TESFAYE,23 JUN 1993,GER,1,Paderborn (GER),04 APR 2015
27:54,Mohammed ZIANI,01 JAN 1993,MAR,3,Agadir (MAR),01 NOV 2015
27:54,Negetu Getinet BEDANE,10 MAY 1995,ETH,4,Agadir (MAR),01 NOV 2015
27:54,Hicham BELLANI,15 SEP 1979,MAR,5,Agadir (MAR),01 NOV 2015
27:54,El Mahjoub DAZZA,03 MAR 1991,MAR,6,Agadir (MAR),01 NOV 2015
27:54,Jemal Yimer MEKONNEN,11 SEP 1996,ETH,6,Praha (CZE),09 SEP 2017
27:54,Andamlak BELIHU,20 NOV 1998,ETH,9,Praha (CZE),08 SEP 2018
27:54,Mustapha EL AZIZ,24 DEC 1985,MAR,2,Casablanca (MAR),16 SEP 2018
27:54,Edward Kibet KIPROP,04 APR 1999,KEN,5,Laredo (ESP),17 MAR 2019
27:54,Yasin HAJI,22 JAN 1996,ETH,3,Würzburg (GER),14 APR 2019
27:54,Yasin HAJI,22 JAN 1996,ETH,1,Paderborn (GER),20 APR 2019
27:54,Yasin HAJI,22 JAN 1996,ETH,3,Oelde (GER),09 JUN 2019
27:54,Jakob INGEBRIGTSEN,19 SEP 2000,NOR,1,Hole (NOR),19 OCT 2019
27:54,Kennedy KIMUTAI,03 JUN 1999,KEN,9,Praha (CZE),03 SEP 2022
27:54,Shadrack KIPCHIRCHIR,25 APR 2001,KEN,12,"Adi-Dassler-Straße 1, Herzogenaurach (GER)",29 APR 2023
27:55,Michael MUSYOKI,28 MAY 1956,KEN,1,"New Orleans, LA (USA)",05 APR 1981
27:55,Mark SCRUTTON,14 APR 1960,GBR,3,"Phoenix, AZ (USA)",03 MAR 1984
27:55,Mark NENOW,16 NOV 1957,USA,1,"Bowling Green, OH (USA)",07 OCT 1989
27:55,Ondoro OSORO,03 DEC 1967,KEN,3,"Mobile, AL (USA)",28 MAR 1992
27:55,Micah BOINETT,19 DEC 1965,KEN,1,Düsseldorf (GER),06 SEP 1992
27:55,Simon RONO,09 APR 1972,KEN,1,"Mobile, AL (USA)",28 MAR 1998
27:55,Wilson KAKANYANG,,KEN,1,"Salt Lake City, UT (USA)",23 JUL 2001
27:55,Wilson ONSARE,15 JUN 1976,KEN,3,La Courneuve (FRA),31 MAR 2002
27:55,James KIPKETER,14 OCT 1977,KEN,4,La Courneuve (FRA),31 MAR 2002
27:55,Juan Carlos DE LA OSSA,25 NOV 1976,ESP,2,Manchester (GBR),22 MAY 2005
27:55,Moses Ndiema KIPSIRO,02 SEP 1986,UGA,6,San Juan (PUR),28 FEB 2010
27:55,Peter Chesang KURUI,02 JAN 1988,KEN,5,Paderborn (GER),03 APR 2010
27:55,Micah Kemboi KOGO,30 JUN 1986,KEN,2,"New York, NY (USA)",14 MAY 2011
27:55,Nicholas BOR,1988,KEN,1,Ottawa (CAN),23 MAY 2015
27:55,Daniel Kipchumba CHEBII,25 MAY 1985,KEN,1,"Boston, MA (USA)",26 JUN 2016
27:55,Jake ROBERTSON,14 NOV 1989,NZL,1,"New Orleans, LA (USA)",15 APR 2017
27:55,El Hassan EL ABBASSI,13 APR 1984,BRN,1,Casablanca (MAR),07 MAY 2017
27:55,Stephen KIBET,09 NOV 1986,KEN,1,"Cape Elizabeth, ME (USA)",05 AUG 2017
27:55,Sondre Nordstad MOEN,12 JAN 1991,NOR,7,Praha (CZE),09 SEP 2017
27:55,Isaac LANGAT,18 DEC 1994,KEN,8,Praha (CZE),09 SEP 2017
27:55,Emmanuel KIPRONO,13 JUN 1993,KEN,3,Oelde (GER),10 JUN 2018
27:55,Rodgers MAIYO,03 SEP 1993,KEN,2,Taroudant (MAR),03 MAR 2019
27:55,Ashenafi MOGES,15 NOV 1994,ETH,2,Paderborn (GER),20 APR 2019
27:55,Asbel KIPROP,02 DEC 2002,KEN,3,Durban (RSA),10 JUL 2022
27:56,Eric NDIEMA,28 DEC 1992,KEN,2,Appingedam (NED),26 JUN 2010
27:56,Lucas Kimeli ROTICH,16 APR 1990,KEN,2,"Cape Elizabeth, ME (USA)",06 AUG 2011
27:56,John DOHERTY,22 JUL 1961,IRL,1,"Atlanta, GA (USA)",04 JUL 1986
27:56,John GREGOREK,15 APR 1960,USA,2,"Phoenix, AZ (USA)",28 FEB 1987
27:56,Arturo BARRIOS,12 DEC 1963,MEX,3,Borobudur (BEL),08 FEB 1992
27:56,Sammy LELEI,14 AUG 1964,KEN,1,"Atlanta, GA (USA)",04 JUL 1992
27:56,Joseph KEINO,1963,KEN,2,Düsseldorf (GER),06 SEP 1992
27:56,Valdenor PEREIRA DOS SANTOS,21 DEC 1969,BRA,2,Manaus (BRA),09 JAN 1994
27:56,Ismael KIRUI,20 FEB 1975,KEN,1,Toronto (CAN),07 MAY 1995
27:56,Ambesse TOLOSSA,28 AUG 1977,ETH,1,Groesbeek (NED),10 JUN 2000
27:56,Philip SINGOEI,31 DEC 1975,KEN,2,Groesbeek (NED),10 JUN 2000
27:56,John Cheruiyot KORIR,15 DEC 1975,KEN,1,San Juan (PUR),27 FEB 2005
27:56,Jason MBOTE,05 JAN 1977,KEN,1,Zevenaar (NED),28 AUG 2005
27:56,Charles Bett KOECH,27 JUL 1983,QAT,2,Groesbeek (NED),02 JUN 2007
27:56,Abdellah FALIL,1976,MAR,1,Langueux (FRA),16 JUN 2007
27:56,Micah Kemboi KOGO,30 JUN 1986,KEN,1,Houilles (FRA),31 DEC 2007
27:56,Kidane TADESSE,31 AUG 1987,ERI,2,Jaén (ESP),16 JAN 2010
27:56,Chesari Kirui JACOB,06 APR 1984,KEN,1,Würzburg (GER),25 APR 2010
27:56,Joseph EBUYA,20 JUN 1987,KEN,3,"New York, NY (USA)",14 MAY 2011
27:56,Tsegaye KEBEDE,15 JAN 1987,ETH,2,Manchester (GBR),20 MAY 2012
27:56,Ayele ABSHERO,28 DEC 1990,ETH,3,Manchester (GBR),20 MAY 2012
27:56,David KOGEI,05 MAY 1985,KEN,2,Berlin (GER),14 OCT 2012
27:56,Richard KIPROP,03 APR 1989,KEN,2,Berlin (GER),14 OCT 2012
27:56,Richard KIPROP,03 APR 1989,KEN,2,Würzburg (GER),28 APR 2013
27:56,El Hassan EL ABBASSI,13 APR 1984,MAR,1,Casablanca (MAR),02 JUN 2013
27:56,Kenneth Kiprop KIPKEMOI,02 AUG 1984,KEN,6.0,Praha (CZE),06 SEP 2014
27:56,Evans KURUI,08 JAN 1993,KEN,7.0,Praha (CZE),05 SEP 2015
27:56,Dawit FIKADU,29 DEC 1995,BRN,1.0,Casablanca (MAR),29 MAY 2016
27:56,Ben TRUE,29 DEC 1985,USA,2.0,"Cape Elizabeth, ME (USA)",05 AUG 2017
27:56,Mande BUSHENDICH,07 APR 1997,UGA,1.0,Brunssum (NED),24 MAR 2019
27:56,Andamlak BELIHU,20 NOV 1998,ETH,1.0,Bengaluru (IND),19 MAY 2019
27:56,Kibiwott KANDIE,20 JUN 1996,KEN,1.0,Casablanca (MAR),09 JUN 2019
27:56,Ronald Kiprotich KIRUI,06 DEC 1998,KEN,3.0,Valencia (ESP),03 OCT 2021
27:56,Keneth Kiprop RENJU,01 JUL 1996,KEN,2.0,Villejuif (FRA),10 OCT 2021
27:56,Juan Antonio PÉREZ,06 NOV 1988,ESP,6.0,Laredo (ESP),19 MAR 2022
27:56,Daniel KOSEN,10 MAY 2003,KEN,13.0,"Adi-Dassler-Straße 1, Herzogenaurach (GER)",29 APR 2023
27:56,Isaac KIPKEMBOI,10 FEB 2000,KEN,14.0,"Adi-Dassler-Straße 1, Herzogenaurach (GER)",29 APR 2023
27:57,Muktar EDRIS,14 JAN 1994,ETH,3.0,Dongio (SUI),22 APR 2019
27:57,Lukas CHERONO,30 DEC 1976,KEN,1.0,Wakefield (GBR),06 APR 1997
27:57,Khalid SKAH,29 JAN 1967,MAR,1.0,Houilles (FRA),28 DEC 1997
27:57,Tom NYARIKI,27 SEP 1971,KEN,2.0,"New Orleans, LA (USA)",17 APR 1999
27:57,Robert Kipkoech CHERUIYOT,26 SEP 1978,KEN,1.0,Maldonado (URU),06 JAN 2004
27:57,Wilson Kiprotich KEBENEI,20 JUL 1980,KEN,2.0,San Juan (PUR),27 FEB 2005
27:57,Peter KAMAIS,07 NOV 1976,KEN,1.0,Barcelona (ESP),01 APR 2007
27:57,Zach KIHARA,10 APR 1985,KEN,1.0,Hyderabad (IND),25 NOV 2007
27:57,Josphat Kiprono MENJO,20 AUG 1979,KEN,1.0,Barcelona (ESP),06 APR 2008
27:57,Ahmad Hassan ABDULLAH,04 APR 1981,QAT,,Cardiff (GBR),27 JUL 2008
27:57,Chesari Kirui JACOB,06 APR 1984,KEN,2.0,Würzburg (GER),17 APR 2011
27:57,Nicholas KEMBOI,25 NOV 1983,QAT,3.0,Utrecht (NED),25 SEP 2011
27:57,Simon CHEPROT,18 FEB 1990,KEN,1.0,Taroudant (MAR),11 MAR 2012
27:57,David KOGEI,05 MAY 1985,KEN,3.0,Paderborn (GER),07 APR 2012
27:57,Philip Kiprono LANGAT,23 APR 1990,KEN,1.0,Appingedam (NED),30 JUN 2012
27:57,Mule WASIHUN,20 OCT 1993,ETH,4.0,Rennes (FRA),13 OCT 2013
27:57,Abdala GADANA,,ETH,4.0,Abu Dhabi (UAE),31 JAN 2014
27:57,Simon CHEPROT,18 FEB 1990,KEN,2.0,Ottawa (CAN),23 MAY 2015
27:57,Rhonzai Lokitam KILIMO,05 SEP 1996,KEN,2.0,Casablanca (MAR),29 MAY 2016
27:57,Peter LANGAT,20 OCT 1998,KEN,2.0,Casablanca (MAR),07 MAY 2017
27:57,Benard KIMELI,10 SEP 1995,KEN,1.0,Utrecht (NED),01 OCT 2017
27:57,Abderrahmane KACHIR,25 SEP 1992,MAR,1.0,Tan-Tan (MAR),19 NOV 2017
27:57,Vedic KIPKOECH,05 MAR 1996,KEN,10.0,Praha (CZE),08 SEP 2018
27:57,Filmon ANDE,10 FEB 1998,ERI,4.0,Houilles (FRA),30 DEC 2018
27:57,Edwin KIBICHIY,02 APR 1992,KEN,2.0,Shanghai (CHN),20 OCT 2019
27:57,Nibret MELAK,09 OCT 1999,ETH,5.0,Houilles (FRA),29 DEC 2019
27:57,Kibiwott KANDIE,20 JUN 1996,KEN,3.0,Bengaluru (IND),15 MAY 2022
27:57,Soufiyan BOUQANTAR,30 AUG 1993,MAR,5.0,Houilles (FRA),18 DEC 2022
27:57,Efrem GIDEY,03 SEP 2000,IRL,13.0,Valencia (ESP),15 JAN 2023
27:57,Ilias FIFA,16 MAY 1989,ESP,14.0,Valencia (ESP),15 JAN 2023
27:57,Jonas GLANS,26 JAN 1991,SWE,15.0,Valencia (ESP),15 JAN 2023
27:58,Khalid KHANNOUCHI,22 DEC 1971,MAR,2.0,"Atlanta, GA (USA)",04 JUL 1997
27:58,Habte JIFAR,29 JAN 1976,ETH,2.0,Houilles (FRA),28 DEC 1997
27:58,Hezron Nyandusi OTWORI,25 DEC 1976,KEN,3.0,"New Orleans, LA (USA)",11 APR 1998
27:58,Felix LIMO,22 AUG 1980,KEN,4.0,"Charleston, SC (USA)",01 APR 2000
27:58,Paul Kipkemboi BIWOTT,18 APR 1978,KEN,1.0,The Hague (NED),27 MAY 2001
27:58,John Thuo ITATI,26 DEC 1973,KEN,1.0,"Mobile, AL (USA)",23 MAR 2002
27:58,James Kimutai KOSKEI,23 NOV 1968,KEN,1.0,Vancouver (CAN),21 APR 2002
27:58,Felix LIMO,22 AUG 1980,KEN,1.0,Groesbeek (NED),08 JUN 2002
27:58,Simon ARUSEI,04 NOV 1977,KEN,3.0,Marseille (FRA),01 MAY 2006
27:58,Boniface KIPROP,12 OCT 1985,UGA,3.0,Manchester (GBR),21 MAY 2006
27:58,Ben Kimutai KIMWOLE,1978,KEN,3.0,Groesbeek (NED),02 JUN 2007
27:58,Serhiy LEBID,15 JUL 1975,UKR,2.0,Houilles (FRA),31 DEC 2007
27:58,Philemon LIMO,02 AUG 1985,KEN,1.0,Marseille (FRA),21 NOV 2010
27:58,Philemon LIMO,02 AUG 1985,KEN,3.0,Houilles (FRA),26 DEC 2010
27:58,Josphat Kiprono MENJO,20 AUG 1979,KEN,1.0,Valencia (ESP),09 JAN 2011
27:58,Kennedy KIMUTAI,18 JUL 1991,KEN,4.0,Utrecht (NED),25 SEP 2011
27:58,Emmanuel Oliaulo NGATUNY,10 OCT 1992,KEN,3.0,Würzburg (GER),28 APR 2013
27:58,Leonard Patrick KOMON,10 JAN 1988,KEN,1.0,"New York, NY (USA)",11 MAY 2013
27:58,Cornelius KANGOGO,15 DEC 1993,KEN,1.0,Houilles (FRA),29 DEC 2013
27:58,Julius KOGO,12 AUG 1985,KEN,1.0,"Mobile, AL (USA)",22 MAR 2014
27:58,Amos MITEI,10 MAR 1992,KEN,2.0,Paderborn (GER),04 APR 2015
27:58,John Kiprono LANGAT,31 DEC 1996,KEN,1.0,Appingedam (NED),27 JUN 2015
27:58,Philip Kiprono LANGAT,23 APR 1990,KEN,2.0,Appingedam (NED),27 JUN 2015
27:58,Edwin ROTICH,08 AUG 1988,KEN,3.0,Casablanca (MAR),29 MAY 2016
27:58,Daniel Kipchumba CHEBII,25 MAY 1985,KEN,1.0,"Boston, MA (USA)",25 JUN 2017
27:58,Josphat CHUMO,15 JUL 1996,KEN,11.0,Praha (CZE),08 SEP 2018
27:58,Mohamed Reda EL AARABY,12 NOV 1989,MAR,8.0,Valencia (ESP),13 JAN 2019
27:58,Silas KIPRUTO,26 SEP 1984,KEN,1.0,"Charleston, SC (USA)",06 APR 2019
27:58,Peter MARU,03 APR 2003,UGA,6.0,Valencia (ESP),09 JAN 2022
27:58,Abel Boniface SIKOWO,27 FEB 1999,UGA,3.0,Cannes (FRA),06 MAR 2022
27:58,Justus KANGOGO,10 OCT 1995,KEN,2.0,Port Gentil (GAB),25 JUN 2022
27:58,Maxime CHAUMETON,12 JUL 2000,RSA,4.0,Durban (RSA),10 JUL 2022
27:58,Jonas GLANS,26 JAN 1991,SWE,6.0,Houilles (FRA),18 DEC 2022
27:58,Boniface KIBIWOTT,1993,KEN,6.0,Ibiza (ESP),29 JAN 2023
27:59,John TREACY,04 JUN 1957,IRL,1.0,"New Orleans, LA (USA)",04 APR 1987
27:59,Tom NYARIKI,27 SEP 1971,KEN,3.0,Houilles (FRA),28 DEC 1997
27:59,Wesley OCHORO,1978,KEN,5.0,La Courneuve (FRA),31 MAR 2002
27:59,John Cheruiyot KORIR,13 DEC 1981,KEN,1.0,Marseille (FRA),01 MAY 2002
27:59,Benson Kipchumba CHERONO,30 JUN 1984,KEN,2.0,Maldonado (URU),06 JAN 2004
27:59,John Kemboi KIBOWEN,21 APR 1969,KEN,1.0,Brunssum (NED),28 MAR 2004
27:59,Zersenay TADESE,01 JAN 1982,ERI,2.0,Manchester (GBR),23 MAY 2004
27:59,Ali Mabruk EL ZAIDI,13 JAN 1978,LBA,4.0,Groesbeek (NED),02 JUN 2007
27:59,Jamal Bilal SALEM,12 SEP 1978,QAT,3.0,Eldoret (KEN),21 SEP 2008
27:59,Peter KAMAIS,07 NOV 1976,KEN,1.0,Groesbeek (NED),07 JUN 2009
27:59,Eshetu WENDIMU,03 OCT 1986,ETH,2.0,Groesbeek (NED),07 JUN 2009
27:59,Titus Kipjumba MBISHEI,28 OCT 1990,KEN,2.0,Laredo (ESP),20 MAR 2010
27:59,John Kemboi CHERUIYOT,05 JUL 1990,KEN,1.0,"Mobile, AL (USA)",27 MAR 2010
27:59,Marilson GOMES DOS SANTOS,06 AUG 1977,BRA,1.0,Santos (BRA),15 MAY 2011
27:59,Alfred Kipserem CHEROP,02 MAR 1986,KEN,2.0,Brunssum (NED),01 APR 2012
27:59,Birhan NEBEBEW,14 AUG 1994,ETH,2.0,Rennes (FRA),14 OCT 2012
27:59,John Kiprono LANGAT,31 DEC 1996,KEN,1.0,Appingedam (NED),25 JUN 2016
27:59,Wilson Kipsang KIPROTICH,15 MAR 1982,KEN,2.0,Appingedam (NED),25 JUN 2016
27:59,Hicham AMGHAR,15 MAY 1994,MAR,9.0,Valencia (ESP),13 JAN 2019
27:59,Juan Antonio PÉREZ,06 NOV 1988,ESP,10.0,Valencia (ESP),13 JAN 2019
27:59,Hamza LAMQARTASS,1996,MAR,2.0,Casablanca (MAR),09 JUN 2019
27:59,Hailemaryam KIROS,05 FEB 1997,ETH,1.0,Chemnitz (GER),15 MAY 2021
27:59,Sabastian Kimaru SAWE,16 MAR 1995,KEN,1.0,Bengaluru (IND),21 MAY 2023
27:59,Rodrigue KWIZERA,10 OCT 1999,BDI,2,Bengaluru (IND),21 MAY 2023
28:00,Edward MUGE,26 JUN 1983,KEN,3,"Cape Elizabeth, ME (USA)",06 AUG 2011
28:00,El Hassan LAHSSINI,01 JAN 1975,MAR,4,Houilles (FRA),28 DEC 1997
28:00,Benjamin LIMO,23 AUG 1974,KEN,2,"Mobile, AL (USA)",23 MAR 2002
28:00,Paul KOECH,25 JUN 1969,KEN,3,"New Orleans, LA (USA)",30 MAR 2002
28:00,Sammie RONGO ALENGUR,1972,KEN,2,Brunssum (NED),03 APR 2005
28:00,Paul Kimaiyo KIMUGUL,04 MAR 1980,KEN,,Trento (ITA),08 OCT 2005
28:00,Silas KIPRUTO,26 SEP 1984,KEN,1,Madrid (ESP),18 NOV 2007
28:00,Silas KIPLAGAT,20 AUG 1989,KEN,2,Tilburg (NED),06 SEP 2009
28:00,Julius Kipyego KETER,20 OCT 1988,KEN,1,Ixtapa (MEX),14 AUG 2010
28:00,Simon CHEPROT,18 FEB 1990,KEN,1,Taroudant (MAR),06 MAR 2011
28:00,Geoffrey KAMWOROR,22 NOV 1992,KEN,1,Bengaluru (IND),27 MAY 2012
28:00,Stanley Kipleting BIWOTT,21 APR 1986,KEN,1,"Cape Elizabeth, ME (USA)",04 AUG 2012
28:00,Richard KIPROP,03 APR 1989,KEN,1,Paderborn (GER),30 MAR 2013
28:00,Haile GEBRSELASSIE,18 APR 1973,ETH,3,Manchester (GBR),26 MAY 2013
28:00,Mustapha EL AZIZ,24 DEC 1985,MAR,2,Casablanca (MAR),02 JUN 2013
28:00,Philip Kiprono LANGAT,23 APR 1990,KEN,4,San Juan (PUR),28 FEB 2016
28:00,John Nzau MWANGANGI,11 JAN 1990,KEN,5,San Juan (PUR),28 FEB 2016
28:00,Stephen Omiso ARITA,26 JUN 1988,KEN,2,Valencia (ESP),08 JAN 2017
28:00,Stephen Omiso ARITA,26 JUN 1988,KEN,1,Laredo (ESP),18 MAR 2017
28:00,Japhet Kipyegon KORIR,30 JUN 1993,KEN,2,Port Gentil (GAB),24 JUN 2017
28:00,Leonard BARSOTON,21 OCT 1994,KEN,3,"Cape Elizabeth, ME (USA)",05 AUG 2017
28:00,Selemun KAHSAY,,ETH,11,Valencia (ESP),13 JAN 2019
28:00,Moses Martin KURONG,07 JUL 1994,UGA,12,Valencia (ESP),13 JAN 2019
28:00,Kennedy NJIRU,1987,KEN,2,"Charleston, SC (USA)",06 APR 2019
28:00,Chala REGASA,30 APR 1997,ETH,8,Valencia (ESP),12 JAN 2020
28:00,Amine SOUIDA,,MAR,1,Casablanca (MAR),09 FEB 2020
28:00,Samuel FITWI SIBHATU,01 JAN 1996,GER,1f1,Berlin (GER),07 MAR 2021
28:00,Leonard KORIR,10 DEC 1986,USA,1,"Boston, MA (USA)",26 JUN 2022
28:00,Egide NTAKARUTIMANA,21 OCT 1997,BDI,16,Valencia (ESP),15 JAN 2023
28:00,Bravin KIPROP,03 AUG 1998,KEN,2,Paderborn (GER),08 APR 2023
28:00,Hillary Kipchirchir CHEPKWONY,04 MAR 1999,KEN,3,Bengaluru (IND),21 MAY 2023
28:01,Hosea Mwok MACHARINYANG,12 JUN 1986,KEN,4,"Cape Elizabeth, ME (USA)",06 AUG 2011
28:01,Vanderlei Cordeiro DA LIMA,11 AUG 1969,BRA,1,Santos (BRA),25 MAY 1997
28:01,Joseph KIMANI,21 SEP 1972,KEN,1,"Mobile, AL (USA)",27 MAR 1999
28:01,Peter Kiplagat CHEBET,24 JUN 1976,KEN,1,Berkane (MAR),01 APR 2001
28:01,Rodgers ROP,16 FEB 1976,KEN,2,The Hague (NED),27 MAY 2001
28:01,James Kimutai KOSKEI,23 NOV 1968,KEN,1,"Green Bay, WI (USA)",09 JUN 2001
28:01,Sammie RONGO ALENGUR,1972,KEN,2,Zevenaar (NED),28 AUG 2005
28:01,Samuel Murithi NDEREBA,02 FEB 1977,KEN,1,"Mobile, AL (USA)",24 MAR 2007
28:01,Edwin Cheruiyot SOI,03 MAR 1986,KEN,1,Marseille (FRA),01 MAY 2007
28:01,Dickson MARWA MKAMI,09 MAR 1982,TAN,2,Marseille (FRA),01 MAY 2007
28:01,Dickson MARWA MKAMI,09 MAR 1982,TAN,2,Marseille (FRA),01 MAY 2008
28:01,Moses Ndiema KIPSIRO,02 SEP 1986,UGA,5,San Juan (PUR),01 MAR 2009
28:01,Mourad EL BANNOURI,27 DEC 1979,MAR,2,Taroudant (MAR),06 MAR 2011
28:01,Philemon LIMO,02 AUG 1985,KEN,1,Bengaluru (IND),05 JUN 2011
28:01,Richard SIGEI,11 APR 1985,KEN,3,Brunssum (NED),01 APR 2012
28:01,Mark KORIR,06 AUG 1988,KEN,1,Santos (BRA),20 MAY 2012
28:01,Wilson KIPROP,14 APR 1987,KEN,1,Ottawa (CAN),24 MAY 2014
28:01,Bernard KORIR,1992,KEN,1,Abu Dhabi (UAE),29 MAR 2016
28:01,Mande BUSHENDICH,07 APR 1997,UGA,5,Durban (RSA),14 OCT 2018
28:01,Sikiyas MISGANAW,29 APR 2000,ETH,9,Valencia (ESP),12 JAN 2020
28:01,Simon BOCH,18 APR 1994,GER,2f1,Berlin (GER),07 MAR 2021
28:01,Isaac Kibet NDIEMA,05 FEB 1999,KEN,9,Herzogenaurach (GER),12 SEP 2021
28:01,Kelvin KIBIWOTT,02 JUN 2000,KEN,7,Valencia (ESP),09 JAN 2022
28:01,Edwin KURGAT,,KEN,2,"Boston, MA (USA)",25 JUN 2023
28:02,Felix LIMO,22 AUG 1980,KEN,6,La Courneuve (FRA),31 MAR 2002
28:02,Sammy KIPKETER,29 SEP 1981,KEN,1,Houilles (FRA),29 DEC 2002
28:02,Wilson ONSARE,15 JUN 1976,KEN,1,La Courneuve (FRA),23 MAR 2003
28:02,Wilson Kipkemboi KIGEN,10 AUG 1980,KEN,1,Gouda (NED),08 SEP 2006
28:02,Nicholas Manza KAMAKYA,02 MAR 1985,KEN,2,"Mobile, AL (USA)",24 MAR 2007
28:02,Moses KIGEN,22 APR 1973,KEN,1,Paderborn (GER),07 APR 2007
28:02,Paul Malakwen KOSGEI,22 APR 1978,KEN,3,Houilles (FRA),31 DEC 2007
28:02,Chris THOMPSON,17 APR 1981,GBR,1,Partington (GBR),07 MAR 2010
28:02,Haile GEBRSELASSIE,18 APR 1973,ETH,1,Manchester (GBR),16 MAY 2010
28:02,Lelisa DESISA,14 JAN 1990,ETH,3,San Juan (PUR),27 FEB 2011
28:02,Kennedy KIMUTAI,18 JUL 1991,KEN,3,Taroudant (MAR),06 MAR 2011
28:02,Thomas AYEKO,10 FEB 1992,UGA,3,Würzburg (GER),17 APR 2011
28:02,Boniface KIRUI,27 OCT 1987,KEN,1,Appingedam (NED),25 JUN 2011
28:02,Sammy KITWARA,26 NOV 1986,KEN,1,San Juan (PUR),26 FEB 2012
28:02,Peter WANJIRU,28 NOV 1982,KEN,4,Brunssum (NED),01 APR 2012
28:02,Ahmad Hassan ABDULLAH,04 APR 1981,QAT,5,Brunssum (NED),01 APR 2012
28:02,Stephen KIBET,09 NOV 1986,KEN,2,"Cape Elizabeth, ME (USA)",04 AUG 2012
28:02,Frederick NGENY,1988,KEN,2,Paderborn (GER),30 MAR 2013
28:02,Moses Ndiema KIPSIRO,02 SEP 1986,UGA,2,"New York, NY (USA)",11 MAY 2013
28:02,Stephen SAMBU,07 JUL 1988,KEN,3,"New York, NY (USA)",11 MAY 2013
28:02,David KOGEI,05 MAY 1985,KEN,2,Appingedam (NED),29 JUN 2013
28:02,El Hassan EL ABBASSI,13 APR 1984,BRN,2,Marrakesh (MAR),06 OCT 2013
28:02,Cleophas NGETICH,1989,KEN,2,"Mobile, AL (USA)",22 MAR 2014
28:02,Amos MITEI,10 MAR 1992,KEN,1,Taroudant (MAR),08 MAR 2015
28:02,Philip Kiprono LANGAT,23 APR 1990,KEN,2,Utrecht (NED),27 SEP 2015
28:02,Antonio ABADÍA,02 JUL 1990,ESP,2,Laredo (ESP),20 MAR 2016
28:02,John MURITU,30 JUN 1996,KEN,1,"New Orleans, LA (USA)",26 MAR 2016
28:02,Wilfred KIMITEI,11 MAR 1985,KEN,1,Brunssum (NED),03 APR 2016
28:02,Philip Kiprono LANGAT,23 APR 1990,KEN,2,"Boston, MA (USA)",26 JUN 2016
28:02,Julien WANDERS,18 MAR 1996,SUI,1,Houilles (FRA),31 DEC 2017
28:02,Lawi KOSGEI,14 JAN 1999,KEN,3,Paderborn (GER),20 APR 2019
28:02,Omar Ait CHITACHEN,15 MAR 1995,MAR,3,Casablanca (MAR),09 JUN 2019
28:02,Callum HAWKINS,22 JUN 1992,GBR,10,Valencia (ESP),12 JAN 2020
28:02,Telahun Haile BEKELE,13 MAY 1999,ETH,4,Bengaluru (IND),15 MAY 2022
28:02,Tariq Ahmed AL AMRI,23 DEC 1990,KSA,17,Valencia (ESP),15 JAN 2023
28:02,Felix BOUR,25 MAR 1994,FRA,1,Houilles (FRA),26 MAR 2023
28:03,Elijah KORIR,15 APR 1978,KEN,1,Conegliano (ITA),07 SEP 1997
28:03,Philip KIRUI,11 SEP 1973,KEN,5,"Charleston, SC (USA)",01 APR 2000
28:03,Enock MITEI,26 NOV 1980,KEN,7,La Courneuve (FRA),31 MAR 2002
28:03,Juan Carlos DE LA OSSA,25 NOV 1976,ESP,1,Laredo (ESP),09 APR 2005
28:03,Mark Kosgei KIPTOO,21 JUN 1976,KEN,3,Marseille (FRA),01 MAY 2007
28:03,Isaac Kiprotich TANUI,19 DEC 1986,KEN,3,Rovereto (ITA),04 OCT 2008
28:03,Samuel Kiplimo KOSGEI,20 JAN 1986,KEN,2,London (GBR),25 MAY 2009
28:03,Abraham ROTICH,1984,KEN,3,Groesbeek (NED),07 JUN 2009
28:03,Timothy KIPTOO,02 AUG 1984,KEN,4,Taroudant (MAR),06 MAR 2011
28:03,Daniel Kipchumba CHEBII,25 MAY 1985,KEN,4,Würzburg (GER),17 APR 2011
28:03,Martin Irungu MATHATHI,25 DEC 1985,KEN,1,Edinburgh (GBR),02 OCT 2011
28:03,James Gitahi RUNGARU,14 JAN 1993,KEN,1,Brunssum (NED),07 APR 2013
28:03,Wilson Kipsang KIPROTICH,15 MAR 1982,KEN,3,Appingedam (NED),29 JUN 2013
28:03,Geoffrey TOROTICH,,KEN,1,Tessenderlo (BEL),08 JUL 2013
28:03,John LOTIANG,18 MAR 1991,KEN,4,Praha (CZE),07 SEP 2013
28:03,John Kiprono LANGAT,31 DEC 1996,KEN,3,Laredo (ESP),20 MAR 2016
28:03,Stephen SAMBU,07 JUL 1988,KEN,2,"Boston, MA (USA)",25 JUN 2017
28:03,Robert Kipchirchir MWEI,04 NOV 1998,KEN,4,Berlin (GER),08 OCT 2017
28:03,Jemal Yimer MEKONNEN,11 SEP 1996,ETH,2,Houilles (FRA),31 DEC 2017
28:03,Abayneh DEGU,01 DEC 1998,ETH,1,Valencia (ESP),14 JAN 2018
28:03,Stewart MCSWEYN,01 JUN 1995,AUS,1,Burnie (AUS),21 OCT 2018
28:03,Mande BUSHENDICH,07 APR 1997,UGA,2,Bengaluru (IND),19 MAY 2019
28:03,Ishmael Chelanga KALALE,25 MAY 1995,KEN,1,Arezzo (ITA),25 MAY 2019
28:03,Geoffrey KOECH,28 AUG 1993,KEN,1,Wierden (NED),22 JUN 2019
28:03,Joseph Kiprono KIPTUM,25 SEP 1987,KEN,3,Dakhla (MAR),22 DEC 2019
28:03,Ilyas Yonis OSMAN,14 AUG 1999,SOM,3f1,Berlin (GER),07 MAR 2021
28:03,Marc SCOTT,21 DEC 1993,GBR,1,Manchester (GBR),26 SEP 2021
28:03,Yasin HAJI,22 JAN 1996,ETH,5,Bengaluru (IND),15 MAY 2022
28:03,Isaac KIBET,05 MAY 1996,UGA,5,Durban (RSA),10 JUL 2022
28:03,Mbuleli MATHANGA,24 SEP 1993,RSA,6,Durban (RSA),10 JUL 2022
28:03,Nibret MELAK,09 OCT 1999,ETH,10,Praha (CZE),03 SEP 2022
28:03,Nils VOIGT,02 MAY 1997,GER,7,Houilles (FRA),18 DEC 2022
28:03,Amanal PETROS,17 MAY 1995,GER,18,Valencia (ESP),15 JAN 2023
28:04,Yobes ONDIEKI,21 FEB 1961,KEN,4,"New Orleans, LA (USA)",04 APR 1987
28:04,Paul TERGAT,17 JUN 1969,KEN,1,Punta del Este (URU),05 JAN 1998
28:04,Paul TERGAT,17 JUN 1969,KEN,1,Maldonado (URU),05 JAN 2000
28:04,Greg VAN HEST,03 JUN 1973,NED,3,Groesbeek (NED),10 JUN 2000
28:04,Reuben CHERUIYOT,13 MAR 1974,KEN,3,"Mobile, AL (USA)",24 MAR 2001
28:04,Tom NYARIKI,27 SEP 1971,KEN,3,"Mobile, AL (USA)",23 MAR 2002
28:04,Rodgers ROP,16 FEB 1976,KEN,1,Paderborn (GER),30 MAR 2002
28:04,Daniel KIRUI,29 DEC 1977,KEN,2,Paderborn (GER),30 MAR 2002
28:04,Enock MITEI,26 NOV 1980,KEN,2,La Courneuve (FRA),23 MAR 2003
28:04,Yusuf SONGOKA,05 FEB 1979,KEN,3,Maldonado (URU),06 JAN 2004
28:04,Gilbert OKARI,02 JUL 1978,KEN,2,San Juan (PUR),26 FEB 2006
28:04,Adil ENNANI,30 JUN 1980,MAR,3,Utrecht (NED),07 OCT 2007
28:04,Deriba Merga EJIGU,26 OCT 1980,ETH,1,San Juan (PUR),24 FEB 2008
28:04,Micah Kemboi KOGO,30 JUN 1986,KEN,1f1,Houilles (FRA),28 DEC 2008
28:04,Kimutai KIPLIMO,10 DEC 1981,KEN,6,San Juan (PUR),01 MAR 2009
28:04,Paul Kepkemei KIPKORIR,1982,KEN,4,Groesbeek (NED),07 JUN 2009
28:04,Ezekiel CHEBII,03 JAN 1991,KEN,5,Utrecht (NED),27 SEP 2009
28:04,Leonard LANGAT,07 AUG 1990,KEN,5,Würzburg (GER),17 APR 2011
28:04,Hicham BELLANI,15 SEP 1979,MAR,1,Marrakesh (MAR),02 OCT 2011
28:04,Mohamed EL HACHIMI,05 SEP 1980,MAR,2,Santos (BRA),20 MAY 2012
28:04,Elisha ROTICH,12 APR 1990,KEN,3,Paderborn (GER),30 MAR 2013
28:04,Samuel Tsegay TESFAMARIAM,24 FEB 1988,ERI,1,Wierden (NED),07 JUL 2013
28:04,Samir JOUAHER,29 APR 1985,MAR,3,Marrakesh (MAR),06 OCT 2013
28:04,Deriba Merga EJIGU,26 OCT 1980,ETH,5,Abu Dhabi (UAE),31 JAN 2014
28:04,El Hassan EL ABBASSI,13 APR 1984,BRN,1,Taroudant (MAR),09 MAR 2014
28:04,Reuben MAIYO,22 NOV 1991,KEN,2,Berlin (GER),12 OCT 2014
28:04,Victor Kimutai CHUMO,19 MAR 1987,KEN,1,Houilles (FRA),28 DEC 2014
28:04,Dawit FIKADU,29 DEC 1995,ETH,1,Laredo (ESP),21 MAR 2015
28:04,Pius Dominic ONDORO,03 MAR 1988,KEN,1,"Mobile, AL (USA)",25 MAR 2017
28:04,Abdenasir FATHI,20 MAY 1987,MAR,3,Casablanca (MAR),16 SEP 2018
28:04,Youssef BEN HADI,1994,MAR,4,Casablanca (MAR),09 JUN 2019
28:04,Mohammed ZIANI,01 JAN 1993,MAR,5,Casablanca (MAR),09 JUN 2019
28:04,Philimon Kiptoo KIPCHUMBA,16 OCT 1998,KEN,4f1,Berlin (GER),07 MAR 2021
28:04,Isaac KIBET,05 MAY 1996,UGA,3,Villejuif (FRA),10 OCT 2021
28:04,Thierry NDIKUMWENAYO,26 MAR 1997,BDI,4,Castellón (ESP),27 FEB 2022
28:04,Isaac KIPKEMBOI,10 FEB 2000,KEN,2f1,Cape Town (RSA),15 MAY 2022
28:04,Stanley NJIHIA,02 SEP 1998,KEN,2,Langueux (FRA),25 JUN 2022
28:04,Mathew KIMELI,01 APR 1998,KEN,4,"Atlanta, GA (USA)",04 JUL 2022
28:04,Bravin KIPROP,03 AUG 1998,KEN,6,Langueux (FRA),17 JUN 2023
28:05,Julius KOGO,12 AUG 1985,KEN,1,"Edinburg, TX (USA)",07 FEB 2015
28:05,Leszek BEBŁO,08 JUL 1966,POL,1,Essen (GER),01 MAY 1991
28:05,Peter GITHUKA,14 FEB 1969,KEN,2,"Mobile, AL (USA)",22 MAR 1997
28:05,Abdellah BÉHAR,05 JUL 1963,FRA,,Vincennes (FRA),07 NOV 1999
28:05,William KIPLAGAT,21 JUN 1972,KEN,2,Maldonado (URU),05 JAN 2000
28:05,Abel CHIMUKOKO,20 SEP 1972,ZIM,1,Madrid (ESP),03 MAR 2002
28:05,Philip MANYIM,24 MAR 1978,KEN,2,Madrid (ESP),03 MAR 2002
28:05,Paul Malakwen KOSGEI,22 APR 1978,KEN,2,Houilles (FRA),29 DEC 2002
28:05,Moses MACHIRIA,1973,KEN,4,"Mobile, AL (USA)",23 MAR 2003
28:05,Paul Malakwen KOSGEI,22 APR 1978,KEN,3,San Juan (PUR),29 FEB 2004
28:05,Robert Kipkoech CHERUIYOT,26 SEP 1978,KEN,3,San Juan (PUR),27 FEB 2005
28:05,Chala LEMI,26 FEB 1987,ETH,4,Marseille (FRA),01 MAY 2006
28:05,Wilson Kiprotich KEBENEI,20 JUL 1980,KEN,1,Praha (CZE),10 SEP 2006
28:05,Stanley Kipkosgei SALIL,02 APR 1986,KEN,2,Paderborn (GER),07 APR 2007
28:05,Abdellah FALIL,1976,MAR,1,Appingedam (NED),30 JUN 2007
28:05,Silas KIPRUTO,26 SEP 1984,KEN,2,San Juan (PUR),24 FEB 2008
28:05,Shadrack KOSGEI,24 NOV 1984,KEN,5,"New Orleans, LA (USA)",22 MAR 2008
28:05,Job TANUI,26 AUG 1974,KEN,1,Würzburg (GER),20 APR 2008
28:05,Geoffrey MUTAI,07 OCT 1981,KEN,1,Voorthuizen (NED),16 JUL 2008
28:05,Bernard ROTICH,11 AUG 1986,KEN,3,Utrecht (NED),28 SEP 2008
28:05,John Yuda MSURI,09 JUN 1979,TAN,1,"Green Bay, WI (USA)",13 JUN 2009
28:05,Haile GEBRSELASSIE,18 APR 1973,ETH,1,Luanda (ANG),31 DEC 2010
28:05,Leonard Patrick KOMON,10 JAN 1988,KEN,4,San Juan (PUR),27 FEB 2011
28:05,Titus Kipjumba MBISHEI,28 OCT 1990,KEN,1,Paderborn (GER),23 APR 2011
28:05,Leonard LANGAT,07 AUG 1990,KEN,1,Oelde (GER),08 JUN 2012
28:05,James Gitahi RUNGARU,14 JAN 1993,KEN,4,Paderborn (GER),30 MAR 2013
28:05,Charles CHERUIYOT TOROTICH,04 AUG 1988,KEN,2,Brunssum (NED),07 APR 2013
28:05,Youssef KAMALI,1979,MAR,4,Marrakesh (MAR),06 OCT 2013
28:05,Birhanu LEGESE,11 SEP 1994,ETH,5,Rennes (FRA),13 OCT 2013
28:05,Abrar OSMAN,01 JAN 1994,ERI,2,Houilles (FRA),28 DEC 2014
28:05,Simon CHEPROT,18 FEB 1990,KEN,1,Langueux (FRA),13 JUN 2015
28:05,Philemon CHEBOI,08 NOV 1993,KEN,2,Berlin (GER),11 OCT 2015
28:05,Abayneh DEGU,01 DEC 1998,ETH,3,Berlin (GER),11 OCT 2015
28:05,Daniel KINYUA,25 MAY 1992,KEN,3,Appingedam (NED),25 JUN 2016
28:05,Robert Kipchirchir MWEI,04 NOV 1998,KEN,9,Praha (CZE),09 SEP 2017
28:05,Stephen KISSA,01 DEC 1988,UGA,2,Durban (RSA),08 OCT 2017
28:05,James BUNUKA,01 NOV 1997,KEN,9,Praha (CZE),07 SEP 2019
28:05,Teressa NYAKORA,16 FEB 1995,ETH,1,Abu Dhabi (UAE),06 DEC 2019
28:05,Lawi KOSGEI,14 JAN 1999,KEN,11,Valencia (ESP),12 JAN 2020
28:05,Andrew BUTCHART,14 OCT 1991,GBR,2,Manchester (GBR),26 SEP 2021
28:05,Moses NJOROGE,06 JUN 1998,KEN,7,Lille (FRA),06 NOV 2021
28:05,Vincent Kiprotich KIBET,19 MAR 1999,KEN,5,Málaga (ESP),24 APR 2022
28:05,Conner MANTZ,08 DEC 1996,USA,5,"Atlanta, GA (USA)",04 JUL 2022
28:05,Habtom SAMUEL,30 NOV 2003,ERI,5,Lille (FRA),01 OCT 2022
28:05,Edward Zakayo PINGUA,25 NOV 2001,KEN,6,Lille (FRA),01 OCT 2022
28:05,Kennedy KIPYEKO,15 DEC 1991,KEN,7,Lille (FRA),01 OCT 2022
28:06,Gidamis SHAHANGA,04 SEP 1957,TAN,5,"New Orleans, LA (USA)",04 APR 1987
28:06,Joseph KIMANI,21 SEP 1972,KEN,2,"Mobile, AL (USA)",25 MAR 2000
28:06,Noah BOR,28 JUL 1977,KEN,1,Cuneo (ITA),12 NOV 2000
28:06,James Kimutai KOSKEI,23 NOV 1968,KEN,1,Vancouver (CAN),22 APR 2001
28:06,Dejene BIRHANU,12 DEC 1980,ETH,4,"Mobile, AL (USA)",23 MAR 2002
28:06,John Thuo ITATI,26 DEC 1973,KEN,1,"Charleston, SC (USA)",06 APR 2002
28:06,Benson Rangondi OGATO,02 MAY 1980,KEN,1,Masimba (KEN),30 DEC 2003
28:06,Nicodemus MALAKWEN,1981,KEN,1,Strasbourg (FRA),15 MAY 2005
28:06,Peter Kiprotich CHERUS,27 FEB 1979,KEN,3,Zevenaar (NED),28 AUG 2005
28:06,Lawrence KIPROTICH,20 AUG 1986,KEN,1,Santos (BRA),20 MAY 2007
28:06,Terefe Zewdie MEREGA,23 OCT 1982,KEN,2,Würzburg (GER),20 APR 2008
28:06,Sammy KOECH,,KEN,4,Eldoret (KEN),21 SEP 2008
28:06,William Chebon CHEBOR,22 DEC 1982,KEN,7,San Juan (PUR),01 MAR 2009
28:06,Paul Kepkemei KIPKORIR,1982,KEN,1,Oelde (GER),05 JUN 2009
28:06,Thomas AYEKO,10 FEB 1992,UGA,2,Paderborn (GER),23 APR 2011
28:06,Simon NDIRANGU,01 NOV 1985,KEN,1,"Charleston, SC (USA)",06 APR 2013
28:06,Alfred Kipserem CHEROP,02 MAR 1986,KEN,3,Brunssum (NED),07 APR 2013
28:06,Stephen SAMBU,07 JUL 1988,KEN,1,"Boston, MA (USA)",23 JUN 2013
28:06,Emmanuel Oliaulo NGATUNY,10 OCT 1992,KEN,4,Appingedam (NED),29 JUN 2013
28:06,Emmanuel KIPSANG,13 JUN 1991,KEN,1,Bianco (ITA),28 JUL 2013
28:06,Adugna TAKELE,26 FEB 1989,ETH,2,Berlin (GER),13 OCT 2013
28:06,Micah Kemboi KOGO,30 JUN 1986,KEN,2,Houilles (FRA),29 DEC 2013
28:06,Ahmed TAMRI,08 FEB 1985,MAR,2,Taroudant (MAR),08 MAR 2015
28:06,Emmanuel KIPSANG,13 JUN 1991,KEN,2,Marrakesh (MAR),16 OCT 2016
28:06,John MURITU,30 JUN 1996,KEN,2,"Mobile, AL (USA)",25 MAR 2017
28:06,Dathan RITZENHEIN,30 DEC 1982,USA,1,Manchester (GBR),28 MAY 2017
28:06,John Kiprono LANGAT,31 DEC 1996,KEN,1,Appingedam (NED),24 JUN 2017
28:06,Teshome MEKONEN,05 AUG 1995,ETH,3,"Boston, MA (USA)",25 JUN 2017
28:06,Abel KIPCHUMBA,03 FEB 1994,KEN,10,Praha (CZE),09 SEP 2017
28:06,Taye GIRMA,19 JAN 1996,ETH,2,Valencia (ESP),14 JAN 2018
28:06,Hicham LAQOUAHI,13 JUN 1989,MAR,4,Casablanca (MAR),16 SEP 2018
28:06,Paul KOSGEI,1984,KEN,3,Taroudant (MAR),03 MAR 2019
28:06,Emmanuel BOR,25 DEC 1993,KEN,2,Valenciennes (FRA),31 MAR 2019
28:06,Andrew Rotich KWEMOI,01 SEP 2000,UGA,2,Abu Dhabi (UAE),06 DEC 2019
28:06,Solomon KIPCHOGE,02 MAY 1996,KEN,1,Chon Buri (THA),26 JAN 2020
28:06,Carlos MAYO,18 SEP 1995,ESP,2,Barcelona (ESP),31 DEC 2020
28:06,Oscar CHELIMO,12 DEC 2001,UGA,1,Arezzo (ITA),19 AUG 2021
28:06,Pietro RIVA,01 MAY 1997,ITA,4,Genève (SUI),03 OCT 2021
28:06,Peter LANGAT,20 OCT 1998,KEN,8,Lille (FRA),06 NOV 2021
28:06,Jake ROBERTSON,14 NOV 1989,NZL,1,Manchester (GBR),22 MAY 2022
28:06,Ezekiel MUTAI,25 FEB 2001,UGA,8,Lille (FRA),01 OCT 2022
28:06,Morhad AMDOUNI,21 JUN 1988,FRA,8,Houilles (FRA),18 DEC 2022
28:06,Charles Katul LOKIR,10 JUN 2000,KEN,9,Castellón (ESP),26 FEB 2023
28:06,Geoffrey KOECH,28 AUG 1993,KEN,15,"Adi-Dassler-Straße 1, Herzogenaurach (GER)",29 APR 2023
28:06,Nicholas KIPKORIR,29 SEP 1998,KEN,4,Bengaluru (IND),21 MAY 2023
28:06,Geoffrey TOROITICH,2000,KEN,7,Langueux (FRA),17 JUN 2023
28:07,John DOHERTY,22 JUL 1961,IRL,5,"New Orleans, LA (USA)",04 APR 1987
28:07,Kipchumba Gideon MITEI,1980,KEN,1,"Cleveland, OH (USA)",02 MAY 1999
28:07,Felix LIMO,22 AUG 1980,KEN,1,The Hague (NED),04 JUN 2000
28:07,David CHERUIYOT NGENY,05 MAY 1981,KEN,2,Cuneo (ITA),12 NOV 2000
28:07,Evans RUTTO,08 APR 1978,KEN,2,Vancouver (CAN),22 APR 2001
28:07,Joseph KIMANI,21 SEP 1972,KEN,2,"Green Bay, WI (USA)",09 JUN 2001
28:07,Haile GEBRSELASSIE,18 APR 1973,ETH,1,Praha (CZE),23 SEP 2001
28:07,Emiliano RONCERO,08 MAR 1974,ESP,3,Madrid (ESP),03 MAR 2002
28:07,Paul KOECH,25 JUN 1969,KEN,5,"Mobile, AL (USA)",23 MAR 2002
28:07,James Kipsang KWAMBAI,28 FEB 1983,KEN,1,Cuneo (ITA),10 NOV 2002
28:07,Isaac VICIOSA,26 DEC 1969,ESP,1,Madrid (ESP),31 DEC 2002
28:07,Linus Kipkosgei MAIYO,26 FEB 1983,KEN,4,San Juan (PUR),29 FEB 2004
28:07,Reuben KIBET CHEBII,09 SEP 1982,KEN,1,"Richmond, VA (USA)",27 MAR 2004
28:07,Cathal LOMBARD,12 FEB 1976,IRL,3,Manchester (GBR),23 MAY 2004
28:07,Musa BOIT CHERUTICH,1980,KEN,1,Hilversum (NED),17 APR 2005
28:07,John Cheruiyot KORIR,13 DEC 1981,KEN,1,Marseille (FRA),01 MAY 2005
28:07,Mo FARAH,23 MAR 1983,GBR,3,Manchester (GBR),20 MAY 2007
28:07,Richard SIGEI,11 APR 1985,KEN,4,Rovereto (ITA),04 OCT 2008
28:07,Julius ARILE,15 JUL 1983,KEN,2,Oelde (GER),05 JUN 2009
28:07,Wilfred Kipkosgei MURGOR,12 DEC 1988,KEN,1,Otterndorf (GER),19 SEP 2010
28:07,Joseph EBUYA,20 JUN 1987,KEN,5,San Juan (PUR),27 FEB 2011
28:07,Titus WARURU,29 MAR 1992,KEN,1,Tamana (JPN),06 MAR 2011
28:07,Wilfred Kipkosgei MURGOR,12 DEC 1988,KEN,1,Hilversum (NED),17 APR 2011
28:07,Alex KORIO,20 NOV 1990,KEN,1,Bengaluru (IND),19 MAY 2013
28:07,Wilson KIPROP,14 APR 1987,KEN,2,Bianco (ITA),28 JUL 2013
28:07,Emmanuel Kipkemei BETT,29 MAR 1985,KEN,3,Houilles (FRA),29 DEC 2013
28:07,Isiah Kiplangat KOECH,19 DEC 1993,KEN,2,"New Orleans, LA (USA)",19 APR 2014
28:07,David KOGEI,05 MAY 1985,KEN,2,Ottawa (CAN),24 MAY 2014
28:07,Edwin KIPTOO,14 AUG 1993,KEN,1,Den Haag (NED),25 MAY 2014
28:07,Wilson Kiprono TOO,14 MAR 1991,KEN,3,Berlin (GER),12 OCT 2014
28:07,Amos MITEI,10 MAR 1992,KEN,1,Stadskanaal (NED),06 APR 2015
28:07,Arne GABIUS,22 MAR 1981,GER,4,Berlin (GER),11 OCT 2015
28:07,Silas KIPRUTO,26 SEP 1984,KEN,2,"New Orleans, LA (USA)",26 MAR 2016
28:07,Julius KOGO,12 AUG 1985,KEN,3,"Mobile, AL (USA)",25 MAR 2017
28:07,Marius KIMUTAI,10 DEC 1992,BRN,1,Kapsabet (KEN),22 SEP 2018
28:07,Bashir ABDI,10 FEB 1989,BEL,1,Schoorl (NED),10 FEB 2019
28:07,Hamid BEN DAOUD,19 FEB 1996,ESP,4,Taroudant (MAR),03 MAR 2019
28:07,Girma BEKELE,29 DEC 1992,ETH,2,"New York, NY (USA)",28 APR 2019
28:07,James MBURUGU,05 JAN 1989,KEN,2,Arezzo (ITA),19 AUG 2021
28:07,Jack ROWE,30 JAN 1996,GBR,3,Manchester (GBR),26 SEP 2021
28:07,Carlos Martín DÍAZ DEL RIO,09 JUL 1993,CHI,7,Laredo (ESP),19 MAR 2022
28:07,Kennedy KIMUTAI,03 JUN 1999,KEN,2,"Boston, MA (USA)",26 JUN 2022
28:07,Fredrick Yeko DOMONGOLE,03 OCT 2002,KEN,8,Brasov (ROU),25 SEP 2022
28:07,Mohammed BYBAT,30 JUN 1996,MAR,1,Marrakesh (MAR),02 OCT 2022
28:07,Andrew BUTCHART,14 OCT 1991,GBR,19,Valencia (ESP),15 JAN 2023
28:08,Bernard BARMASAI,06 MAY 1974,KEN,1,Bolzano (ITA),31 DEC 1997
28:08,John Morimbori GWAKO,04 SEP 1978,KEN,3,Brunssum (NED),05 APR 1998
28:08,Jon BROWN,27 FEB 1971,GBR,1,Madrid (ESP),31 DEC 1999
28:08,James Kimutai KOSKEI,23 NOV 1968,KEN,1,"Cleveland, OH (USA)",29 APR 2001
28:08,Yusuf SONGOKA,05 FEB 1979,KEN,1,Recanati (ITA),14 JUL 2001
28:08,Elhossine ESSEMAALI,16 JAN 1975,MAR,4,Madrid (ESP),03 MAR 2002
28:08,Moses MACHIRIA,1973,KEN,6,"Mobile, AL (USA)",23 MAR 2002
28:08,Philip MOSIMA,02 JAN 1977,KEN,1,Brunssum (NED),07 APR 2002
28:08,Jason MBOTE,05 JAN 1977,KEN,2,Brunssum (NED),06 APR 2003
28:08,Elijah NYABUTI,10 FEB 1979,KEN,2,Gualtieri (ITA),21 APR 2003
28:08,Martin Kiptolo LEL,29 OCT 1978,KEN,4,San Juan (PUR),27 FEB 2005
28:08,Gilbert OKARI,02 JUL 1978,KEN,1,San Juan (PUR),25 FEB 2007
28:08,Dathan RITZENHEIN,30 DEC 1982,USA,1,"New York, NY (USA)",19 MAY 2007
28:08,Nouredinne ATHAMNA,25 MAY 1984,ALG,4,Utrecht (NED),07 OCT 2007
28:08,Micah Kemboi KOGO,30 JUN 1986,KEN,1,London (GBR),27 MAY 2008
28:08,Jairus CHANCHIMA,05 DEC 1984,KEN,1,Magny-le-Hongre (FRA),08 MAR 2009
28:08,Abraham CHEBII,23 DEC 1979,KEN,1,Würzburg (GER),26 APR 2009
28:08,Birhanu DELELE,27 APR 1990,ETH,3,Brunssum (NED),28 MAR 2010
28:08,Philemon LIMO,02 AUG 1985,KEN,3,Marseille (FRA),01 MAY 2010
28:08,Nicodemus BIWOT,1980,KEN,1,Roma (ITA),09 MAY 2010
28:08,Moses Ndiema KIPSIRO,02 SEP 1986,UGA,2,Bengaluru (IND),16 MAY 2010
28:08,Boniface KIRUI,27 OCT 1987,KEN,3,Utrecht (NED),26 SEP 2010
28:08,Djamel BACHIRI,22 MAY 1977,FRA,1,Lambersart (FRA),25 SEP 2011
28:08,Titus Kipjumba MBISHEI,28 OCT 1990,KEN,2,Edinburgh (GBR),02 OCT 2011
28:08,Haile GEBRSELASSIE,18 APR 1973,ETH,5,Luanda (ANG),31 DEC 2011
28:08,Isaac MUKUNDI,1987,KEN,3,Rennes (FRA),14 OCT 2012
28:08,Clement Kiprono LANGAT,18 DEC 1991,KEN,5,Taroudant (MAR),10 MAR 2013
28:08,Abdi NAGEEYE,02 MAR 1989,NED,4,Brunssum (NED),07 APR 2013
28:08,Philip Kipkurgat YIEGO,1979,KEN,5,Brunssum (NED),07 APR 2013
28:08,Jacob Kibet Chulyo KENDAGOR,24 AUG 1984,KEN,4,Würzburg (GER),28 APR 2013
28:08,Arne GABIUS,22 MAR 1981,GER,4,Berlin (GER),12 OCT 2014
28:08,John Kiprono LANGAT,31 DEC 1996,KEN,5,Berlin (GER),11 OCT 2015
28:08,Kenenisa BEKELE,13 JUN 1982,ETH,1,Manchester (GBR),22 MAY 2016
28:08,Daniel Lemashon SALEL,11 DEC 1990,KEN,3,"Boston, MA (USA)",26 JUN 2016
28:08,Dominic KORIR,12 MAY 1993,KEN,3,"Charleston, SC (USA)",06 APR 2019
28:08,David Kiprotich BETT,18 OCT 1992,KEN,1,"Boston, MA (USA)",23 JUN 2019
28:08,Richard DOUMA,17 APR 1993,NED,12,Valencia (ESP),12 JAN 2020
28:08,Daniele MEUCCI,07 OCT 1985,ITA,13,Valencia (ESP),12 JAN 2020
28:08,Eyob GHEBREHIWET FANIEL,26 NOV 1992,ITA,2,Madrid (ESP),31 DEC 2020
28:08,Richard DOUMA,17 APR 1993,NED,5f1,Berlin (GER),07 MAR 2021
28:08,Taresa TOLOSA,15 JUN 1998,ETH,9,Lille (FRA),06 NOV 2021
28:08,Andrew Rotich KWEMOI,01 SEP 2000,UGA,3,Langueux (FRA),25 JUN 2022
28:08,Shadrack KIMINING,10 FEB 1996,KEN,6,"Atlanta, GA (USA)",04 JUL 2022
28:08,Abel Boniface SIKOWO,27 FEB 1999,UGA,7,Durban (RSA),10 JUL 2022
28:08,Hicham LAQOUAHI,13 JUN 1989,MAR,2,Marrakesh (MAR),02 OCT 2022
28:09,Paul Malakwen KOSGEI,22 APR 1978,KEN,2,Bolzano (ITA),31 DEC 1997
28:09,Shadrack HOFF,19 MAY 1973,RSA,2,"Cleveland, OH (USA)",02 MAY 1999
28:09,Reuben CHERUIYOT,13 MAR 1974,KEN,1,"Cleveland, OH (USA)",30 APR 2000
28:09,Stephen RERIMOI,22 DEC 1973,KEN,1,Gualtieri (ITA),16 APR 2001
28:09,Paul CHEMASE,24 AUG 1976,KEN,5,Madrid (ESP),03 MAR 2002
28:09,Tewodros SHIFERAW,21 SEP 1980,ETH,8,La Courneuve (FRA),31 MAR 2002
28:09,Yusuf SONGOKA,05 FEB 1979,KEN,1,Gualtieri (ITA),01 APR 2002
28:09,Khalid EL AMRI,20 MAR 1977,MAR,2,Marseille (FRA),01 MAY 2002
28:09,Jason MBOTE,05 JAN 1977,KEN,1,Zevenaar (NED),31 AUG 2003
28:09,Robert Kipkoech CHERUIYOT,26 SEP 1978,KEN,1,Maldonado (URU),06 JAN 2006
28:09,Samuel Kamau WANJIRU,10 NOV 1986,KEN,3,San Juan (PUR),26 FEB 2006
28:09,Cosmas Koech KIMUTAI,09 OCT 1985,KEN,2,San Juan (PUR),25 FEB 2007
28:09,José Manuel MARTÍNEZ,22 OCT 1971,ESP,4,Manchester (GBR),20 MAY 2007
28:09,John Cheruiyot KORIR,15 DEC 1975,KEN,1,"Green Bay, WI (USA)",09 JUN 2007
28:09,Wilson Kipsang KIPROTICH,15 MAR 1982,KEN,3,San Juan (PUR),24 FEB 2008
28:09,Ben Kimutai KIMWOLE,1978,KEN,2,Groesbeek (NED),07 JUN 2008
28:09,Peter Cheruiyot KIRUI,02 JAN 1988,KEN,1,La Coruña (ESP),11 OCT 2009
28:09,Kaan Kigen ÖZBILEN,15 JAN 1986,KEN,4,Brunssum (NED),28 MAR 2010
28:09,Wilfred Kipkosgei MURGOR,12 DEC 1988,KEN,1,Hilversum (NED),18 APR 2010
28:09,Ayad LAMDASSEM,11 OCT 1981,ESP,2,Manchester (GBR),16 MAY 2010
28:09,Lelisa DESISA,14 JAN 1990,ETH,1,Ottawa (CAN),29 MAY 2010
28:09,Getachew DEREGE,,ETH,5,Taroudant (MAR),06 MAR 2011
28:09,Leonard LANGAT,07 AUG 1990,KEN,2,Bengaluru (IND),05 JUN 2011
28:09,Alex KORIR,22 SEP 1982,KEN,2,Bengaluru (IND),27 MAY 2012
28:09,Tebalu ZAWUDE HEYI,02 NOV 1987,ETH,4,Rennes (FRA),14 OCT 2012
28:09,Stephen KIPCHIRCHIR,1990,KEN,5,Rennes (FRA),14 OCT 2012
28:09,Dawit WELDESILASIE,10 DEC 1994,ERI,4,Houilles (FRA),29 DEC 2013
28:09,Tesfaye GIRMA,25 SEP 1982,ETH,6,Abu Dhabi (UAE),31 JAN 2014
28:09,Geoffrey MUTAI,07 OCT 1981,KEN,3,Ottawa (CAN),24 MAY 2014
28:09,Leonard KORIR,10 DEC 1986,KEN,4,"Boston, MA (USA)",22 JUN 2014
28:09,Daniel Lemashon SALEL,11 DEC 1990,KEN,1,"Boston, MA (USA)",21 JUN 2015
28:09,Geoffrey RONOH,29 NOV 1982,KEN,8,Praha (CZE),05 SEP 2015
28:09,Edwin ROTICH,08 AUG 1988,KEN,1,Doha (QAT),13 JAN 2017
28:09,Yohanes GHEBREGERGIS,01 JAN 1989,ERI,3,Valencia (ESP),14 JAN 2018
28:09,Daniel Kipchumba CHEBII,25 MAY 1985,KEN,2,"Boston, MA (USA)",23 JUN 2019
28:09,Telahun Haile BEKELE,13 MAY 1999,ETH,1,Trento (ITA),05 OCT 2019
28:09,Juan Antonio PÉREZ,06 NOV 1988,ESP,14,Valencia (ESP),12 JAN 2020
28:09,Jonas LEANDERSON,26 JAN 1991,SWE,1,Dresden (GER),08 NOV 2020
28:09,Mike FOPPEN,29 NOV 1996,NED,10,Lille (FRA),06 NOV 2021
28:09,Mogos TUEMAY,24 MAY 1997,ETH,12,Herzogenaurach (GER),30 APR 2022
28:09,Philemon KIPLIMO,10 OCT 1998,KEN,3,"Boston, MA (USA)",26 JUN 2022
28:09,Ben TRUE,29 DEC 1985,USA,4,"Boston, MA (USA)",26 JUN 2022
28:09,Alex Chesiro MASAI,05 FEB 1997,KEN,3,"Boston, MA (USA)",25 JUN 2023
28:10,Worku BIKILA,06 MAY 1968,ETH,3,"Cleveland, OH (USA)",02 MAY 1999
28:10,Jackson KOECH,26 DEC 1978,KEN,3,Vancouver (CAN),22 APR 2001
28:10,Luc KROTWAAR,25 JAN 1968,NED,2,Brunssum (NED),07 APR 2002
28:10,Stefano BALDINI,25 MAY 1971,ITA,1,Arco (ITA),17 AUG 2002
28:10,Benson Kipchumba CHERONO,30 JUN 1984,KEN,1,Santos (BRA),16 MAY 2004
28:10,Stefano BALDINI,25 MAY 1971,ITA,1,Porto S. Elpidio (ITA),18 JUL 2004
28:10,Solomon BUSHENDICH,10 JAN 1984,KEN,1,Gualtieri (ITA),28 MAR 2005
28:10,David KOGO,1986,KEN,1,Marseille (FRA),20 NOV 2005
28:10,Johnstone Kipkorir CHEPKWONY,05 MAY 1984,KEN,1,Würzburg (GER),30 APR 2006
28:10,Elijah SANG,1980,KEN,2,Würzburg (GER),30 APR 2006
28:10,Stanley Muiruri NGANGA,30 JUN 1986,KEN,5,Groesbeek (NED),02 JUN 2007
28:10,Nicholas Manza KAMAKYA,02 MAR 1985,KEN,6,"New Orleans, LA (USA)",22 MAR 2008
28:10,Günther WEIDLINGER,05 APR 1978,AUT,1,Manchester (GBR),18 MAY 2008
28:10,Tsegaye KEBEDE,15 JAN 1987,ETH,3,Bengaluru (IND),18 MAY 2008
28:10,Isaiah ONDIEKI,1988,KEN,2,Magny-le-Hongre (FRA),08 MAR 2009
28:10,Gilbert Kipruto KIRWA,20 DEC 1985,KEN,1,Wierden (NED),04 JUL 2009
28:10,Julius ARILE,15 JUL 1983,KEN,1,Groesbeek (NED),06 JUN 2010
28:10,John Nzau MWANGANGI,11 JAN 1990,KEN,4,Utrecht (NED),26 SEP 2010
28:10,Chesari Kirui JACOB,06 APR 1984,KEN,3,Berlin (GER),10 OCT 2010
28:10,Alex KORIO,20 NOV 1990,KEN,3,Marseille (FRA),01 MAY 2011
28:10,Haile GEBRSELASSIE,18 APR 1973,ETH,1,Manchester (GBR),15 MAY 2011
28:10,Abera KUMA,31 AUG 1990,ETH,2,Rennes (FRA),09 OCT 2011
28:10,Linus Kipwambok CHUMBA,09 FEB 1980,KEN,4,"New Orleans, LA (USA)",30 MAR 2013
28:10,Jacob Kibet Chulyo KENDAGOR,24 AUG 1984,KEN,5,Paderborn (GER),30 MAR 2013
28:10,Philip Kiprono LANGAT,23 APR 1990,KEN,1,Appingedam (NED),28 JUN 2014
28:10,Cornelius KANGOGO,15 DEC 1993,KEN,1,Houilles (FRA),27 DEC 2015
28:10,Amos KURGAT,07 MAR 1992,KEN,6,Praha (CZE),10 SEP 2016
28:10,Mourad MAROUFIT,26 JAN 1982,MAR,3,Marrakesh (MAR),16 OCT 2016
28:10,Edwin ROTICH,08 AUG 1988,KEN,2,"New Orleans, LA (USA)",15 APR 2017
28:10,Dathan RITZENHEIN,30 DEC 1982,USA,4,"Boston, MA (USA)",25 JUN 2017
28:10,Monatcer ZAGHOU,01 JAN 1989,MAR,2,Tan-Tan (MAR),19 NOV 2017
28:10,Teshome MEKONEN,05 AUG 1995,ETH,3,"New York, NY (USA)",29 APR 2018
28:10,Haftu TEKLU,21 JAN 2000,ETH,5,Houilles (FRA),30 DEC 2018
28:10,Cornelius KANGOGO,15 DEC 1993,KEN,6,Houilles (FRA),30 DEC 2018
28:10,Ben CONNOR,17 OCT 1992,GBR,15,Valencia (ESP),12 JAN 2020
28:10,Yassine ZAKI,1992,MAR,2,Casablanca (MAR),09 FEB 2020
28:10,Eyob GHEBREHIWET FANIEL,26 NOV 1992,ITA,1,Monza (ITA),12 SEP 2020
28:10,Omar EL HARRASS,01 JAN 1988,MAR,3,Marrakesh (MAR),02 OCT 2022
28:10,Edward Zakayo PINGUA,25 NOV 2001,KEN,6,Lille (FRA),19 MAR 2023
28:10,Ilias FIFA,16 MAY 1989,ESP,8,Langueux (FRA),17 JUN 2023
