Mark,Competitor,DOB,Nat,Pos,Venue,Date
30.81,Wayde VAN NIEKERK,15 JUL 1992,RSA,1,"Mestský Stadion, Ostrava (CZE)",28 JUN 2017
30.85,Michael JOHNSON,13 SEP 1967,USA,1,Pretoria (RSA),24 MAR 2000
30.97,Usain BOLT,21 AUG 1986,JAM,1f1,"Mestský Stadion, Ostrava (CZE)",27 MAY 2010
31.03,Wayde VAN NIEKERK,15 JUL 1992,RSA,1,Kingston (JAM),11 JUN 2016
31.23,LaShawn MERRITT,27 JUN 1986,USA,2,Kingston (JAM),11 JUN 2016
31.3,LaShawn MERRITT,27 JUN 1986,USA,1,"Eugene, OR (USA)",07 JUN 2009
31.31,LaShawn MERRITT,27 JUN 1986,USA,1,"Eugene, OR (USA)",08 AUG 2006
31.44,Isaac MAKWALA,24 SEP 1985,BOT,2,"Mestský Stadion, Ostrava (CZE)",28 JUN 2017
31.48,Danny EVERETT,01 NOV 1966,USA,1,Jerez de la Frontera (ESP),03 SEP 1990
31.48,Roberto HERNÁNDEZ,06 MAR 1967,CUB,2,Jerez de la Frontera (ESP),03 SEP 1990
31.52,Steven GARDINER,12 SEP 1995,BAH,1,"Estadio Francisco Montaner, Ponce (PUR)",12 MAY 2022
31.52,Letsile TEBOGO,07 JUN 2003,BOT,1,"Pilditch Stadium, Pretoria (RSA)",18 FEB 2023
31.53,LaShawn MERRITT,27 JUN 1986,USA,1,"Atlanta, GA (USA)",01 AUG 2015
31.56,Michael JOHNSON,13 SEP 1967,USA,1,Salamanca (ESP),22 JUL 1994
31.56,Douglas WALKER,28 JUL 1973,GBR,1,Gateshead (GBR),19 JUL 1998
31.59,Steven GARDINER,12 SEP 1995,BAH,1,"Pista Basilio Rodriguez, Carolina (PUR)",17 MAR 2023
31.61,Anthuan MAYBANK,30 DEC 1969,USA,1,"Durham, NC (USA)",13 JUL 1996
31.61,Clarence MUNYAI,20 FEB 1998,RSA,3,"Mestský Stadion, Ostrava (CZE)",28 JUN 2017
31.63,Wayde VAN NIEKERK,15 JUL 1992,RSA,1,"Alexander Stadium, Birmingham (GBR)",07 JUN 2015
31.64,Tony MCQUAY,16 APR 1990,USA,3,Kingston (JAM),11 JUN 2016
31.67,John REGIS,13 OCT 1966,GBR,1,Gateshead (GBR),17 JUL 1992
31.69,Roberto HERNÁNDEZ,06 MAR 1967,CUB,1,Bratislava (TCH),20 JUN 1990
31.7,Kirk BAPTISTE,20 JUN 1963,USA,1,London (GBR),18 AUG 1984
31.72,Michael JOHNSON,13 SEP 1967,USA,1,Gateshead (GBR),30 JUL 1993
31.72,Jeremy WARINER,31 JAN 1984,USA,1,Ostrava (CZE),12 JUN 2008
31.73,Thomas JEFFERSON,08 JUN 1962,USA,1,London (GBR),22 AUG 1987
31.74,Gabriel TIACOH,10 SEP 1963,CIV,1,La Coruña (ESP),06 AUG 1986
31.77,Tyler CHRISTOPHER,03 OCT 1983,CAN,1,Saint Anne (FRA),20 MAY 2004
31.77,Isaac MAKWALA,24 SEP 1985,BOT,1,Pretoria (RSA),08 MAR 2018
31.8,Pavel MASLÁK,21 FEB 1991,CZE,4,"Mestský Stadion, Ostrava (CZE)",28 JUN 2017
31.81,Gil ROBERTS,15 MAR 1989,USA,4,Kingston (JAM),11 JUN 2016
31.81,Vernon NORWOOD,10 APR 1992,USA,2,"Estadio Francisco Montaner, Ponce (PUR)",12 MAY 2022
31.82,Steve LEWIS,16 MAY 1969,USA,2,Gateshead (GBR),17 JUL 1992
31.83,Steven GARDINER,12 SEP 1995,BAH,1,"Santa Fe High School Track, Alachua, FL (USA)",05 JUL 2020
31.87,Mark RICHARDSON,26 JUL 1972,GBR,2,Gateshead (GBR),19 JUL 1998
31.87,Jonathan BORLÉE,22 FEB 1988,BEL,1,Liège (BEL),05 JUL 2012
31.88,Darren CLARK,06 SEP 1965,AUS,1,Belfast (GBR),30 JUN 1986
31.89,Luka JANEŽIČ,14 NOV 1995,SLO,1,Slovenska Bistrica (SLO),27 MAY 2017
31.91,Isaac MAKWALA,24 SEP 1985,BOT,5,Kingston (JAM),11 JUN 2016
31.92,Lalonde GORDON,25 NOV 1988,TTO,1,Liège (BEL),19 JUL 2017
31.93,Xavier CARTER,08 DEC 1985,USA,2,"Eugene, OR (USA)",07 JUN 2009
31.93,Karol ZALEWSKI,07 AUG 1993,POL,1,"Stadio Guidobaldi, Rieti (ITA)",07 SEP 2014
31.94,Rusheen MCDONALD,17 AUG 1992,JAM,1,"Stadio Guidobaldi, Rieti (ITA)",13 SEP 2015
31.95,Michael JOHNSON,13 SEP 1967,USA,1,Gateshead (GBR),09 AUG 1991
31.95,Gary KIKAYA,04 FEB 1978,COD,1,Villeneuve d'Ascq (FRA),12 JUN 2005
31.95,Steven GARDINER,12 SEP 1995,BAH,1f1,"Santa Fe High School Track, Alachua, FL (USA)",27 JUN 2020
31.96,Marc FOUCAN,14 OCT 1971,FRA,1,Strasbourg (FRA),29 JUN 1999
31.97,Innocent EGBUNIKE,30 NOV 1961,NGR,1,London (GBR),08 AUG 1986
31.97,Rusheen MCDONALD,17 AUG 1992,JAM,1,"Stadio Guidobaldi, Rieti (ITA)",08 SEP 2013
31.98,John REGIS,13 OCT 1966,GBR,1,Belfast (GBR),19 JUN 1993
31.99,John REGIS,13 OCT 1966,GBR,1,Belfast (GBR),21 JUN 1991
31.99,Christopher BROWN,15 OCT 1978,BAH,2,"Alexander Stadium, Birmingham (GBR)",07 JUN 2015
32.0,Alvin HARRISON,20 JAN 1974,USA,2,"Durham, NC (USA)",13 JUL 1996
32.01,Darren CLARK,06 SEP 1965,AUS,2,London (GBR),08 AUG 1986
32.01,Matteo GALVAN,24 AUG 1988,ITA,2,"Stadio Guidobaldi, Rieti (ITA)",07 SEP 2014
32.04,Andrew VALMON,01 JAN 1965,USA,3,Jerez de la Frontera (ESP),03 SEP 1990
32.04,Nathon ALLEN,28 OCT 1995,JAM,3,"Estadio Francisco Montaner, Ponce (PUR)",12 MAY 2022
32.05,Innocent EGBUNIKE,30 NOV 1961,NGR,1,"Azusa, CA (USA)",28 MAR 1987
32.05,Butch REYNOLDS,08 JUN 1964,USA,1,Belfast (GBR),20 JUL 1987
32.05,Robson DA SILVA,04 SEP 1964,BRA,1,Jerez de la Frontera (ESP),17 SEP 1991
32.05,Demetrius PINDER,13 FEB 1989,BAH,1f1,Liège (BEL),16 JUL 2014
32.06,Butch REYNOLDS,08 JUN 1964,USA,1,Belfast (GBR),17 JUL 1989
32.06,Jamie BAULCH,03 MAY 1973,GBR,1,Cardiff (GBR),31 MAY 1997
32.07,Roberto HERNÁNDEZ,06 MAR 1967,CUB,1,Jerez de la Frontera (ESP),13 SEP 1989
32.07,Quincy WATTS,19 JUN 1970,USA,2,Gateshead (GBR),30 JUL 1993
32.07,Bryshon NELLUM,01 MAY 1989,USA,2,"Atlanta, GA (USA)",01 AUG 2015
32.08,Roger BLACK,31 MAR 1966,GBR,4,London (GBR),08 AUG 1986
32.08,Lythe PILLAY,25 FEB 2003,RSA,2,"Pilditch Stadium, Pretoria (RSA)",18 FEB 2023
32.09,Darren CLARK,06 SEP 1965,AUS,1,Gateshead (GBR),09 AUG 1985
32.1,Michael MARSH,04 AUG 1967,USA,3,Gateshead (GBR),30 JUL 1993
32.1,Johan WISSMAN,02 NOV 1982,SWE,1,Sollentuna (SWE),08 JUL 2008
32.1,Jonathan BORLÉE,22 FEB 1988,BEL,1f1,Kessel-Lo (BEL),13 AUG 2011
32.1,Sinesipho DAMBILE,02 MAR 2002,RSA,1,Pretoria (RSA),07 FEB 2020
32.12,John REGIS,13 OCT 1966,GBR,4,Gateshead (GBR),30 JUL 1993
32.13,Thapelo PHORA,21 NOV 1991,RSA,2,Pretoria (RSA),07 FEB 2020
32.14,Todd BENNETT,06 JUL 1962,GBR,2,London (GBR),18 AUG 1984
32.14,Mark RICHARDSON,26 JUL 1972,GBR,1,London (GBR),11 AUG 1996
32.14,Wallace SPEARMON,24 DEC 1984,USA,3,"Eugene, OR (USA)",07 JUN 2009
32.14,Delano WILLIAMS,23 DEC 1993,GBR,3,"Alexander Stadium, Birmingham (GBR)",07 JUN 2015
32.15,Morne NAGEL,23 MAR 1978,RSA,1,Bellville (RSA),15 DEC 2006
32.16,Mel LATTANY,10 AUG 1959,USA,1,Gateshead (GBR),31 JUL 1983
32.16,Walter MCCOY,15 NOV 1958,USA,3,London (GBR),18 AUG 1984
32.17,Darrell ROBINSON,23 DEC 1963,USA,1,Birmingham (GBR),19 AUG 1986
32.17,David VERBURG,14 MAY 1991,USA,4,"Alexander Stadium, Birmingham (GBR)",07 JUN 2015
32.18,Carl LEWIS,01 JUL 1961,USA,4,London (GBR),18 AUG 1984
32.18,Gabriel TIACOH,10 SEP 1963,CIV,2,Jerez de la Frontera (ESP),13 SEP 1989
32.18,Leslie DJHONE,18 MAR 1981,FRA,1,"Stade Raymond Petit, Tomblaine (FRA)",16 SEP 2003
32.19,Atlee MAHORN,27 OCT 1965,CAN,5,London (GBR),08 AUG 1986
32.19,Innocent EGBUNIKE,30 NOV 1961,NGR,1,"Azusa, CA (USA)",15 APR 1989
32.19,Jason ROUSER,22 MAR 1970,USA,1,"Eugene, OR (USA)",04 JUN 1994
32.2,Darren CLARK,06 SEP 1965,AUS,1,Canberra (AUS),26 JAN 1989
32.2,Jonathan BORLÉE,22 FEB 1988,BEL,2,Liège (BEL),19 JUL 2017
32.21,Leslie DJHONE,18 MAR 1981,FRA,1,Strasbourg (FRA),28 JUN 2004
32.21,Kenji FUJIMITSU,01 MAY 1986,JPN,1,Izumo (JPN),12 APR 2015
32.21,Lalonde GORDON,25 NOV 1988,TTO,1,Liège (BEL),15 JUL 2015
32.22,Dennis MITCHELL,20 FEB 1966,USA,1,Jerez de la Frontera (ESP),28 JUN 1988
32.22,Butch REYNOLDS,08 JUN 1964,USA,1,Bruxelles (BEL),19 AUG 1988
32.22,Dean CAPOBIANCO,11 MAY 1970,AUS,3,Gateshead (GBR),17 JUL 1992
32.22,Nery BRENES,25 SEP 1985,CRC,5,"Mestský Stadion, Ostrava (CZE)",28 JUN 2017
32.22,Kévin BORLÉE,22 FEB 1988,BEL,3,Liège (BEL),19 JUL 2017
32.23,Pietro MENNEA,28 JUN 1952,ITA,1,Rieti (ITA),21 JUL 1979
32.23,Andrew VALMON,01 JAN 1965,USA,1,Sheffield (GBR),15 SEP 1991
32.23,Solomon WARISO,11 NOV 1966,GBR,3,Gateshead (GBR),19 JUL 1998
32.23,Rafał OMELKO,16 JAN 1989,POL,6,"Mestský Stadion, Ostrava (CZE)",28 JUN 2017
32.24,Leslie DJHONE,18 MAR 1981,FRA,2,Villeneuve d'Ascq (FRA),12 JUN 2005
32.24,Marek NIIT,09 AUG 1987,EST,3,"Stadio Guidobaldi, Rieti (ITA)",07 SEP 2014
32.25,Innocent EGBUNIKE,30 NOV 1961,NGR,2,London (GBR),22 AUG 1987
32.25,Jamie BAULCH,03 MAY 1973,GBR,2,London (GBR),11 AUG 1996
32.25,Kenji FUJIMITSU,01 MAY 1986,JPN,1f1,Izumo (JPN),20 APR 2014
32.25,Karol ZALEWSKI,07 AUG 1993,POL,1,"Mestský Stadion, Ostrava (CZE)",26 MAY 2015
32.25,Liemarvin BONEVACIA,05 APR 1989,NED,7,"Mestský Stadion, Ostrava (CZE)",28 JUN 2017
32.26,Michael FRANKS,23 SEP 1963,USA,1,Bern (SUI),16 AUG 1985
32.26,Roger BLACK,31 MAR 1966,GBR,3,London (GBR),11 AUG 1996
32.26,Mark HYLTON,24 SEP 1976,GBR,4,Gateshead (GBR),19 JUL 1998
32.26,Leslie DJHONE,18 MAR 1981,FRA,1,Strasbourg (FRA),26 JUN 2003
32.27,Ian MORRIS,30 NOV 1961,TTO,1,Cwmbran (GBR),12 JUL 1992
32.27,Marcus LA GRANGE,12 DEC 1977,RSA,1,Brasschaat (BEL),13 AUG 2003
32.27,Reynier MENA,21 NOV 1996,CUB,1f1,"Estádio 1o de Maio, Lisboa (POR)",25 APR 2023
32.28,Pietro MENNEA,28 JUN 1952,ITA,1,Rieti (ITA),02 JUN 1975
32.28,Fawzi Dahash AL SHAMMARI,13 FEB 1979,KUW,1,Ljubljana (SLO),10 AUG 2004
32.28,Young Talkmore NYONGANI,02 SEP 1983,ZIM,3,Villeneuve d'Ascq (FRA),12 JUN 2005
32.28,Eseosa Fostine DESALU,19 FEB 1994,ITA,4,"Stadio Guidobaldi, Rieti (ITA)",07 SEP 2014
32.29,Kevin WIDMER,23 SEP 1970,SUI,1,Langenthal (SUI),02 AUG 1995
32.29,Yuzo KANEMARU,18 SEP 1987,JPN,1,Izumo (JPN),19 APR 2009
32.29,Chris CLARKE,25 JAN 1990,GBR,2,"Stadio Guidobaldi, Rieti (ITA)",13 SEP 2015
32.29,Christopher TAYLOR,01 OCT 1999,JAM,4,"Estadio Francisco Montaner, Ponce (PUR)",12 MAY 2022
32.31,Henry THOMAS,10 JUL 1967,USA,2,"Azusa, CA (USA)",15 APR 1989
32.31,Mark RICHARDSON,26 JUL 1972,GBR,2,Cwmbran (GBR),12 JUL 1992
32.31,Alejandro Manuel CÁRDENAS,04 OCT 1974,MEX,1f2,"Marietta, GA (USA)",21 JUL 1996
32.31,Jiří VOJTÍK,02 JUL 1981,CZE,1,Pliezhausen (GER),16 MAY 2004
32.31,Jonathan BORLÉE,22 FEB 1988,BEL,1,Liège (BEL),10 JUL 2013
32.31,Rafał OMELKO,16 JAN 1989,POL,1f2,Pliezhausen (GER),18 MAY 2014
32.31,Rabah YOUSIF,11 DEC 1986,GBR,5,"Stadio Guidobaldi, Rieti (ITA)",07 SEP 2014
32.32,Derek REDMOND,03 SEP 1965,GBR,1,Gateshead (GBR),16 JUL 1988
32.32,Quincy WATTS,19 JUN 1970,USA,2,"Eugene, OR (USA)",04 JUN 1994
32.32,Yuzo KANEMARU,18 SEP 1987,JPN,1,Taisha (JPN),20 APR 2008
32.32,LJ VAN ZYL,20 JUL 1985,RSA,1f2,Berlin (GER),05 AUG 2009
32.32,Edino STEELE,01 JUN 1987,JAM,1,Lahti (FIN),17 JUL 2013
32.33,Antonio PETTIGREW,03 NOV 1967,USA,3,Jerez de la Frontera (ESP),13 SEP 1989
32.33,James HARRIS,18 SEP 1991,USA,1f2,Liège (BEL),16 JUL 2014
32.34,Gabriel TIACOH,10 SEP 1963,CIV,2,"Azusa, CA (USA)",28 MAR 1987
32.34,Matija ŠESTAK,30 DEC 1972,SLO,2,Ljubljana (SLO),10 AUG 2004
32.34,Greg NIXON,12 SEP 1981,USA,1,"Pasadena, CA (USA)",23 MAR 2013
32.34,Pavel MASLÁK,21 FEB 1991,CZE,1,Turnov (CZE),28 MAY 2013
32.35,Atlee MAHORN,27 OCT 1965,CAN,1,Birmingham (GBR),19 JUL 1986
32.35,Greg NIXON,12 SEP 1981,USA,1,Villeneuve d'Ascq (FRA),08 JUN 2007
32.35,Pavel MASLÁK,21 FEB 1991,CZE,1,Sušice (CZE),15 MAY 2012
32.35,Pavel MASLÁK,21 FEB 1991,CZE,2,"Mestský Stadion, Ostrava (CZE)",26 MAY 2015
32.35,Javere BELL,20 SEP 1992,JAM,6,Kingston (JAM),11 JUN 2016
32.35,Gardeo ISAACS,27 DEC 1998,RSA,3,"Pilditch Stadium, Pretoria (RSA)",18 FEB 2023
32.36,John REGIS,13 OCT 1966,GBR,1,Belfast (GBR),16 JUL 1990
32.36,Iwan THOMAS,05 JAN 1974,GBR,5,Gateshead (GBR),19 JUL 1998
32.36,Renny QUOW,25 AUG 1987,TTO,2f2,Liège (BEL),16 JUL 2014
32.36,Terrel COTTON,19 JUL 1988,USA,3,"Stadio Guidobaldi, Rieti (ITA)",13 SEP 2015
32.37,Marcus LA GRANGE,12 DEC 1977,RSA,1,Brasschaat (BEL),15 AUG 2001
32.37,Michael CHERRY,23 MAR 1995,USA,1f4,"AP Ranch, Fort Worth, TX (USA)",23 JUL 2020
32.37,Shota IIZUKA,25 JUN 1991,JPN,1,"Chuo University Stadium, Hachioji (JPN)",13 MAR 2022
32.38,Aldo CANTI,09 MAR 1961,FRA,2,Canberra (AUS),02 OCT 1985
32.38,Mohamed AL MALKY,01 DEC 1962,OMA,2,Gateshead (GBR),16 JUL 1988
32.38,Chris NELLOMS,14 AUG 1971,USA,5,Gateshead (GBR),30 JUL 1993
32.38,Manteo MITCHELL,06 JUL 1987,USA,2f1,Liège (BEL),16 JUL 2014
32.39,Kind BUTLER,08 APR 1989,USA,2,Liège (BEL),10 JUL 2013
32.39,Kei TAKASE,25 NOV 1988,JPN,2f1,Izumo (JPN),20 APR 2014
32.39,Alex HAYDOCK-WILSON,28 JUL 1999,GBR,1f2,"Schönbuchstadion, Pliezhausen (GER)",14 MAY 2023
32.4,Ken RANDLE,12 OCT 1954,USA,1,London (GBR),04 JUL 1975
32.4,Innocent EGBUNIKE,30 NOV 1961,NGR,2,Birmingham (GBR),19 JUL 1986
32.4,Darren CLARK,06 SEP 1965,AUS,3,Birmingham (GBR),19 JUL 1986
32.4,Johan WISSMAN,02 NOV 1982,SWE,1,Göteborg (SWE),02 SEP 2003
32.4,Derrick BREW,28 DEC 1977,USA,2,"Eugene, OR (USA)",08 AUG 2006
32.4,Tony MCQUAY,16 APR 1990,USA,3,Liège (BEL),10 JUL 2013
32.4,Ramon MILLER,17 FEB 1987,BAH,2,Lahti (FIN),17 JUL 2013
32.4,José Carlos HERRERA,05 FEB 1986,MEX,3f2,Liège (BEL),16 JUL 2014
32.41,Harvey MCSWAIN,10 MAR 1963,USA,2,Belfast (GBR),30 JUN 1986
32.41,Darren CLARK,06 SEP 1965,AUS,1,Sydney (AUS),08 FEB 1989
32.41,John REGIS,13 OCT 1966,GBR,2,Belfast (GBR),17 JUL 1989
32.41,Garth ROBINSON,11 OCT 1970,JAM,2f2,"Marietta, GA (USA)",21 JUL 1996
32.41,Pavel MASLÁK,21 FEB 1991,CZE,1,Pardubice (CZE),13 AUG 2011
32.41,Pavel MASLÁK,21 FEB 1991,CZE,1f1,Domažlice (CZE),15 AUG 2012
32.41,Jonathan BORLÉE,22 FEB 1988,BEL,3f1,Liège (BEL),16 JUL 2014
32.41,Muhammed Anees YAHIYA,03 DEC 1995,IND,1f3,Ustí Nad Orlicí (CZE),17 AUG 2019
32.42,Darren CLARK,06 SEP 1965,AUS,1,Gateshead (GBR),06 JUL 1984
32.42,Jean-Charles TROUABAL,20 MAY 1965,FRA,1,Blois (FRA),23 SEP 1989
32.42,Andrew VALMON,01 JAN 1965,USA,2,Salamanca (ESP),22 JUL 1994
32.42,Darold WILLIAMSON,19 FEB 1983,USA,3,"Eugene, OR (USA)",08 AUG 2006
32.43,Darren CLARK,06 SEP 1965,AUS,1,Belfast (GBR),24 JUN 1985
32.43,Walter MCCOY,15 NOV 1958,USA,2,Bruxelles (BEL),19 AUG 1988
32.43,Paul GREENE,09 DEC 1972,AUS,3f2,"Marietta, GA (USA)",21 JUL 1996
32.43,Shane NIEMI,02 JUN 1978,CAN,1,Victoria (CAN),25 MAY 2001
32.43,Jonathan BORLÉE,22 FEB 1988,BEL,2,Liège (BEL),15 JUL 2015
32.44,David JENKINS,25 MAY 1952,GBR,2,London (GBR),04 JUL 1975
32.44,Joseph BATANGDON,29 JUL 1978,CMR,2,Sydney (AUS),11 SEP 2000
32.44,José Carlos HERRERA,05 FEB 1986,MEX,1,"San Marcos, TX (USA)",23 MAY 2014
32.44,Robin VANDERBEMDEN,10 FEB 1994,BEL,1,Liège (BEL),18 JUL 2018
32.45,Hartmut WEBER,17 OCT 1960,FRG,1,Dormagen (GER),04 JUN 1982
32.45,Derek REDMOND,03 SEP 1965,GBR,3,London (GBR),22 AUG 1987
32.45,David GRINDLEY,29 OCT 1972,GBR,2,Belfast (GBR),19 JUN 1993
32.45,Roger BLACK,31 MAR 1966,GBR,1,Sheffield (GBR),04 SEP 1994
32.45,Marcus LA GRANGE,12 DEC 1977,RSA,1,Brasschaat (BEL),14 AUG 2002
32.45,Julian Jrummi WALSH,18 SEP 1996,JPN,1f1,Gold Coast (AUS),17 MAR 2017
32.45,Clarence MUNYAI,20 FEB 1998,RSA,1,Liège (BEL),17 JUL 2019
32.45,Towa UZAWA,25 NOV 2002,JPN,1,"Tochigi Prefectural Sports Park Stadium, Utsunomiya (JPN)",10 OCT 2022
32.46,Albert ROBINSON,28 NOV 1964,USA,1,London (GBR),28 AUG 1988
32.46,Tamás MOLNÁR,23 JUL 1968,HUN,1,Nyíregyháza (HUN),26 JUL 1992
32.46,Marc RAQUIL,02 APR 1977,FRA,1,Montauban (FRA),17 JUL 2001
32.46,Sinan ÖREN,10 FEB 1998,TUR,1f4,Ankara (TUR),18 JUL 2020
32.47,Pietro MENNEA,28 JUN 1952,ITA,1,Milano (ITA),07 MAY 1977
32.47,Jeff WILLIAMS,31 DEC 1965,USA,1,"Azusa, CA (USA)",24 MAR 1990
32.47,Paul HESSION,27 JAN 1983,IRL,2,Ostrava (CZE),12 JUN 2008
32.47,Shawn CRAWFORD,14 JAN 1978,USA,4,"Eugene, OR (USA)",07 JUN 2009
32.47,Pavel MASLÁK,21 FEB 1991,CZE,1f1,Sušice (CZE),14 MAY 2013
32.47,Julien WATRIN,27 JUN 1992,BEL,4f1,Liège (BEL),16 JUL 2014
32.47,Kenji FUJIMITSU,01 MAY 1986,JPN,1,Izumo (JPN),22 APR 2017
32.48,Todd BENNETT,06 JUL 1962,GBR,1,Edinburgh (GBR),23 JUL 1985
32.48,Quincy WATTS,19 JUN 1970,USA,2,"Azusa, CA (USA)",24 MAR 1990
32.48,Kevin BRAUNSKILL,31 MAR 1969,USA,6,Gateshead (GBR),30 JUL 1993
32.48,Ibrahima WADE,06 SEP 1968,SEN,2,Strasbourg (FRA),29 JUN 1999
32.48,Alessandro CAVALLARO,22 FEB 1980,ITA,1,Pliezhausen (GER),13 MAY 2001
32.48,Bastien MOUTHON,25 JUL 1994,SUI,1f1,Langenthal (SUI),05 MAY 2016
32.49,Albert ROBINSON,28 NOV 1964,USA,2,Gateshead (GBR),06 JUL 1984
32.49,Henry THOMAS,10 JUL 1967,USA,2,Edinburgh (GBR),23 JUL 1985
32.49,Yann QUENTREC,17 FEB 1962,FRA,1,Chambéry (FRA),02 AUG 1987
32.49,Nagmeldin Ali ABUBAKR,22 FEB 1986,SUD,1,Sestriere (ITA),23 JUL 2005
32.49,David NEVILLE,01 JUN 1984,USA,5,"Eugene, OR (USA)",07 JUN 2009
32.49,Jermaine GONZALES,26 NOV 1984,JAM,2f1,"Mestský Stadion, Ostrava (CZE)",27 MAY 2010
32.49,Patrik ŠORM,21 NOV 1993,CZE,1,Ustí Nad Orlicí (CZE),18 AUG 2021
32.49,Karsten WARHOLM,28 FEB 1996,NOR,1,"Fana Stadion, Bergen (NOR)",18 SEP 2021
32.5,Derek REDMOND,03 SEP 1965,GBR,2,Gateshead (GBR),09 AUG 1985
32.5,Mark GARNER,30 JUN 1969,AUS,2,Canberra (AUS),26 JAN 1989
32.5,Fernada BLAKELY,28 SEP 1981,USA,1,"Eugene, OR (USA)",27 MAY 2007
32.5,Jonathan BORLÉE,22 FEB 1988,BEL,3f1,"Mestský Stadion, Ostrava (CZE)",27 MAY 2010
32.5,Patrik ŠORM,21 NOV 1993,CZE,8,"Mestský Stadion, Ostrava (CZE)",28 JUN 2017
32.5,Patrik ŠORM,21 NOV 1993,CZE,1f2,Ustí Nad Orlicí (CZE),30 AUG 2022
32.51,John REGIS,13 OCT 1966,GBR,4,London (GBR),11 AUG 1996
32.51,Roger BLACK,31 MAR 1966,GBR,6,Gateshead (GBR),19 JUL 1998
32.51,Ofentse MOGAWANE,20 FEB 1982,RSA,1f2,"Mestský Stadion, Ostrava (CZE)",27 MAY 2010
32.51,Marcus BOYD,03 MAR 1989,USA,2,"San Marcos, TX (USA)",23 MAY 2014
32.51,Pavel MASLÁK,21 FEB 1991,CZE,1,"Sportovní areál Krajinka, Cheb (CZE)",02 AUG 2016
32.51,Dylan BORLÉE,20 SEP 1992,BEL,4,Liège (BEL),19 JUL 2017
32.52,Pietro MENNEA,28 JUN 1952,ITA,1,Formia (ITA),30 JUL 1983
32.52,Kevin BRAUNSKILL,31 MAR 1969,USA,4,Gateshead (GBR),17 JUL 1992
32.52,Iwan THOMAS,05 JAN 1974,GBR,5,London (GBR),11 AUG 1996
32.52,Erik WIJMEERSCH,23 JAN 1970,BEL,1,Oordegem (BEL),19 MAY 1997
32.52,Obakeng NGWIGWA,09 MAY 1985,BOT,2,Liège (BEL),05 JUL 2012
32.52,Karol ZALEWSKI,07 AUG 1993,POL,1f1,Sosnowiec (POL),01 MAY 2014
32.53,Michael FRANKS,23 SEP 1963,USA,3,Gateshead (GBR),06 JUL 1984
32.53,Mark RICHARDSON,26 JUL 1972,GBR,1,London (GBR),14 JUL 1991
32.53,Sofiane LABIDI,29 SEP 1977,TUN,1,Namur (BEL),17 AUG 2001
32.53,Cédric VAN BRANTEGHEM,13 MAR 1979,BEL,1,Woluwé (BEL),14 JUN 2003
32.53,Milton CAMPBELL,15 MAY 1976,USA,2,"Eugene, OR (USA)",27 MAY 2007
32.53,Calvin SMITH,10 DEC 1987,USA,1,Naimette-Xhovémont (BEL),16 JUL 2008
32.53,Ofentse MOGAWANE,20 FEB 1982,RSA,2f2,Berlin (GER),05 AUG 2009
32.53,Yuzo KANEMARU,18 SEP 1987,JPN,3f1,Izumo (JPN),20 APR 2014
32.53,Yasmani COPELLO,15 APR 1987,TUR,2f4,Ankara (TUR),18 JUL 2020
32.54,Michael FRANKS,23 SEP 1963,USA,2,Belfast (GBR),24 JUN 1985
32.54,Michael FRANKS,23 SEP 1963,USA,4,London (GBR),22 AUG 1987
32.55,Bert CAMERON,16 NOV 1959,JAM,3,Gateshead (GBR),09 AUG 1985
32.55,Radek ZACHOVAL,06 JUL 1978,CZE,1,Praha (CZE),29 JUN 2002
32.55,Renny QUOW,25 AUG 1987,TTO,6,"Eugene, OR (USA)",07 JUN 2009
32.55,Aldrich BAILEY JR,06 FEB 1994,USA,3,"Atlanta, GA (USA)",01 AUG 2015
32.55,Jermaine GAYLE,23 JUL 1991,JAM,5,Liège (BEL),19 JUL 2017
32.55,Asa GUEVARA,20 DEC 1995,TTO,2f1,"Santa Fe High School Track, Alachua, FL (USA)",27 JUN 2020
32.55,Zakithi NENE,02 APR 1998,RSA,1f2,"Kings Park Athletics Stadium, Durban (RSA)",05 DEC 2020
32.55,Ammar Ismail YAHIA IBRAHIM,18 SEP 1996,QAT,1,"McArthur Stadium, Potchefstroom (RSA)",16 FEB 2021
32.56,Antonio SÁNCHEZ,22 SEP 1963,ESP,1,Salamanca (ESP),20 JUN 1987
32.56,Mohamed AL MALKY,01 DEC 1962,OMA,1,Thurrock (GBR),17 SEP 1989
32.56,Ivan GARCÍA,29 FEB 1972,CUB,1,La Habana (CUB),29 JAN 1999
32.56,Sofiane LABIDI,29 SEP 1977,TUN,1,Sydney (AUS),14 SEP 2000
32.56,Luguelín SANTOS,12 NOV 1992,DOM,1,Uppsala (SWE),28 JUL 2012
32.56,Pavel MASLÁK,21 FEB 1991,CZE,1f1,Sušice (CZE),12 MAY 2015
32.56,Kaito KAWABATA,17 AUG 1998,JPN,1f3,"Hamayama Park Athletic Field, Izumo (JPN)",24 APR 2022
32.57,Antonio MCKAY,09 FEB 1964,USA,4,Jerez de la Frontera (ESP),03 SEP 1990
32.57,Darnell HALL,26 SEP 1971,USA,1,Narbonne (FRA),20 JUL 1992
32.57,Eric MILAZAR,01 JUN 1975,MRI,4,Villeneuve d'Ascq (FRA),12 JUN 2005
32.57,Pavel MASLÁK,21 FEB 1991,CZE,1,Potchefstroom (RSA),23 JAN 2013
32.57,Luguelín SANTOS,12 NOV 1992,DOM,1,Mölndal (SWE),03 AUG 2013
32.57,Thapelo PHORA,21 NOV 1991,RSA,2,Pretoria (RSA),08 MAR 2018
32.57,Luka JANEŽIČ,14 NOV 1995,SLO,1f5,"Športni park, Slovenska Bistrica (SLO)",13 JUN 2020
32.58,Roger BLACK,31 MAR 1966,GBR,2,Belfast (GBR),21 JUN 1991
32.58,Benyounés LAHLOU,03 NOV 1964,MAR,2,Narbonne (FRA),20 JUL 1992
32.58,Dennis DARLING,06 MAY 1975,BAH,1,Evry-Bondoufle (FRA),17 AUG 2003
32.58,Rafał OMELKO,16 JAN 1989,POL,3,"Mestský Stadion, Ostrava (CZE)",26 MAY 2015
32.59,Darren CLARK,06 SEP 1965,AUS,2,Belfast (GBR),20 JUL 1987
32.59,Kriss AKABUSI,28 NOV 1958,GBR,2,London (GBR),14 JUL 1991
32.59,Raymundo ESCALANTE,12 JAN 1964,MEX,1,Ciudad de México (MEX),03 MAY 1992
32.59,Andrew VALMON,01 JAN 1965,USA,2,Sheffield (GBR),04 SEP 1994
32.59,Mark HYLTON,24 SEP 1976,GBR,2,Cardiff (GBR),31 MAY 1997
32.59,Stilianos DIMOTSIOS,13 NOV 1974,GRE,2,Brasschaat (BEL),13 AUG 2003
32.59,Tyler CHRISTOPHER,03 OCT 1983,CAN,7,"Eugene, OR (USA)",07 JUN 2009
32.59,Edino STEELE,01 JUN 1987,JAM,4f2,Liège (BEL),16 JUL 2014
32.59,Yoshihide KIRYU,15 DEC 1995,JPN,2f1,Gold Coast (AUS),17 MAR 2017
32.59,William REAIS,04 MAY 1999,SUI,1f1,"Stadion Hard, Langenthal (SUI)",13 JUN 2020
32.59,Kentaro SATO,16 NOV 1994,JPN,2f3,"Hamayama Park Athletic Field, Izumo (JPN)",24 APR 2022
32.6,Bill GREEN,01 MAY 1961,USA,2,Rieti (ITA),21 JUL 1979
32.6,Marc RAQUIL,02 APR 1977,FRA,3,Strasbourg (FRA),29 JUN 1999
32.6,Asa GUEVARA,20 DEC 1995,TTO,2,"Santa Fe High School Track, Alachua, FL (USA)",05 JUL 2020
32.61,Willie CALDWELL,25 SEP 1963,USA,3,Belfast (GBR),24 JUN 1985
32.61,Brian WHITTLE,26 APR 1964,GBR,3,Gateshead (GBR),16 JUL 1988
32.61,Davis KAMOGA,17 JUL 1968,UGA,1,Viareggio (ITA),13 AUG 1999
32.61,Tim BENJAMIN,02 MAY 1982,GBR,1,Göteborg (SWE),27 AUG 2002
32.61,Johan WISSMAN,02 NOV 1982,SWE,1,Helsingborg (SWE),23 JUL 2004
32.61,Luka JANEŽIČ,14 NOV 1995,SLO,1f3,Slovenska Bistrica (SLO),28 MAY 2016
32.61,Ramil GULIYEV,29 MAY 1990,TUR,1,Karlstad (SWE),27 JUL 2016
32.61,Karol ZALEWSKI,07 AUG 1993,POL,1f2,"Uniwersytetu Warmińsko-Mazurskiego, Olsztyn (POL)",04 SEP 2022
32.61,Fuga SATO,01 JUN 1996,JPN,1h1,"Tochigi Prefectural Sports Park Stadium, Utsunomiya (JPN)",09 OCT 2022
32.61,Ditiro MEKHISE,01 APR 2000,RSA,4,"Pilditch Stadium, Pretoria (RSA)",18 FEB 2023
32.62,Ato STEPHENS,19 JUN 1979,TTO,2,Naimette-Xhovémont (BEL),16 JUL 2008
32.63,Michael FRANKS,23 SEP 1963,USA,2,London (GBR),28 AUG 1988
32.63,Mitsuhiro ABIKO,25 OCT 1988,JPN,2,Izumo (JPN),19 APR 2009
32.63,Pavel MASLÁK,21 FEB 1991,CZE,1f1,"McArthur Stadium, Potchefstroom (RSA)",04 FEB 2020
32.63,Lionel SPITZ,12 JAN 2001,SUI,1f1,"Stadion Hard, Langenthal (SUI)",18 MAY 2023
32.64,Enefiok UDO-OBONG,22 MAY 1982,NGR,1,Liège (BEL),27 AUG 2002
32.64,Jonathan BORLÉE,22 FEB 1988,BEL,3,Naimette-Xhovémont (BEL),16 JUL 2008
32.64,Steven GARDINER,12 SEP 1995,BAH,1f2,Nassau (BAH),09 JAN 2016
32.64,Kahmari MONTGOMERY,16 AUG 1997,USA,5,"Estadio Francisco Montaner, Ponce (PUR)",12 MAY 2022
32.65,Enefiok UDO-OBONG,22 MAY 1982,NGR,3,Sydney (AUS),11 SEP 2000
32.65,Simon KIRCH,26 SEP 1979,GER,2,Pliezhausen (GER),16 MAY 2004
32.65,Joseph BATANGDON,29 JUL 1978,CMR,5,Villeneuve d'Ascq (FRA),12 JUN 2005
32.65,Kamghe GABA,13 JAN 1984,GER,1f2,Pliezhausen (GER),08 MAY 2016
32.65,Akihiro HIGASHIDA,13 DEC 1995,JPN,1f1,"Hamayama Park Athletic Field, Izumo (JPN)",11 APR 2021
32.65,Samuel GARCÍA,04 DEC 1991,ESP,1f2,"Schönbuchstadion, Pliezhausen (GER)",08 MAY 2022
32.65,Alex HAYDOCK-WILSON,28 JUL 1999,GBR,1f2,"Fana Stadion, Bergen (NOR)",08 JUN 2022
32.66,Gabriel LUKE,26 NOV 1969,USA,3,Belfast (GBR),21 JUN 1991
32.66,Sunday Olarewaju BADA,22 JUN 1969,NGR,1,London (GBR),05 JUL 1992
32.66,Gregory HAUGHTON,10 NOV 1973,JAM,4f2,"Marietta, GA (USA)",21 JUL 1996
32.66,João COELHO,04 APR 1999,POR,2f2,"Schönbuchstadion, Pliezhausen (GER)",08 MAY 2022
32.67,Ibrahima WADE,06 SEP 1968,SEN,1,Noisy-le-Grand (FRA),20 JUN 2000
32.67,Angelo TAYLOR,29 DEC 1978,USA,2,Liège (BEL),27 AUG 2002
32.67,Kaito KAWABATA,17 AUG 1998,JPN,1f2,"Hamayama Park Athletic Field, Izumo (JPN)",11 APR 2021
32.68,Elvis FORDE,18 NOV 1959,BAR,1f2,"San Diego, CA (USA)",30 JUL 1984
32.68,Misael ORTIZ,04 NOV 1978,CUB,2,La Habana (CUB),29 JAN 1999
32.68,Cédric VAN BRANTEGHEM,13 MAR 1979,BEL,3,Liège (BEL),27 AUG 2002
32.68,Jimmie HACKLEY,11 SEP 1975,USA,2,Saint Anne (FRA),20 MAY 2004
32.68,Jun OSAKADA,02 APR 1974,JPN,1,Taisha (JPN),24 APR 2005
32.68,Pako SERIBE,07 APR 1991,BOT,5f1,Liège (BEL),16 JUL 2014
32.68,Ricardo CHAMBERS,07 OCT 1984,JAM,7,Kingston (JAM),11 JUN 2016
32.68,Ofentse MOGAWANE,20 FEB 1982,RSA,3,Pretoria (RSA),08 MAR 2018
32.68,Gideon Ernst NARIB,27 MAY 1990,NAM,1,"Independence Stadium, Windhoek (NAM)",17 OCT 2020
32.68,Chidi OKEZIE,08 AUG 1993,NGR,1,"Franklin Field, Philadelphia, PA (USA)",30 APR 2022
32.69,Erik WIJMEERSCH,23 JAN 1970,BEL,1,Herentals (BEL),01 AUG 1999
32.69,Patrick FEENEY,29 DEC 1991,USA,1,Heusden-Zolder (BEL),18 JUL 2015
32.69,Karsten WARHOLM,28 FEB 1996,NOR,1,Bergen (NOR),22 AUG 2018
32.69,Rusheen MCDONALD,17 AUG 1992,JAM,2,"Franklin Field, Philadelphia, PA (USA)",30 APR 2022
32.7,Darren CLARK,06 SEP 1965,AUS,2,Belfast (GBR),16 JUL 1990
32.7,Quincy WATTS,19 JUN 1970,USA,1,"Azusa, CA (USA)",22 APR 1995
32.7,Sunday Olarewaju BADA,22 JUN 1969,NGR,4,Sydney (AUS),11 SEP 2000
32.7,Eric MILAZAR,01 JUN 1975,MRI,2,Sestriere (ITA),23 JUL 2005
32.7,Chris BERRIAN,17 APR 1983,USA,3,"Eugene, OR (USA)",27 MAY 2007
32.7,Yuzo KANEMARU,18 SEP 1987,JPN,1,Izumo (JPN),18 APR 2010
32.7,Vladimir ACETI,16 OCT 1998,ITA,1,"Stadio Diego Armando Maradona, Napoli (ITA)",23 APR 2022
32.71,Raymond STEWART,18 MAR 1965,JAM,2,Jerez de la Frontera (ESP),17 SEP 1991
32.71,Jason ROUSER,22 MAR 1970,USA,2,London (GBR),05 JUL 1992
32.71,Marcus LA GRANGE,12 DEC 1977,RSA,2,Namur (BEL),17 AUG 2001
32.71,Markus MALUCHA,05 DEC 1983,GER,1,Pliezhausen (GER),18 MAY 2003
32.71,Yuzo KANEMARU,18 SEP 1987,JPN,1,Izumo (JPN),22 APR 2007
32.71,Daniel BATMAN,20 MAR 1981,AUS,1,Canberra (AUS),15 DEC 2007
32.71,Lalonde GORDON,25 NOV 1988,TTO,4,Liège (BEL),10 JUL 2013
32.71,Liemarvin BONEVACIA,05 APR 1989,NED,1,Leiden (NED),11 JUN 2016
32.71,Wilbert LONDON,17 AUG 1997,USA,3,"Franklin Field, Philadelphia, PA (USA)",30 APR 2022
32.72,Raymond PIERRE,19 SEP 1967,USA,3,Jerez de la Frontera (ESP),17 SEP 1991
32.72,Clement CHUKWU,07 JUL 1973,NGR,2,Sydney (AUS),14 SEP 2000
32.72,Clinton VENTER,03 FEB 1980,RSA,1,"Parow, Cape Town (RSA)",20 DEC 2002
32.72,Nagmeldin Ali ABUBAKR,22 FEB 1986,SUD,3,Ljubljana (SLO),10 AUG 2004
32.72,Niko VEREKAUTA,16 FEB 1987,FIJ,4,Naimette-Xhovémont (BEL),16 JUL 2008
32.72,Evander WELLS,07 DEC 1987,USA,1,"Knoxville, TN (USA)",08 MAY 2010
32.72,Edino STEELE,01 JUN 1987,JAM,6,"Stadio Guidobaldi, Rieti (ITA)",07 SEP 2014
32.72,Divine ODUDURU,07 OCT 1996,NGR,1f1,Port Harcourt (NGR),16 FEB 2016
32.72,Martyn ROONEY,03 APR 1987,GBR,2,Leiden (NED),11 JUN 2016
32.72,Julien WATRIN,27 JUN 1992,BEL,6,Liège (BEL),19 JUL 2017
32.72,Julian Jrummi WALSH,18 SEP 1996,JPN,1,"Athletic Stadium, Tottori (JPN)",25 JUN 2022
32.73,Cayetano CORNET,22 AUG 1963,ESP,4,Jerez de la Frontera (ESP),13 SEP 1989
32.73,Cayetano CORNET,22 AUG 1963,ESP,5,Jerez de la Frontera (ESP),03 SEP 1990
32.73,Du'aine LADEJO,14 FEB 1971,GBR,3,Sheffield (GBR),04 SEP 1994
32.73,Paul SLYTHE,05 SEP 1974,GBR,1,London (GBR),12 JUL 1996
32.73,Guy BULLOCK,15 OCT 1975,GBR,2,London (GBR),12 JUL 1996
32.73,Adrian PATRICK,15 JUN 1973,GBR,3,Cardiff (GBR),31 MAY 1997
32.73,Zétény DOMBI,17 APR 1975,HUN,2,Pretoria (RSA),24 MAR 2000
32.73,Patrick FEENEY,29 DEC 1991,USA,3,Liège (BEL),15 JUL 2015
32.73,Kyle CLEMONS,27 AUG 1990,USA,8,Kingston (JAM),11 JUN 2016
32.73,Karol ZALEWSKI,07 AUG 1993,POL,1f2,"Stadion Lekkoatletyczny, Suwalki (POL)",15 MAY 2022
32.73,Ryuki IWASAKI,13 AUG 2000,JPN,2h1,"Tochigi Prefectural Sports Park Stadium, Utsunomiya (JPN)",09 OCT 2022
32.74,Darrell ROBINSON,23 DEC 1963,USA,3,Edinburgh (GBR),23 JUL 1985
32.74,Gabriel TIACOH,10 SEP 1963,CIV,5,London (GBR),22 AUG 1987
32.74,Corné DU PLESSIS,20 MAR 1978,RSA,1,Johannesburg (RSA),07 FEB 2001
32.74,Marc SCHNEEBERGER,05 JUL 1981,SUI,1,Lausanne (SUI),12 MAY 2007
32.74,Marek NIIT,09 AUG 1987,EST,1f2,Kohila (EST),29 AUG 2012
32.74,Matthew HUDSON-SMITH,26 OCT 1994,GBR,5,"Alexander Stadium, Birmingham (GBR)",07 JUN 2015
32.74,Rafał OMELKO,16 JAN 1989,POL,2f2,Pliezhausen (GER),08 MAY 2016
32.74,Luka JANEŽIČ,14 NOV 1995,SLO,1f3,Slovenska Bistrica (SLO),25 MAY 2019
32.74,Ludvy VAILLANT,15 MAR 1995,FRA,1f2,"Stade L. Achille, Fort-de-France (FRA)",05 FEB 2022
32.75,Dwayne EVANS,13 OCT 1958,USA,1,London (GBR),18 AUG 1984
32.75,Ade MAFE,12 NOV 1966,GBR,4,Gateshead (GBR),16 JUL 1988
32.75,Leo SETTLE,19 OCT 1975,USA,2,Brasschaat (BEL),14 AUG 2002
32.75,Guus HOOGMOED,27 SEP 1981,NED,1,Bremen (GER),20 MAY 2007
32.75,Rabah YOUSIF,11 DEC 1986,SUD,2f2,"Mestský Stadion, Ostrava (CZE)",27 MAY 2010
32.75,Joel BURGUNDER,20 MAY 1991,SUI,2f1,Langenthal (SUI),05 MAY 2016
32.75,Lee THOMPSON,05 MAR 1997,GBR,1f1,"Hallam University City Athletics Stadium, Sheffield (GBR)",09 JUN 2021
32.75,Patrik ŠORM,21 NOV 1993,CZE,1,"McArthur Stadium, Potchefstroom (RSA)",25 JAN 2022
32.75,Pavel MASLÁK,21 FEB 1991,CZE,2f2,Ustí Nad Orlicí (CZE),30 AUG 2022
32.76,Chris WHITLOCK,18 MAY 1959,USA,1,Belfast (GBR),27 JUN 1988
32.76,Kriss AKABUSI,28 NOV 1958,GBR,3,London (GBR),28 AUG 1988
32.76,Sunday Olarewaju BADA,22 JUN 1969,NGR,3,Salamanca (ESP),22 JUL 1994
32.76,Mark HYLTON,24 SEP 1976,GBR,6,London (GBR),11 AUG 1996
32.76,Hamdan Odha AL BISHI,05 MAY 1981,KSA,2,Göteborg (SWE),27 AUG 2002
32.76,Tyler CHRISTOPHER,03 OCT 1983,CAN,2,Evry-Bondoufle (FRA),17 AUG 2003
32.76,Kévin BORLÉE,22 FEB 1988,BEL,5,Naimette-Xhovémont (BEL),16 JUL 2008
32.76,Batuhan ALTINTAŞ,28 APR 1996,TUR,1f2,Ankara (TUR),31 JUL 2016
32.76,Tobias LANGE,29 DEC 1993,GER,1,"Estadio Municipal de Santa Lucia, Vecindario (ESP)",10 APR 2021
32.76,Kennedy LIGHTNER,2000,USA,1f1,"Nutter Fieldhouse, Lexington, KY (USA)",14 JAN 2022
32.76,Patrik ŠORM,21 NOV 1993,CZE,1h,"McArthur Stadium, Potchefstroom (RSA)",25 JAN 2022
32.76,Marqueze WASHINGTON,29 SEP 1993,USA,4,"Franklin Field, Philadelphia, PA (USA)",30 APR 2022
32.76,Igor BOGACZYŃSKI,07 NOV 2003,POL,1f3,"Stadion Miejski, Walcz (POL)",10 AUG 2022
32.77,Howard DAVIS,27 APR 1967,JAM,5,Gateshead (GBR),17 JUL 1992
32.77,Giorgio MARRAS,15 OCT 1971,ITA,1,Oristano (ITA),02 MAY 1993
32.77,Omar MENA,13 AUG 1966,CUB,3,La Habana (CUB),29 JAN 1999
32.77,Marek PLAWGO,25 FEB 1981,POL,1,Bielsko-Biala (POL),29 MAY 2002
32.77,Ingo SCHULTZ,26 JUL 1975,GER,1,Rehlingen (GER),09 JUN 2003
32.77,Matthew SCHERER,21 NOV 1983,USA,4,"Eugene, OR (USA)",08 AUG 2006
32.77,Marc SCHNEEBERGER,05 JUL 1981,SUI,1,Lausanne (SUI),10 MAY 2008
32.77,Amr Ibrahim Mostafa SEOUD,10 JUN 1986,EGY,2,Sollentuna (SWE),08 JUL 2008
32.77,Johan WISSMAN,02 NOV 1982,SWE,6f1,Liège (BEL),16 JUL 2014
32.77,Ryuki IWASAKI,13 AUG 2000,JPN,2,"Athletic Stadium, Tottori (JPN)",25 JUN 2022
32.78,Jared DEACON,15 OCT 1975,GBR,3,London (GBR),12 JUL 1996
32.78,Mathias RUSTERHOLZ,16 AUG 1971,SUI,1,Wil (SUI),16 JUL 1996
32.78,Jiří VOJTÍK,02 JUL 1981,CZE,1,Sušice (CZE),16 MAY 2006
32.78,Jamaal TORRANCE,20 JUL 1983,USA,4f1,"Mestský Stadion, Ostrava (CZE)",27 MAY 2010
32.78,Erison HURTAULT,29 DEC 1984,DMA,2f1,Kessel-Lo (BEL),13 AUG 2011
32.78,Mamoudou-Elimane HANNE,06 MAR 1988,FRA,4,"Stadio Guidobaldi, Rieti (ITA)",13 SEP 2015
32.78,Mateo RUŽIĆ,16 AUG 1994,CRO,2,Slovenska Bistrica (SLO),27 MAY 2017
32.78,Andrew HUDSON,14 DEC 1996,USA,1,Carolina (PUR),18 MAR 2022
32.78,Ludvy VAILLANT,15 MAR 1995,FRA,1f3,"Stade Municipal, Le Lorrain (FRA)",04 FEB 2023
32.79,Phil BROWN,06 JAN 1962,GBR,2,London (GBR),18 AUG 1984
32.79,Eric MILAZAR,01 JUN 1975,MRI,3,Sydney (AUS),14 SEP 2000
32.79,Ingo SCHULTZ,26 JUL 1975,GER,2,Pliezhausen (GER),18 MAY 2003
32.79,James GODDAY,09 JAN 1984,NGR,1,Praha (CZE),25 MAY 2005
32.79,Hitoshi SAITO,09 OCT 1986,JPN,2,Taisha (JPN),20 APR 2008
32.79,Tomoya TAMURA,20 AUG 1992,JPN,2,Izumo (JPN),12 APR 2015
32.79,Joel BURGUNDER,20 MAY 1991,SUI,1f1,Basel (SUI),07 MAY 2016
32.79,Jonas PHIJFFERS,2003,NED,1f3,"Sportpark Ter Specke, Lisse (NED)",13 MAY 2023
32.79,Adam ŁUKOMSKI,06 SEP 2001,POL,1f2,"Atletický stadion Turnov, Turnov (CZE)",23 MAY 2023
32.8,Kriss AKABUSI,28 NOV 1958,GBR,6,Gateshead (GBR),17 JUL 1992
32.8,Reza EBRAHIM,02 SEP 1972,AUS,1,Sydney (AUS),25 FEB 2005
32.8,Dylan BORLÉE,20 SEP 1992,BEL,1f2,Heusden-Zolder (BEL),30 JUL 2017
32.81,Walter MCCOY,15 NOV 1958,USA,3,Belfast (GBR),20 JUL 1987
32.81,Steve PERRY,23 SEP 1970,AUS,3,Canberra (AUS),26 JAN 1989
32.81,Dennis BLAKE,06 SEP 1970,JAM,5f2,"Marietta, GA (USA)",21 JUL 1996
32.81,Štefan BALOŠÁK,23 NOV 1972,SVK,1,Tata (HUN),22 JUL 1997
32.81,Sanjay AYRE,19 JUN 1980,JAM,4,Sydney (AUS),14 SEP 2000
32.81,Yuzo KANEMARU,18 SEP 1987,JPN,1,Taisha (JPN),23 APR 2006
32.81,Thomas SCHNEIDER,07 NOV 1988,GER,2f2,Pliezhausen (GER),18 MAY 2014
32.81,Nigel LEVINE,30 APR 1989,GBR,6,"Alexander Stadium, Birmingham (GBR)",07 JUN 2015
32.81,Jonathan BORLÉE,22 FEB 1988,BEL,2,Liège (BEL),18 JUL 2018
32.81,Ryuki IWASAKI,13 AUG 2000,JPN,3f3,"Hamayama Park Athletic Field, Izumo (JPN)",24 APR 2022
32.82,Michael FRANKS,23 SEP 1963,USA,2,Jerez de la Frontera (ESP),28 JUN 1988
32.82,Solomon WARISO,11 NOV 1966,GBR,4,Belfast (GBR),21 JUN 1991
32.82,Torbjörn ERIKSSON,17 APR 1971,SWE,1,Sundsvall (SWE),23 MAY 1999
32.82,Quincy DOUGLAS,07 SEP 1975,NOR,1,Stjørdal (NOR),12 JUN 1999
32.82,Milton CAMPBELL,15 MAY 1976,USA,1,Loughborough (GBR),04 JUL 2001
32.82,Shane NIEMI,02 JUN 1978,CAN,1,Victoria (CAN),22 MAY 2002
32.82,Yoshihiro HORIGOME,02 JAN 1981,JPN,1,Tokyo (JPN),02 SEP 2005
32.82,Matteo GALVAN,24 AUG 1988,ITA,1f1,Rieti (ITA),24 APR 2014
32.82,José Carlos HERRERA,05 FEB 1986,MEX,1f1,Gent (BEL),21 JUL 2014
32.82,Juander SANTOS,07 MAY 1995,DOM,1,Mayagüez (PUR),05 DEC 2014
32.82,Jan JIRKA,05 OCT 1993,CZE,1,"Mestský Stadion Sletište, Kladno (CZE)",01 JUN 2020
32.82,Tsebo MATSOSO,27 MAY 1999,RSA,1f2,"McArthur Stadium, Potchefstroom (RSA)",17 NOV 2020
32.82,Davide RE,16 MAR 1993,ITA,1f1,"Stadio Guidobaldi, Rieti (ITA)",15 MAY 2021
32.82,Myles PRINGLE,05 SEP 1997,USA,5,"Franklin Field, Philadelphia, PA (USA)",30 APR 2022
32.82,Patrik ŠORM,21 NOV 1993,CZE,1f1,"Stadion v Poohří, Cheb (CZE)",18 MAY 2022
32.83,Derek REDMOND,03 SEP 1965,GBR,2,Belfast (GBR),16 JUL 1990
32.83,Gabriel LUKE,26 NOV 1969,USA,,Belfast (GBR),16 JUL 1990
32.83,Sofiane LABIDI,29 SEP 1977,TUN,3,Brasschaat (BEL),13 AUG 2003
32.83,Jiří VOJTÍK,02 JUL 1981,CZE,1,Brasschaat (BEL),07 AUG 2004
32.83,Alex WILSON,19 SEP 1990,SUI,1f1,Basel (SUI),01 MAY 2014
32.83,Kentaro SATO,16 NOV 1994,JPN,3,Izumo (JPN),12 APR 2015
32.83,Kévin BORLÉE,22 FEB 1988,BEL,4,"Mestský Stadion, Ostrava (CZE)",26 MAY 2015
32.83,Pavel MASLÁK,21 FEB 1991,CZE,2f3,Ustí Nad Orlicí (CZE),17 AUG 2019
32.83,Jakub KRZEWINA,10 OCT 1989,POL,1f2,"Forest Stadium, Sopot (POL)",13 AUG 2020
32.83,Håvard Bentdal INGVALDSEN,21 SEP 2002,NOR,1f2,"Nye Skarpsno Arena, Moelv (NOR)",11 SEP 2022
32.84,Phil BROWN,06 JAN 1962,GBR,2,Gateshead (GBR),31 JUL 1983
32.84,Louis MALHERBE,23 JUN 1975,RSA,3,Pretoria (RSA),24 MAR 2000
32.84,Daniel HARPER,28 AUG 1989,CAN,1f1,Toronto (CAN),05 JUL 2011
32.84,Javere BELL,20 SEP 1992,JAM,2,Uppsala (SWE),28 JUL 2012
32.84,Ludvy VAILLANT,15 MAR 1995,FRA,,Fort-de-France (FRA),06 FEB 2016
32.84,Edward HADNOT,07 MAR 1992,USA,2,Karlstad (SWE),27 JUL 2016
32.84,Pavel MASLÁK,21 FEB 1991,CZE,1f2,"McArthur Stadium, Potchefstroom (RSA)",28 JAN 2020
32.84,Kentaro SATO,16 NOV 1994,JPN,1f6,"Ishin Me-Life Stadium, Yamaguchi (JPN)",17 OCT 2021
32.85,Ade MAFE,12 NOV 1966,GBR,3,London (GBR),18 AUG 1984
32.85,Joseph LOUA,15 NOV 1976,GUI,1,Harare (ZIM),10 SEP 1995
32.85,David MCKENZIE,03 SEP 1970,GBR,4,London (GBR),12 JUL 1996
32.85,Clemens ZELLER,02 JUL 1984,AUT,1,Vöcklabruck (AUT),05 SEP 2008
32.85,Cătălin CÎMPEANU,10 MAR 1985,ROU,1f4,Istanbul (TUR),30 MAY 2010
32.85,Elvis UKALE,06 MAR 1991,NGR,1,Shagamu (NGR),19 FEB 2011
32.85,Diego MARANI,27 APR 1990,ITA,2,"Stadio Guidobaldi, Rieti (ITA)",08 SEP 2013
32.85,Brian GREGAN,31 DEC 1989,IRL,7,"Stadio Guidobaldi, Rieti (ITA)",07 SEP 2014
32.85,Liemarvin BONEVACIA,05 APR 1989,NED,1,Sopot (POL),16 AUG 2017
32.85,Kazushi KIMURA,17 JAN 1993,JPN,1f1,Yamaguchi (JPN),20 OCT 2019
32.85,Kira HIRAKAWA,25 AUG 2005,JPN,1f1,"Ehime Athletics Stadium, Matsuyama (JPN)",22 OCT 2022
32.85,Fuga SATO,01 JUN 1996,JPN,1f3,"Hamayama Park Athletic Field, Izumo (JPN)",16 APR 2023
32.85,Gardeo ISAACS,27 DEC 1998,RSA,1f1,"Fana Stadion, Bergen (NOR)",03 JUN 2023
32.86,Kevin WIDMER,23 SEP 1970,SUI,1,Bulle (SUI),15 SEP 1993
32.86,Marc RAQUIL,02 APR 1977,FRA,1,Lorient (FRA),26 MAY 2001
32.86,Charles CLARK,10 AUG 1987,USA,1,"Tallahassee, FL (USA)",26 MAR 2011
32.86,Kyle CLEMONS,27 AUG 1990,USA,3,"San Marcos, TX (USA)",23 MAY 2014
32.86,Kaiki AZUMA,07 SEP 1993,JPN,2,Izumo (JPN),22 APR 2017
32.86,Ruo EKEJUNIA,14 DEC 2004,JPN,1,"Tochigi Prefectural Sports Park Stadium, Utsunomiya (JPN)",10 OCT 2022
32.86,Yuki Joseph NAKAJIMA,30 MAR 2002,JPN,2f3,"Hamayama Park Athletic Field, Izumo (JPN)",16 APR 2023
32.87,Dean CAPOBIANCO,11 MAY 1970,AUS,1,Perth (AUS),17 DEC 1995
32.87,Juan Pedro TOLEDO,17 JUN 1978,MEX,5,Sydney (AUS),14 SEP 2000
32.87,Cédric VAN BRANTEGHEM,13 MAR 1979,BEL,1,Alken (BEL),27 JUL 2002
32.87,Jiří VOJTÍK,02 JUL 1981,CZE,2,Praha (CZE),25 MAY 2005
32.87,Jiří VOJTÍK,02 JUL 1981,CZE,1,Brasschaat (BEL),03 JUN 2006
32.87,Jiří VOJTÍK,02 JUL 1981,CZE,1,Domažlice (CZE),19 AUG 2006
32.87,Brandon O'CONNER,02 SEP 1989,USA,2,"Tallahassee, FL (USA)",26 MAR 2011
32.87,Clarence MUNYAI,20 FEB 1998,RSA,1,Johannesburg (RSA),10 FEB 2017
32.87,Karol ZALEWSKI,07 AUG 1993,POL,1f1,"Stadion Śląski, Chorzów (POL)",20 JUN 2020
32.87,Ján VOLKO,02 NOV 1996,SVK,1f1,"Atletický štadión STU, Bratislava (SVK)",08 JUL 2020
32.87,Edoardo SCOTTI,09 MAY 2000,ITA,1,"Stadio dei Marmi, Roma (ITA)",16 APR 2021
32.87,Patrik ŠORM,21 NOV 1993,CZE,1f1,"Atletický stadion Turnov, Turnov (CZE)",24 MAY 2022
32.88,Darren CLARK,06 SEP 1965,AUS,3,Belfast (GBR),17 JUL 1989
32.88,Daniel COJOCARU,27 MAY 1969,ROU,1,Bucureşti (ROU),18 MAY 1991
32.88,Sean BALDOCK,03 DEC 1976,GBR,4,Cardiff (GBR),31 MAY 1997
32.88,Erison HURTAULT,29 DEC 1984,DMA,1,Liège (BEL),15 JUL 2009
32.88,Ricardo DOS SANTOS,18 DEC 1994,POR,,Potchefstroom (RSA),17 JAN 2017
32.88,Dariusz KOWALUK,16 APR 1996,POL,1f1,"Stadion Zygmunta Szelesta, Warszawa (POL)",15 MAY 2021
32.89,Mark ROWE,28 JUL 1960,USA,4,Belfast (GBR),20 JUL 1987
32.89,Adrian PATRICK,15 JUN 1973,GBR,5,London (GBR),12 JUL 1996
32.89,Troy MCINTOSH,29 MAR 1973,BAH,1,Calgary (CAN),30 JUL 2001
32.89,Rasmus MÄGI,04 MAY 1992,EST,1f2,"Rannastaadion, Pärnu (EST)",21 AUG 2021
32.89,William REAIS,04 MAY 1999,SUI,2f1,"Stadion Hard, Langenthal (SUI)",18 MAY 2023
32.89,Matěj KRSEK,13 MAY 2000,CZE,1f1,"Atletický stadion Turnov, Turnov (CZE)",23 MAY 2023
32.9,Todd BENNETT,06 JUL 1962,GBR,4,London (GBR),28 AUG 1988
32.9,Ade MAFE,12 NOV 1966,GBR,5,Belfast (GBR),21 JUN 1991
32.9,Patrick DELICE,12 NOV 1967,TTO,3,Cwmbran (GBR),12 JUL 1992
32.9,David NOLAN,25 JUL 1969,GBR,6,London (GBR),12 JUL 1996
32.9,Wayne WHYTE,04 MAY 1974,JAM,1f1,Pliezhausen (GER),10 MAY 1998
32.9,James GODDAY,09 JAN 1984,NGR,1,Praha (CZE),13 JUN 2005
32.9,Leslie DJHONE,18 MAR 1981,FRA,2,Villeneuve d'Ascq (FRA),08 JUN 2007
32.9,Pako SERIBE,07 APR 1991,BOT,4,Liège (BEL),15 JUL 2015
32.9,Zachary SHINNICK,08 FEB 1999,USA,1,"Norwalk, CA (USA)",13 FEB 2016
32.9,Patrik ŠORM,21 NOV 1993,CZE,1f1,Sušice (CZE),10 MAY 2016
32.9,Javon FRANCIS,14 DEC 1994,JAM,1f2,"Houston, TX (USA)",16 MAR 2019
32.9,Dariusz KOWALUK,16 APR 1996,POL,1,Warszawa (POL),10 AUG 2019
32.9,Andreas Ofstad KULSENG,19 MAY 2001,NOR,2f2,"Nye Skarpsno Arena, Moelv (NOR)",11 SEP 2022
32.91,Marcel ARNOLD,17 JAN 1962,SUI,1,Zofingen (SUI),19 MAY 1986
32.91,Ralf LÜBKE,17 JUN 1965,FRG,1,Attendorn (FRG),21 MAY 1989
32.91,Nigel WILL,18 OCT 1967,GBR,1,London (GBR),12 AUG 1990
32.91,Kevin WIDMER,23 SEP 1970,SUI,1,Genève (SUI),23 JUL 1994
32.91,Tomohiro ITO,16 AUG 1982,JPN,2,Taisha (JPN),24 APR 2005
32.91,Christopher LLOYD,10 OCT 1980,DMA,3,Villeneuve d'Ascq (FRA),08 JUN 2007
32.91,Quentin IGLEHART-SUMMERS,15 JUN 1987,USA,4,"San Marcos, TX (USA)",23 MAY 2014
32.91,Łukasz KRAWCZUK,15 JUN 1989,POL,1,Wrocław (POL),23 MAY 2015
32.91,Lee THOMPSON,05 MAR 1997,GBR,1f1,"Hallam University City Athletics Stadium, Sheffield (GBR)",18 APR 2021
32.91,Matěj KRSEK,13 MAY 2000,CZE,2f1,"Atletický stadion Turnov, Turnov (CZE)",24 MAY 2022
32.92,Buster WATSON,19 NOV 1957,GBR,4,Belfast (GBR),24 JUN 1985
32.92,Jeroen FISCHER,12 FEB 1966,BEL,5,Gateshead (GBR),16 JUL 1988
32.92,Ade MAFE,12 NOV 1966,GBR,7,Gateshead (GBR),30 JUL 1993
32.92,Patrick DELICE,12 NOV 1967,TTO,8,Gateshead (GBR),30 JUL 1993
32.92,Mathias RUSTERHOLZ,16 AUG 1971,SUI,1,Neufeld (SUI),10 MAY 1995
32.92,Ricardo ROACH,12 OCT 1972,CHI,1,Santiago de Chile (CHI),20 MAR 1999
32.92,Pierre-Marie HILAIRE,19 NOV 1965,FRA,4,Strasbourg (FRA),29 JUN 1999
32.92,Ato STEPHENS,19 JUN 1979,TTO,4,Ljubljana (SLO),10 AUG 2004
32.92,Marco CRIBARI,07 JUL 1985,SUI,1,Lausanne (SUI),10 MAY 2009
32.92,Lionel LARRY,14 SEP 1986,USA,1,"Pasadena, CA (USA)",23 MAR 2012
32.92,Joel STALLWORTH,18 JAN 1983,USA,2,"Pasadena, CA (USA)",23 MAR 2012
32.92,Just'N THYMES,24 JAN 1994,USA,1f1,"Walnut, CA (USA)",14 FEB 2014
32.92,Michael COURTNEY,12 JUN 1986,USA,5,"San Marcos, TX (USA)",23 MAY 2014
32.92,Teddy ATINE-VENEL,16 MAR 1985,FRA,3,Liège (BEL),18 JUL 2018
32.92,Ludvy VAILLANT,15 MAR 1995,FRA,1f1,Fort-de-France (FRA),15 FEB 2020
32.93,Jānis LEITIS,13 APR 1989,LAT,2,Liège (BEL),17 JUL 2019
32.93,Yoshinobu IMOTO,31 JUL 1999,JPN,4f3,"Hamayama Park Athletic Field, Izumo (JPN)",24 APR 2022
32.94,Ryszard PILARCZYK,05 NOV 1975,POL,1,Pliezhausen (GER),08 MAY 1997
32.94,Marc RAQUIL,02 APR 1977,FRA,2,Noisy-le-Grand (FRA),20 JUN 2000
32.94,Andrew HOWE,12 MAY 1985,ITA,2f1,Rieti (ITA),24 APR 2014
32.94,Donald BLAIR-SANFORD,05 FEB 1987,ISR,1,Tel Aviv (ISR),14 FEB 2015
32.94,Tobias LANGE,29 DEC 1993,GER,3,Liège (BEL),17 JUL 2019
32.94,Håvard Bentdal INGVALDSEN,21 SEP 2002,NOR,1,"Stampesletta, Lillehammer (NOR)",25 SEP 2021
32.95,Eddie CAREY,11 MAY 1960,USA,3,Gateshead (GBR),31 JUL 1983
32.95,Gary KIKAYA,04 FEB 1978,COD,2,Johannesburg (RSA),07 FEB 2001
32.95,Simon KIRCH,26 SEP 1979,GER,1f2,Pliezhausen (GER),17 MAY 2009
32.95,Brycen SPRATLING,10 MAR 1992,USA,5f2,Liège (BEL),16 JUL 2014
32.95,Rabah YOUSIF,11 DEC 1986,GBR,2,Sopot (POL),16 AUG 2017
32.95,Dylan BORLÉE,20 SEP 1992,BEL,4,Liège (BEL),18 JUL 2018
32.95,Alex BECK,07 FEB 1992,AUS,1f1,"Queensland Sport and Athletics Centre, Nathan, Brisbane (AUS)",27 JAN 2021
32.95,Håvard Bentdal INGVALDSEN,21 SEP 2002,NOR,2f1,"Fana Stadion, Bergen (NOR)",03 JUN 2023
32.96,Laurent CLERC,12 APR 1972,SUI,2,Langenthal (SUI),02 AUG 1995
32.96,Johan WISSMAN,02 NOV 1982,SWE,3,Uppsala (SWE),28 JUL 2012
32.96,Yusuke ISHITSUKA,19 JUN 1987,JPN,4f1,Izumo (JPN),20 APR 2014
32.96,Rafał OMELKO,16 JAN 1989,POL,5,"Stadio Guidobaldi, Rieti (ITA)",13 SEP 2015
32.96,Ricky PETRUCCIANI,30 JUN 2000,SUI,1f2,"McArthur Stadium, Potchefstroom (RSA)",04 FEB 2020
32.96,Lythe PILLAY,25 FEB 2003,RSA,2f2,"McArthur Stadium, Potchefstroom (RSA)",17 NOV 2020
32.96,Daiki NOSE,05 FEB 2001,JPN,1,"Ojiyama Athletic Field, Otsu (JPN)",11 AUG 2022
32.96,Kyron MCMASTER,03 JAN 1997,IVB,2,"Pista Basilio Rodriguez, Carolina (PUR)",17 MAR 2023
32.96,Sven ROOSEN,27 JUL 2001,NED,2f3,"Sportpark Ter Specke, Lisse (NED)",13 MAY 2023
32.97,Susumu TAKANO,21 MAY 1961,JPN,1,Chiba (JPN),11 SEP 1988
32.97,Marc RAQUIL,02 APR 1977,FRA,1,Reims (FRA),30 AUG 2000
32.97,Kenji FUJIMITSU,01 MAY 1986,JPN,3,Taisha (JPN),20 APR 2008
32.97,Young Talkmore NYONGANI,02 SEP 1983,ZIM,3,Sollentuna (SWE),08 JUL 2008
32.97,Jan CIEPIELA,21 JAN 1989,POL,1,Kraków (POL),12 JUL 2013
32.97,Jakub KRZEWINA,10 OCT 1989,POL,1f2,Bogatynia (POL),17 MAY 2014
32.97,Patrick FEENEY,29 DEC 1991,USA,5,"Mestský Stadion, Ostrava (CZE)",26 MAY 2015
32.97,Dylan BORLÉE,20 SEP 1992,BEL,5,Liège (BEL),15 JUL 2015
32.97,Mario LAMBRUGHI,05 FEB 1992,ITA,1f2,"Arena Civica, Milano (ITA)",30 APR 2022
32.97,Ryo KIMURA,07 JUL 2001,JPN,2,"Tochigi Prefectural Sports Park Stadium, Utsunomiya (JPN)",10 OCT 2022
32.98,Claude MOSELEY,30 AUG 1961,GBR,4,London (GBR),30 AUG 1982
32.98,Timothy MUNNINGS,02 JUN 1966,BAH,6,Sydney (AUS),14 SEP 2000
32.98,Bastian SWILLIMS,09 DEC 1982,GER,1,Pliezhausen (GER),12 MAY 2002
32.98,David CANAL,07 DEC 1978,ESP,1,Valencia (ESP),28 MAY 2003
32.98,Liemarvin BONEVACIA,05 APR 1989,NED,3,Liège (BEL),05 JUL 2012
32.98,Nigel LEVINE,30 APR 1989,GBR,8,"Stadio Guidobaldi, Rieti (ITA)",07 SEP 2014
32.98,Lovro MESEC KOŠIR,11 AUG 1999,SLO,2f5,"Športni park, Slovenska Bistrica (SLO)",13 JUN 2020
32.98,Edoardo SCOTTI,09 MAY 2000,ITA,1,"Campo Sportivo, Brusaporto (ITA)",20 JUN 2020
32.98,Javon FRANCIS,14 DEC 1994,JAM,1f2,"PVAMU Track Stadium, Prairie View, TX (USA)",23 JUL 2020
32.98,Matevž ŠUŠTARŠIČ,27 AUG 2001,SLO,1f7,"Športni park, Slovenska Bistrica (SLO)",27 MAY 2023
32.99,Ainsley BENNETT,22 JUL 1954,GBR,1,London (GBR),20 JUL 1974
32.99,Todd BENNETT,06 JUL 1962,GBR,2,Belfast (GBR),27 JUN 1988
32.99,Willy MIGEREL,29 DEC 1971,FRA,5,Strasbourg (FRA),29 JUN 1999
32.99,Justin OLIVER,07 NOV 1987,USA,5,"Eugene, OR (USA)",08 AUG 2006
32.99,Yusuke ISHITSUKA,19 JUN 1987,JPN,3,Izumo (JPN),19 APR 2009
32.99,Lorenzo VALENTINI,13 APR 1991,ITA,1f1,Rieti (ITA),24 APR 2013
32.99,Manteo MITCHELL,06 JUL 1987,USA,6,Liège (BEL),15 JUL 2015
32.99,Jan JIRKA,05 OCT 1993,CZE,1f1,Praha (CZE),06 MAY 2017
32.99,Keenan BLAKE,17 JAN 2003,NED,1f2,"Sportpark Ter Specke, Lisse (NED)",13 MAY 2023
32.99,Samuel GARCÍA,04 DEC 1991,ESP,2f2,"Schönbuchstadion, Pliezhausen (GER)",14 MAY 2023
33.0,Raymond PIERRE,19 SEP 1967,USA,6,London (GBR),22 AUG 1987
33.0,Daniel CLARENCE,11 JUN 1961,USA,3,Bruxelles (BEL),19 AUG 1988
33.0,Marc FOUCAN,14 OCT 1971,FRA,1,Arles (FRA),04 JUN 2000
33.0,Everton CLARKE,24 DEC 1992,JAM,3,Karlstad (SWE),27 JUL 2016
33.0,Joel BURGUNDER,20 MAY 1991,SUI,1f1,Langenthal (SUI),25 MAY 2017
33.0,Rafał OMELKO,16 JAN 1989,POL,3,Sopot (POL),16 AUG 2017
33.0,Óscar HUSILLOS,18 JUL 1993,ESP,1,Palencia (ESP),05 MAY 2018
33.0,Timothé MUMENTHALER,12 DEC 2002,SUI,1f1,"Stade Olympique de la Pontaise, Lausanne (SUI)",06 MAY 2023
33.01,Darrell ROBINSON,23 DEC 1963,USA,7,London (GBR),22 AUG 1987
33.01,Oliver BRIDGES,30 JUN 1962,USA,3,Belfast (GBR),27 JUN 1988
33.01,Robert KURNICKI,27 MAR 1965,GER,1,Wuppertal (GER),05 MAY 1996
33.01,Stefan HOLZ,25 FEB 1979,GER,1,Pliezhausen (GER),21 MAY 2000
33.01,Naman KEITA,09 APR 1978,FRA,1,"Stade Raymond Petit, Tomblaine (FRA)",14 SEP 2004
33.01,Nathaniel MCKINNEY,19 JAN 1982,BAH,3,Ostrava (CZE),12 JUN 2008
33.01,Yusuke ISHITSUKA,19 JUN 1987,JPN,2,Izumo (JPN),18 APR 2010
33.01,Josef ROBERTSON,14 MAY 1987,JAM,1f1,"Sportovní areál Krajinka, Cheb (CZE)",02 AUG 2013
33.01,Matteo GALVAN,24 AUG 1988,ITA,1,Rieti (ITA),31 JUL 2014
33.01,Martyn ROONEY,03 APR 1987,GBR,7,"Alexander Stadium, Birmingham (GBR)",07 JUN 2015
33.01,Manteo MITCHELL,06 JUL 1987,USA,2,Heusden-Zolder (BEL),18 JUL 2015
33.01,Ilhwan MO,18 MAY 1999,KOR,1f1,Izumo (JPN),22 APR 2018
33.01,Naoki KITADANI,12 NOV 1998,JPN,1f3,"Hamayama Park Athletic Field, Izumo (JPN)",21 APR 2019
33.01,Edoardo SCOTTI,09 MAY 2000,ITA,2,"Stadio Diego Armando Maradona, Napoli (ITA)",23 APR 2022
33.01,Joshua ABUAKU,07 JUL 1996,GER,1f1,"Schönbuchstadion, Pliezhausen (GER)",08 MAY 2022
33.02,Leo SETTLE,19 OCT 1975,USA,4,Liège (BEL),27 AUG 2002
33.02,Željko VINCEK,16 JUN 1986,CRO,1,Čakovec (CRO),16 JUL 2006
33.02,David VERBURG,14 MAY 1991,USA,5,Liège (BEL),10 JUL 2013
33.02,Jeremy WARINER,31 JAN 1984,USA,6,"San Marcos, TX (USA)",23 MAY 2014
33.02,Batuhan ALTINTAŞ,28 APR 1996,TUR,1,Ankara (TUR),05 JUL 2014
33.02,Kyle CLEMONS,27 AUG 1990,USA,6f2,Liège (BEL),16 JUL 2014
33.02,Manteo MITCHELL,06 JUL 1987,USA,4,"Atlanta, GA (USA)",01 AUG 2015
33.02,Rasmus MÄGI,04 MAY 1992,EST,1f3,"Rannastaadion, Pärnu (EST)",03 JUL 2022
33.03,Zwane TANTAZA,01 DEC 1992,SWZ,5,Liège (BEL),18 JUL 2018
33.03,Charles DEVANTAY,14 FEB 1998,SUI,1f1,Lausanne (SUI),11 MAY 2019
33.03,Noah Nirmal TOM,13 NOV 1994,IND,3f3,Ustí Nad Orlicí (CZE),17 AUG 2019
33.03,Zakithi NENE,02 APR 1998,RSA,3,Pretoria (RSA),07 FEB 2020
33.03,Ngoni MAKUSHA,29 JUN 1994,ZIM,4,Pretoria (RSA),07 FEB 2020
33.03,Matěj KRSEK,13 MAY 2000,CZE,1,"Stadion v Poohří, Cheb (CZE)",27 AUG 2020
33.04,Marc RAQUIL,02 APR 1977,FRA,1,Nancy (FRA),03 SEP 2000
33.04,Eric MILAZAR,01 JUN 1975,MRI,5,Sydney (AUS),11 SEP 2000
33.04,Kazushi KIMURA,17 JAN 1993,JPN,3,Izumo (JPN),22 APR 2017
33.04,Jure GRKMAN,29 SEP 1999,SLO,1f3,"Športni center, Kranj (SLO)",06 JUN 2020
33.04,Nobuya KATO,16 APR 1995,JPN,2f2,"Hamayama Park Athletic Field, Izumo (JPN)",11 APR 2021
33.04,Gustav Lundholm NIELSEN,03 AUG 1998,DEN,1,"Holbæk Stadion, Holbaek (DEN)",30 AUG 2022
33.05,Julian VOELKEL,30 APR 1973,GER,1,Wuppertal (GER),03 MAY 1998
33.05,Timothy MUNNINGS,02 JUN 1966,BAH,3,Evry-Bondoufle (FRA),17 AUG 2003
33.05,Gary KIKAYA,04 FEB 1978,CGO,5f1,"Mestský Stadion, Ostrava (CZE)",27 MAY 2010
33.05,Pavel MASLÁK,21 FEB 1991,CZE,1f1,"Sportovní areál Krajinka, Cheb (CZE)",12 AUG 2015
33.05,Giuseppe LEONARDI,31 JUL 1996,ITA,1f1,Enna (ITA),16 APR 2016
33.05,Jun KIMURA,26 MAY 1991,JPN,4,Izumo (JPN),22 APR 2017
33.05,Kazushi KIMURA,17 JAN 1993,JPN,1f2,Izumo (JPN),22 APR 2018
33.05,Matěj KRSEK,13 MAY 2000,CZE,2,"Mestský Stadion Sletište, Kladno (CZE)",01 JUN 2020
33.05,Marvin SCHLEGEL,02 JAN 1998,GER,2,"Estadio Municipal de Santa Lucia, Vecindario (ESP)",10 APR 2021
33.05,Ryuki IWASAKI,13 AUG 2000,JPN,3,"Tochigi Prefectural Sports Park Stadium, Utsunomiya (JPN)",10 OCT 2022
33.05,Lovro MESEC KOŠIR,11 AUG 1999,SLO,2f7,"Športni park, Slovenska Bistrica (SLO)",27 MAY 2023
33.06,Stéphane DIAGANA,23 JUL 1969,FRA,3,Noisy-le-Grand (FRA),20 JUN 2000
33.06,Pierre-Marie HILAIRE,19 NOV 1965,FRA,2,Reims (FRA),30 AUG 2000
33.06,Sebastian GATZKA,19 MAY 1982,GER,3,Pliezhausen (GER),18 MAY 2003
33.06,Samuel ADADE,16 JUN 1985,GHA,2,Brasschaat (BEL),07 AUG 2004
33.06,Ryan SHIELDS,12 MAY 1983,JAM,2,Liège (BEL),15 JUL 2009
33.06,Yuji UIKE,03 JUN 1998,JPN,1,Osaka (JPN),28 AUG 2016
33.06,Andrey KUKHARENKO,24 FEB 1997,ANA,1f2,"Rannastaadion, Pärnu (EST)",24 AUG 2019
33.06,Vít MÜLLER,31 AUG 1996,CZE,3f2,Ustí Nad Orlicí (CZE),30 AUG 2022
33.06,Soshi MIZUKUBO,01 MAR 1999,JPN,3f3,"Hamayama Park Athletic Field, Izumo (JPN)",16 APR 2023
33.06,Pavel MASLÁK,21 FEB 1991,CZE,2f1,"Atletický stadion Turnov, Turnov (CZE)",23 MAY 2023
33.07,Abdelali KASBANE,05 NOV 1962,MAR,6,Jerez de la Frontera (ESP),03 SEP 1990
33.07,Xavier RAVENET,17 JUL 1975,FRA,4,Noisy-le-Grand (FRA),20 JUN 2000
33.07,California MOLEFE,12 MAR 1980,BOT,1,Kortrijk (BEL),05 JUL 2003
33.07,Nick EKELUND-ARENANDER,23 JAN 1989,DEN,1f2,København (DEN),20 JUN 2013
33.07,Ryo MOTOSHIO,17 OCT 1990,JPN,5f1,Izumo (JPN),20 APR 2014
33.07,Tobias LANGE,29 DEC 1993,GER,1f1,Leverkusen (GER),28 APR 2018
33.07,Kévin BORLÉE,22 FEB 1988,BEL,6,Liège (BEL),18 JUL 2018
33.07,Yoshinobu IMOTO,31 JUL 1999,JPN,2f3,"Hamayama Park Athletic Field, Izumo (JPN)",21 APR 2019
33.07,Yuichi KINOSHITA,10 SEP 2002,JPN,1,"Municipal Stadium, Hiroshima (JPN)",18 OCT 2019
33.07,Daichi MORIOKA,19 SEP 1999,JPN,1f3,"Ishin Me-Life Stadium, Yamaguchi (JPN)",16 OCT 2022
33.08,Allyn CONDON,24 AUG 1974,GBR,1,Loughborough (GBR),08 AUG 1999
33.08,Quentin IGLEHART-SUMMERS,15 JUN 1987,USA,6,"Eugene, OR (USA)",08 AUG 2006
33.08,Alleyne FRANCIQUE,07 JUN 1976,GRN,4,"Eugene, OR (USA)",27 MAY 2007
33.08,Marc SCHNEEBERGER,05 JUL 1981,SUI,1f1,Lausanne (SUI),08 MAY 2010
33.08,Alex WILSON,19 SEP 1990,SUI,1f1,Basel (SUI),01 MAY 2012
33.08,Edino STEELE,01 JUN 1987,JAM,6,"Mestský Stadion, Ostrava (CZE)",26 MAY 2015
33.08,Aliaksandr LINNIK,28 JAN 1991,BLR,4,Karlstad (SWE),27 JUL 2016
33.08,Pieter CONRADIE,20 OCT 1994,RSA,4,Pretoria (RSA),08 MAR 2018
33.08,Shinnosuke YAMASHINA,02 DEC 2001,JPN,1,"Prefectural Stadium, Okayama (JPN)",11 JUL 2021
33.08,Pavel MASLÁK,21 FEB 1991,CZE,2,"McArthur Stadium, Potchefstroom (RSA)",25 JAN 2022
33.08,Ivan Danny GELDENHUYS,09 AUG 2001,NAM,5,"Pilditch Stadium, Pretoria (RSA)",18 FEB 2023
33.09,Roberto TOZZI,17 DEC 1958,ITA,1,"San Diego, CA (USA)",30 JUL 1984
33.09,Brian WHITTLE,26 APR 1964,GBR,5,London (GBR),28 AUG 1988
33.09,Mark LADBROOK,06 FEB 1972,AUS,3,"Durham, NC (USA)",13 JUL 1996
33.09,Carlos SILVA,08 JUN 1974,POR,1,Viseu (POR),02 MAY 1999
33.09,Oumar LOUM,31 DEC 1973,SEN,2,"Stade Raymond Petit, Tomblaine (FRA)",16 SEP 2003
33.09,Sebastijan JAGARINEC,24 AUG 1987,SLO,1f2,Maribor (SLO),26 MAY 2010
33.09,Cameron FRENCH,17 MAY 1992,NZL,1,Auckland (NZL),20 DEC 2014
33.09,Vít MÜLLER,31 AUG 1996,CZE,1,Ustí Nad Orlicí (CZE),29 AUG 2020
33.09,Daiki NOSE,05 FEB 2001,JPN,1,"Ojiyama Athletic Field, Otsu (JPN)",07 AUG 2021
33.09,Daiki NOSE,05 FEB 2001,JPN,5f3,"Hamayama Park Athletic Field, Izumo (JPN)",24 APR 2022
33.09,Rui FUJISAWA,24 JAN 2003,JPN,4,"Tochigi Prefectural Sports Park Stadium, Utsunomiya (JPN)",10 OCT 2022
33.09,Rok FERLAN,26 JUL 1997,SLO,3f7,"Športni park, Slovenska Bistrica (SLO)",27 MAY 2023
33.1,Bastian SWILLIMS,09 DEC 1982,GER,3,Pliezhausen (GER),16 MAY 2004
33.1,Ingo SCHULTZ,26 JUL 1975,GER,1f2,Pliezhausen (GER),18 MAY 2008
33.1,Petr SZETEI,16 SEP 1984,CZE,1f1,Sušice (CZE),19 MAY 2009
33.1,Dariusz KOWALUK,16 APR 1996,POL,1,Warszawa (POL),27 MAY 2017
33.1,Saad Mubarek SALEM,28 MAY 1999,BRN,1,Riffa (BRN),03 MAR 2018
33.1,Pavel MASLÁK,21 FEB 1991,CZE,3,"Mestský Stadion Sletište, Kladno (CZE)",01 JUN 2020
33.1,Iréné BADO,28 JUN 2000,BUR,1ce2,"Omnisport Stadium, Bobo-Dioulasso (BUR)",20 FEB 2022
33.1,Jan Michael GUTIERREZ,24 JUL 1998,PUR,3,"Pista Basilio Rodriguez, Carolina (PUR)",17 MAR 2023
33.1,Jean Paul BREDAU,27 JUN 1999,GER,1f1,"Schönbuchstadion, Pliezhausen (GER)",14 MAY 2023
33.11,Rohan ROBINSON,15 NOV 1971,AUS,6f2,"Marietta, GA (USA)",21 JUL 1996
33.11,Patrick JOHNSON,26 SEP 1972,AUS,1,Geelong (AUS),02 DEC 2006
33.11,Gil ROBERTS,15 MAR 1989,USA,2,"Pasadena, CA (USA)",23 MAR 2013
33.11,Tama TOKI,11 FEB 1991,NZL,2,Auckland (NZL),20 DEC 2014
33.11,Taichi SUZUKI,03 MAY 1996,JPN,1,"Nihon University Athletics Stadium, Setagaya (JPN)",04 APR 2020
33.11,Towa UZAWA,25 NOV 2002,JPN,1h2,"Tochigi Prefectural Sports Park Stadium, Utsunomiya (JPN)",09 OCT 2022
33.12,Rui DA SILVA,15 SEP 1951,BRA,1f2,Formia (ITA),30 JUL 1983
33.12,Patrick VAN BALKOM,14 SEP 1974,NED,1,Lisse (NED),03 MAY 1997
33.12,Eric MILAZAR,01 JUN 1975,MRI,2,Viareggio (ITA),13 AUG 1999
33.12,Sebastian GATZKA,19 MAY 1982,GER,1,Pliezhausen (GER),14 MAY 2006
33.12,Sean WROE,18 MAR 1985,AUS,6,Naimette-Xhovémont (BEL),16 JUL 2008
33.12,Patrick VAN LUIJK,17 SEP 1984,NED,1f4,Lisse (NED),14 MAY 2011
33.12,Kazushi KIMURA,17 JAN 1993,JPN,1f2,Izumo (JPN),20 APR 2014
33.12,Kamghe GABA,13 JAN 1984,GER,1f3,Pliezhausen (GER),18 MAY 2014
33.12,Karol ZALEWSKI,07 AUG 1993,POL,1,Sosnowiec (POL),01 MAY 2016
33.12,Julien WATRIN,27 JUN 1992,BEL,2f2,Heusden-Zolder (BEL),30 JUL 2017
33.12,Vladimir ACETI,16 OCT 1998,ITA,1f3,Milano (ITA),16 SEP 2017
33.12,William REAIS,04 MAY 1999,SUI,1f1,"Allmend, Meilen (SUI)",20 JUN 2020
33.13,Anton SKERRITT,03 JAN 1964,CAN,1,Rieti (ITA),23 AUG 1987
33.13,Jared DEACON,15 OCT 1975,GBR,7,Gateshead (GBR),19 JUL 1998
33.13,Lulu BASINYI,30 MAY 1976,BOT,7,Sydney (AUS),14 SEP 2000
33.13,Matthew ELIAS,25 APR 1979,GBR,1,Brisbane (AUS),14 APR 2002
33.13,Matthew ELIAS,25 APR 1979,GBR,1,Brisbane (AUS),23 APR 2002
33.13,Pavel MASLÁK,21 FEB 1991,CZE,6f1,"Mestský Stadion, Ostrava (CZE)",27 MAY 2010
33.13,Jonathan SACOOR,01 SEP 1999,BEL,1,Huizingen (BEL),20 AUG 2017
33.13,Šimon BUJNA,27 DEC 1995,SVK,2,Ustí Nad Orlicí (CZE),18 AUG 2021
33.13,Ruo EKEJUNIA,14 DEC 2004,JPN,1h2,"Tochigi Prefectural Sports Park Stadium, Utsunomiya (JPN)",09 OCT 2022
33.13,Ryo KIMURA,07 JUL 2001,JPN,1h4,"Tochigi Prefectural Sports Park Stadium, Utsunomiya (JPN)",09 OCT 2022
33.14,Henry THOMAS,10 JUL 1967,USA,5,Jerez de la Frontera (ESP),13 SEP 1989
33.14,Edel HEVIA,22 FEB 1977,CUB,4,La Habana (CUB),29 JAN 1999
33.14,Kevin BRAUNSKILL,31 MAR 1969,USA,4,Pretoria (RSA),24 MAR 2000
33.14,Paul PEARCE,08 JAN 1977,AUS,1,Brisbane (AUS),26 JUN 2005
33.14,Florian SEITZ,05 AUG 1982,GER,1f2,Bremen (GER),24 MAY 2008
33.14,Jacques DE SWARDT,12 AUG 1992,RSA,4,Liège (BEL),05 JUL 2012
33.14,Donald BLAIR-SANFORD,05 FEB 1987,ISR,1,Rishon Letzion (ISR),17 JAN 2015
33.14,James WILLIAMS,01 OCT 1991,GBR,1f1,Sint-Niklaas (BEL),02 AUG 2017
33.14,Luguelín SANTOS,12 NOV 1992,DOM,1,Riffa (BRN),01 APR 2018
33.14,Mitsuki KAWAUCHI,02 JUN 1997,JPN,1f2,"Ishin Me-Life Stadium, Yamaguchi (JPN)",17 OCT 2021
33.14,Yoshinobu IMOTO,31 JUL 1999,JPN,4f3,"Hamayama Park Athletic Field, Izumo (JPN)",16 APR 2023
33.15,Carlos MORALES,26 JUL 1966,CHI,3,Jerez de la Frontera (ESP),28 JUN 1988
33.15,Ousmane NIANG,01 APR 1980,SEN,6,Sydney (AUS),11 SEP 2000
33.15,Dennis DARLING,06 MAY 1975,BAH,8,Sydney (AUS),14 SEP 2000
33.15,Carl OLIVER,30 JAN 1969,BAH,2,Calgary (CAN),30 JUL 2001
33.15,Ruwen FALLER,22 JUL 1980,GER,2,Pliezhausen (GER),12 MAY 2002
33.15,Florian SEITZ,05 AUG 1982,GER,1,Bremen (GER),29 MAY 2005
33.15,Dylan GRANT,14 MAR 1988,AUS,1,Gold Coast (AUS),03 JAN 2007
33.15,Jamel ASHLEY,17 APR 1979,USA,5,"Eugene, OR (USA)",27 MAY 2007
33.15,Ali EKBER KAYAŞ,05 APR 1987,TUR,1,Ankara (TUR),20 JUL 2011
33.15,Kacper KOZŁOWSKI,07 DEC 1986,POL,1,Czestochowa (POL),07 MAY 2016
33.15,Constantin PREIS,16 MAY 1998,GER,3f2,"Schönbuchstadion, Pliezhausen (GER)",08 MAY 2022
33.15,Rok FERLAN,26 JUL 1997,SLO,1f5,"Športni park, Slovenska Bistrica (SLO)",28 MAY 2022
33.15,Jérémy VALNET,04 JUN 2003,SUI,2f1,"Stade Olympique de la Pontaise, Lausanne (SUI)",06 MAY 2023
33.16,Roberto RIBAUD,30 JUN 1961,ITA,2,Formia (ITA),30 JUL 1983
33.16,Lukas RICHTER,08 NOV 1970,RSA,5,Pretoria (RSA),24 MAR 2000
33.16,Fidelis GADZAMA,20 OCT 1979,NGR,1,Alicante (ESP),18 APR 2001
33.16,Troy DOUGLAS,30 NOV 1962,NED,1,Lisse (NED),05 MAY 2001
33.16,Leslie DJHONE,18 MAR 1981,FRA,2,Lorient (FRA),26 MAY 2001
33.16,Jerome DAVIS,20 AUG 1977,USA,3,Göteborg (SWE),27 AUG 2002
33.16,Simon KIRCH,26 SEP 1979,GER,2,Pliezhausen (GER),14 MAY 2006
33.16,Marc SCHNEEBERGER,05 JUL 1981,SUI,1f1,Langenthal (SUI),13 MAY 2010
33.16,Jereem RICHARDS,13 JAN 1994,TTO,1,Port-of-Spain (TTO),20 FEB 2016
33.16,Ricky PETRUCCIANI,30 JUN 2000,SUI,2f1,"Stadion Hard, Langenthal (SUI)",13 JUN 2020
33.16,Akira MATSUMOTO,01 JUN 1999,JPN,3f2,"Hamayama Park Athletic Field, Izumo (JPN)",11 APR 2021
33.16,Mitsuki KAWAUCHI,02 JUN 1997,JPN,6f3,"Hamayama Park Athletic Field, Izumo (JPN)",24 APR 2022
33.16,Yusei SHIGA,07 MAY 2000,JPN,1f2,"Ishin Me-Life Stadium, Yamaguchi (JPN)",16 OCT 2022
33.17,Patrick VAN BALKOM,14 SEP 1974,NED,1,Lisse (NED),01 MAY 1999
33.17,Péter NYILASI,18 OCT 1972,HUN,6,Pretoria (RSA),24 MAR 2000
33.17,Donald BLAIR-SANFORD,05 FEB 1987,ISR,1,Rishon Letzion (ISR),24 JAN 2015
33.17,Batuhan ALTINTAŞ,28 APR 1996,TUR,1,Ankara (TUR),06 AUG 2017
33.18,Relier CANO,11 FEB 1979,CUB,5,La Habana (CUB),29 JAN 1999
33.18,Fred MANGO,26 JUN 1973,FRA,6,Strasbourg (FRA),29 JUN 1999
33.18,Tyler CHRISTOPHER,03 OCT 1983,CAN,2,Victoria (CAN),22 MAY 2002
33.18,Jevon MASON,16 JAN 1982,USA,1,"Tucson, AZ (USA)",07 DEC 2002
33.18,Kamghe GABA,13 JAN 1984,GER,4,Villeneuve d'Ascq (FRA),08 JUN 2007
33.18,Lorenzo VALENTINI,13 APR 1991,ITA,3,"Stadio Guidobaldi, Rieti (ITA)",08 SEP 2013
33.18,Hideyuki HIROSE,20 JUL 1989,JPN,6f1,Izumo (JPN),20 APR 2014
33.18,Onkabetse NKOBOLO,22 JUL 1993,BOT,5,Pretoria (RSA),08 MAR 2018
33.18,Zakithi NENE,02 APR 1998,RSA,3f2,"McArthur Stadium, Potchefstroom (RSA)",17 NOV 2020
33.18,Damian TRZASKA,03 FEB 2000,POL,1f1,"Stadion Zygmunta Szelesta, Warszawa (POL)",07 MAY 2022
33.18,Taisei WATANABE,21 AUG 2004,JPN,1f3,"Athletics Stadium, Tainai (JPN)",24 JUL 2022
33.18,Kira HIRAKAWA,25 AUG 2005,JPN,2,"Tochigi Prefectural Sports Park Stadium, Utsunomiya (JPN)",10 OCT 2022
33.18,Joshua ABUAKU,07 JUL 1996,GER,2f1,"Schönbuchstadion, Pliezhausen (GER)",14 MAY 2023
33.19,Timothy MUNNINGS,02 JUN 1966,BAH,3,Calgary (CAN),30 JUL 2001
33.19,Massimiliano DENTALI,1980,ITA,1,Chivasso (ITA),01 APR 2002
33.19,Massimiliano DENTALI,1980,ITA,1,Chivasso (ITA),01 MAY 2002
33.19,Bastian SWILLIMS,09 DEC 1982,GER,4,Pliezhausen (GER),18 MAY 2003
33.19,Anderson Jorge OLIVEIRA DOS SANTOS,23 APR 1972,BRA,4,Brasschaat (BEL),13 AUG 2003
33.19,Željko VINCEK,16 JUN 1986,CRO,5,Ljubljana (SLO),10 AUG 2004
33.19,Bryshon NELLUM,01 MAY 1989,USA,1,"Eugene, OR (USA)",08 AUG 2006
33.19,Daniel BATMAN,20 MAR 1981,AUS,2,Geelong (AUS),02 DEC 2006
33.19,Nicklas HYDE,05 JUN 1986,DEN,4,Sollentuna (SWE),08 JUL 2008
33.19,Kenji FUJIMITSU,01 MAY 1986,JPN,4,Izumo (JPN),19 APR 2009
33.19,Yavuz CAN,23 FEB 1987,TUR,1f6,Istanbul (TUR),02 JUN 2012
33.19,Ken ROMAIN,17 APR 1993,FRA,1f1,Paris (FRA),16 JUL 2014
33.19,Thapelo PHORA,21 NOV 1991,RSA,1,Pretoria (RSA),28 JAN 2016
33.19,Ashley HLUNGWANI,25 APR 1991,RSA,2,Johannesburg (RSA),10 FEB 2017
33.19,Ricky PETRUCCIANI,30 JUN 2000,SUI,1f1,"McArthur Stadium, Potchefstroom (RSA)",28 JAN 2020
33.19,Masaki NAKAZATO,20 JUN 2000,JPN,1,"Athletic Park Stadium, Sano (JPN)",17 JUL 2021
33.2,Du'aine LADEJO,14 FEB 1971,GBR,8,Gateshead (GBR),19 JUL 1998
33.2,Julien HAGEN,04 MAY 1975,NED,7,Pretoria (RSA),24 MAR 2000
33.2,Dimitri DEMONIERE,28 MAR 1979,FRA,5,Noisy-le-Grand (FRA),20 JUN 2000
33.2,Ralf RIESTER,16 JAN 1980,GER,1,Bremen (GER),18 MAY 2003
33.2,Marc SCHNEEBERGER,05 JUL 1981,SUI,1,Langenthal (SUI),20 MAY 2004
33.2,Rudolf GÖTZ,10 APR 1983,CZE,1,Praha (CZE),09 MAY 2006
33.2,Marcin MARCINISZYN,07 SEP 1982,POL,1f4,Poznan (POL),17 MAY 2009
33.2,Sven BUGGEL,1982,GER,1f1,Berlin (GER),05 AUG 2009
33.2,Jiří VOJTÍK,02 JUL 1981,CZE,1f2,Pliezhausen (GER),16 MAY 2010
33.2,Jarrin SOLOMON,11 JAN 1986,TTO,1f1,Pliezhausen (GER),22 MAY 2011
33.2,Anderson HENRIQUES,03 MAR 1992,BRA,1,Porto Alegre (BRA),23 FEB 2012
33.2,Michael ROBERTSON,18 JUN 1989,CAN,1,Ottawa (CAN),16 JUL 2014
33.2,Kalinga KUMARAGE,25 SEP 1992,SRI,1,Colombo (SRI),17 MAR 2021
33.2,Ryuki IWASAKI,13 AUG 2000,JPN,2f1,"Hamayama Park Athletic Field, Izumo (JPN)",11 APR 2021
33.2,Christian COLEMAN,06 MAR 1996,USA,2f1,"Nutter Fieldhouse, Lexington, KY (USA)",14 JAN 2022
33.2,Rui FUJISAWA,24 JAN 2003,JPN,1h5,"Tochigi Prefectural Sports Park Stadium, Utsunomiya (JPN)",09 OCT 2022
33.2,Andreas GRIMERUD,11 JUL 2003,NOR,3f1,"Fana Stadion, Bergen (NOR)",03 JUN 2023
