Mark,Competitor,DOB,Nat,Pos,Venue,Date
2:54.29,United States,,USA,1,"Gottlieb-Daimler Stadion, Stuttgart (GER)",22 AUG 1993
2:55.39,United States,,USA,1,"National Stadium, Beijing (CHN)",23 AUG 2008
2:55.56,United States,,USA,1,"Yanmar Stadium Nagai, Osaka (JPN)",02 SEP 2007
2:55.70,United States,,USA,1,"National Stadium, Tokyo (JPN)",07 AUG 2021
2:55.74,United States,,USA,1,"Estadio Olímpico, Barcelona (ESP)",08 AUG 1992
2:55.91,United States,,USA,1,"Olympic Stadium, Athina (GRE)",28 AUG 2004
2:55.99,United States,,USA,1,"Olympic Stadium, Atlanta, GA (USA)",03 AUG 1996
2:56.16,United States,,USA,1,"Estadio Olímpico, Ciudad de México (MEX)",20 OCT 1968
2:56.16,United States,,USA,1,"Olympic Stadium, Jamsil, Seoul (KOR)",01 OCT 1988
2:56.17,United States,,USA,1,"Hayward Field, Eugene, OR (USA)",24 JUL 2022
2:56.60,Great Britain & NI,,GBR,2,"Olympic Stadium, Atlanta, GA (USA)",03 AUG 1996
2:56.65,Great Britain & NI,,GBR,1,"Olympic Stadium, Athina (GRE)",10 AUG 1997
2:56.69,United States,,USA,1,"Khalifa International Stadium, Doha (QAT)",06 OCT 2019
2:56.72,Bahamas,,BAH,1,"Olympic Stadium, London (GBR)",10 AUG 2012
2:56.75,Jamaica,,JAM,2,"Olympic Stadium, Athina (GRE)",10 AUG 1997
2:56.91,United States,,USA,1,"Olympiastadion, Helsinki (FIN)",14 AUG 2005
2:57.05,United States,,USA,2,"Olympic Stadium, London (GBR)",10 AUG 2012
2:57.18,Netherlands,,NED,2,"National Stadium, Tokyo (JPN)",07 AUG 2021
2:57.25,United States,,USA,1f1,"T. Robinson Stadium, Nassau (BAH)",25 MAY 2014
2:57.27,Botswana,,BOT,3,"National Stadium, Tokyo (JPN)",07 AUG 2021
2:57.29,United States,,USA,1,"Stadio Olimpico, Roma (ITA)",06 SEP 1987
2:57.30,United States,,USA,1,"Estádio Olímpico, Rio de Janeiro (BRA)",20 AUG 2016
2:57.32,United States,,USA,1,"Ullevi Stadium, Göteborg (SWE)",13 AUG 1995
2:57.32,Bahamas,,BAH,2,"Olympiastadion, Helsinki (FIN)",14 AUG 2005
2:57.53,Great Britain & NI,,GBR,1,"National Stadium, Tokyo (JPN)",01 SEP 1991
2:57.57,United States,,USA,2,"National Stadium, Tokyo (JPN)",01 SEP 1991
2:57.59,Bahamas,,BAH,2f1,"T. Robinson Stadium, Nassau (BAH)",25 MAY 2014
2:57.72,Adidas,,INT,1f1,"Percy Beard Track, Gainesville, FL (USA)",16 APR 2022
2:57.74,Florida,,INT,1,"Mike A. Myers Stadium, Austin, TX (USA)",09 JUN 2023
2:57.76,Florida,,INT,1f2,"LSU Bernie Moore Stadium, Baton Rouge, LA (USA)",13 MAY 2023
2:57.77,United States,,USA,1h1,"National Stadium, Tokyo (JPN)",06 AUG 2021
2:57.78,Arizona State,,USA,2,"Mike A. Myers Stadium, Austin, TX (USA)",09 JUN 2023
2:57.82,United States,,USA,1,"National Stadium, Beijing (CHN)",30 AUG 2015
2:57.86,United States,,USA,1,"Olympiastadion, Berlin (GER)",23 AUG 2009
2:57.87,United States,,USA,1sf2,"Olympic Stadium, Atlanta, GA (USA)",02 AUG 1996
2:57.88,Belgium,,BEL,4,"National Stadium, Tokyo (JPN)",07 AUG 2021
2:57.90,Jamaica,,JAM,2,"Khalifa International Stadium, Doha (QAT)",06 OCT 2019
2:57.91,United States,,USA,1,"Memorial Coliseum, Los Angeles, CA (USA)",11 AUG 1984
2:57.97,Jamaica,,JAM,1,Winnipeg (CAN),30 JUL 1999
2:58.00,Poland,,POL,1,"New York, NY (USA)",22 JUL 1998
2:58.01,Alabama,,INT,2f2,"LSU Bernie Moore Stadium, Baton Rouge, LA (USA)",13 MAY 2023
2:58.03,Bahamas,,BAH,2,"National Stadium, Beijing (CHN)",23 AUG 2008
2:58.07,Jamaica,,JAM,3,"Olympiastadion, Helsinki (FIN)",14 AUG 2005
2:58.12,Trinidad and Tobago,,TTO,1,"Olympic Stadium, London (GBR)",13 AUG 2017
2:58.13,United States,,USA,1h2,"National Stadium, Beijing (CHN)",29 AUG 2015
2:58.16,Jamaica,,JAM,2,"Estádio Olímpico, Rio de Janeiro (BRA)",20 AUG 2016
2:58.19,Bahamas,,BAH,1,"Commonwealth Stadium, Edmonton (CAN)",12 AUG 2001
2:58.20,Trinidad and Tobago,,TTO,2,"National Stadium, Beijing (CHN)",30 AUG 2015
2:58.22,Great Britain & NI,,GBR,1,"Poljud Stadion, Split (CRO)",01 SEP 1990
2:58.23,United States,,USA,1sf1,"Ullevi Stadium, Göteborg (SWE)",12 AUG 1995
2:58.29,Jamaica,,JAM,2sf1,"Ullevi Stadium, Göteborg (SWE)",12 AUG 1995
2:58.29,Jamaica,,JAM,1h1,"Estádio Olímpico, Rio de Janeiro (BRA)",19 AUG 2016
2:58.33,Jamaica,,JAM,2,"New York, NY (USA)",22 JUL 1998
2:58.33,Botswana,,BOT,2h1,"National Stadium, Tokyo (JPN)",06 AUG 2021
2:58.34,Trinidad and Tobago,,TTO,3f1,"T. Robinson Stadium, Nassau (BAH)",25 MAY 2014
2:58.38,United States,,USA,2h1,"Estádio Olímpico, Rio de Janeiro (BRA)",19 AUG 2016
2:58.39,Jamaica,,JAM,2,"Commonwealth Stadium, Edmonton (CAN)",12 AUG 2001
2:58.42,Jamaica,,JAM,2sf2,"Olympic Stadium, Atlanta, GA (USA)",02 AUG 1996
2:58.43,United States,,USA,1f1,"T. Robinson Stadium, Nassau (BAH)",03 MAY 2015
2:58.46,Poland,,POL,5,"National Stadium, Tokyo (JPN)",07 AUG 2021
2:58.49,Bahamas,,BAH,3,"Estádio Olímpico, Rio de Janeiro (BRA)",20 AUG 2016
2:58.51,Great Britain & NI,,GBR,3,"National Stadium, Beijing (CHN)",30 AUG 2015
2:58.51,Jamaica,,JAM,4,"National Stadium, Beijing (CHN)",30 AUG 2015
2:58.52,Belgium,,BEL,4,"Estádio Olímpico, Rio de Janeiro (BRA)",20 AUG 2016
2:58.53,Florida,,USA,2f1,"Percy Beard Track, Gainesville, FL (USA)",16 APR 2022
2:58.55,Poland,,POL,1h2,"National Stadium, Tokyo (JPN)",06 AUG 2021
2:58.56,Brazil,,BRA,2,Winnipeg (CAN),30 JUL 1999
2:58.58,Jamaica,,JAM,2,"Hayward Field, Eugene, OR (USA)",24 JUL 2022
2:58.60,Trinidad and Tobago,,TTO,3h1,"National Stadium, Tokyo (JPN)",06 AUG 2021
2:58.61,United States,,USA,2,"Olympic Stadium, London (GBR)",13 AUG 2017
2:58.62,Florida,,INT,1sf3,"Mike A. Myers Stadium, Austin, TX (USA)",07 JUN 2023
2:58.65,United States,,USA,1,"Olympic Stadium, Montréal (CAN)",31 JUL 1976
2:58.67,Trinidad and Tobago,,TTO,2h2,"National Stadium, Beijing (CHN)",29 AUG 2015
2:58.68,Great Britain & NI,,GBR,1,"Népstadion, Budapest (HUN)",23 AUG 1998
2:58.68,Nigeria,,NGR,1,"Olympic Stadium, Sydney (AUS)",30 SEP 2000
2:58.69,Jamaica,,JAM,3h2,"National Stadium, Beijing (CHN)",29 AUG 2015
2:58.71,United States Blue,,USA,1,"Philadelphia, PA (USA)",29 APR 2000
2:58.71,United States,,USA,1,"Luzhniki Stadion, Moskva (RUS)",16 AUG 2013
2:58.72,United States,,USA,1h2,"Gottlieb-Daimler Stadion, Stuttgart (GER)",21 AUG 1993
2:58.72,Belgium,,BEL,3,"Hayward Field, Eugene, OR (USA)",24 JUL 2022
2:58.76,Jamaica,,JAM,6,"National Stadium, Tokyo (JPN)",07 AUG 2021
2:58.78,Jamaica,,JAM,2,"Olympic Stadium, Sydney (AUS)",30 SEP 2000
2:58.78,Belgium,,BEL,3,"Khalifa International Stadium, Doha (QAT)",06 OCT 2019
2:58.79,Great Britain & NI,,GBR,1,"Letzigrund, Zürich (SUI)",17 AUG 2014
2:58.81,Great Britain & NI,,GBR,3,"National Stadium, Beijing (CHN)",23 AUG 2008
2:58.81,Italy,,ITA,7,"National Stadium, Tokyo (JPN)",07 AUG 2021
2:58.82,Great Britain & NI,,GBR,4,"Olympiastadion, Helsinki (FIN)",14 AUG 2005
2:58.82,United States,,USA,1h1,"DS, Daegu (KOR)",01 SEP 2011
2:58.82,Georgia,,USA,1,"Mike A. Myers Stadium, Austin, TX (USA)",01 APR 2023
2:58.83,United States U23,,USA,1,"Miramar, FL (USA)",11 JUL 2010
2:58.84,Jamaica,,JAM,1sf1,"Olympic Stadium, Sydney (AUS)",29 SEP 2000
2:58.86,Great Britain & NI,,GBR,2,"Stadio Olimpico, Roma (ITA)",06 SEP 1987
2:58.87,Bahamas,,BAH,1h2,"Olympic Stadium, London (GBR)",09 AUG 2012
2:58.87,United States,,USA,2h2,"Olympic Stadium, London (GBR)",09 AUG 2012
2:58.88,Poland,,POL,2,"Népstadion, Budapest (HUN)",23 AUG 1998
2:58.88,Florida,,USA,1,"Hayward Field, Eugene, OR (USA)",10 JUN 2022
2:58.91,Poland,,POL,1,"La Cartuja, Sevilla (ESP)",29 AUG 1999
2:58.91,Bahamas,,BAH,2f1,"T. Robinson Stadium, Nassau (BAH)",03 MAY 2015
2:58.91,Italy,,ITA,4h1,"National Stadium, Tokyo (JPN)",06 AUG 2021
2:58.92,Jamaica,,JAM,2,"Philadelphia, PA (USA)",29 APR 2000
2:58.96,France,,FRA,1,"Stade de France, Paris-St-Denis (FRA)",31 AUG 2003
2:58.96,United States,,USA,1h1,"Hayward Field, Eugene, OR (USA)",23 JUL 2022
2:59.00,Americas,,INT,1,"Poljud Stadion, Split (CRO)",05 SEP 2010
2:59.00,Great Britain & NI,,GBR,3,"Olympic Stadium, London (GBR)",13 AUG 2017
2:59.00,USC,,USA,1,"Eugene, OR (USA)",08 JUN 2018
2:59.02,Bahamas,,BAH,2sf1,"Olympic Stadium, Sydney (AUS)",29 SEP 2000
2:59.03,Jamaica,,JAM,1,Kuala Lumpur (MAS),21 SEP 1998
2:59.05,Great Britain & NI,,GBR,1h1,"National Stadium, Beijing (CHN)",29 AUG 2015
2:59.05,Texas A&M,,USA,1,"Austin, TX (USA)",07 JUN 2019
2:59.06,United States,,USA,1sf2,"Stadio Olimpico, Roma (ITA)",05 SEP 1987
2:59.06,Botswana,,BOT,5,"Estádio Olímpico, Rio de Janeiro (BRA)",20 AUG 2016
2:59.06,Netherlands,,NED,5h1,"National Stadium, Tokyo (JPN)",06 AUG 2021
2:59.12,United States,,USA,1,"Stadio Olimpico, Roma (ITA)",06 SEP 1981
2:59.13,Great Britain & NI,,GBR,2,"Memorial Coliseum, Los Angeles, CA (USA)",11 AUG 1984
2:59.13,Cuba,,CUB,1h2,"Estadio Olímpico, Barcelona (ESP)",07 AUG 1992
2:59.13,Great Britain & NI,,GBR,1,"Olympiastadion, Helsinki (FIN)",14 AUG 1994
2:59.13,Jamaica,,JAM,2h1,"DS, Daegu (KOR)",01 SEP 2011
2:59.14,United States,,USA,2h2,"Estadio Olímpico, Barcelona (ESP)",07 AUG 1992
2:59.14,Arizona State,,INT,2sf3,"Mike A. Myers Stadium, Austin, TX (USA)",07 JUN 2023
2:59.15,Alabama,,INT,2,"Mike A. Myers Stadium, Austin, TX (USA)",01 APR 2023
2:59.16,Cuba,,CUB,3,"Stadio Olimpico, Roma (ITA)",06 SEP 1987
2:59.18,United States Red,,USA,1,"Philadelphia, PA (USA)",28 APR 2007
2:59.18,Bahamas,,BAH,2,"Yanmar Stadium Nagai, Osaka (JPN)",02 SEP 2007
2:59.19,Americas,,INT,1,"CM, Madrid (ESP)",21 SEP 2002
2:59.21,South Africa,,RSA,3h1,"DS, Daegu (KOR)",01 SEP 2011
2:59.21,North Carolina A&T,,INT,1h1,"Jax Track at Hodges Stadium, Jacksonville, FL (USA)",27 MAY 2021
2:59.23,Bahamas,,BAH,3,"Olympic Stadium, Sydney (AUS)",30 SEP 2000
2:59.23,United States,,USA,1h2,"Olympic Stadium, London (GBR)",12 AUG 2017
2:59.24,Alabama,,INT,1sf1,"Mike A. Myers Stadium, Austin, TX (USA)",07 JUN 2023
2:59.25,Belgium,,BEL,1h2,"Estádio Olímpico, Rio de Janeiro (BRA)",19 AUG 2016
2:59.25,UCLA,,INT,3,"Mike A. Myers Stadium, Austin, TX (USA)",01 APR 2023
2:59.28,Belgium,,BEL,2h1,"National Stadium, Beijing (CHN)",29 AUG 2015
2:59.29,United States,,USA,1,"Durham, NC (USA)",13 JUL 1996
2:59.29,Jamaica,,JAM,2h2,"National Stadium, Tokyo (JPN)",06 AUG 2021
2:59.30,United States,,USA,1h2,"Olympic Stadium, Athina (GRE)",27 AUG 2004
2:59.30,United States U20,,USA,1,San José (CRC),21 JUL 2019
2:59.31,United States,,USA,1,"DS, Daegu (KOR)",02 SEP 2011
2:59.32,Nigeria,,NGR,3,"Memorial Coliseum, Los Angeles, CA (USA)",11 AUG 1984
2:59.33,Great Britain & NI,,GBR,1h2,"National Stadium, Beijing (CHN)",22 AUG 2008
2:59.33,Belgium,,BEL,3f1,"T. Robinson Stadium, Nassau (BAH)",03 MAY 2015
2:59.34,Jamaica,,JAM,2,"La Cartuja, Sevilla (ESP)",29 AUG 1999
2:59.35,Botswana,,BOT,3h1,"Estádio Olímpico, Rio de Janeiro (BRA)",19 AUG 2016
2:59.35,Trinidad and Tobago,,TTO,2h2,"Olympic Stadium, London (GBR)",12 AUG 2017
2:59.35,Great Britain & NI,,GBR,1,"Olympiastadion, München (GER)",20 AUG 2022
2:59.37,Belgium,,BEL,4,"National Stadium, Beijing (CHN)",23 AUG 2008
2:59.37,Belgium,,BEL,3h2,"National Stadium, Tokyo (JPN)",06 AUG 2021
2:59.40,Trinidad and Tobago,,TTO,3,"Olympic Stadium, London (GBR)",10 AUG 2012
2:59.42,United States,,USA,1,"Seattle, WA (USA)",26 JUL 1990
2:59.42,United States,,USA,1,St. Petersburg (RUS),29 JUL 1994
2:59.42,Jamaica,,JAM,3,"Olympic Stadium, Atlanta, GA (USA)",03 AUG 1996
2:59.42,France,,FRA,3h1,"National Stadium, Beijing (CHN)",29 AUG 2015
2:59.43,Cuba,,CUB,1,Guadalajara (MEX),28 OCT 2011
2:59.44,Florida,,USA,1f2,"Ole Miss T&F Complex, Oxford, MS (USA)",14 MAY 2022
2:59.45,Russia,,RUS,4h1,"National Stadium, Beijing (CHN)",29 AUG 2015
2:59.46,Great Britain & NI,,GBR,1,"Olympiastadion, München (GER)",22 JUN 1997
2:59.47,Belgium,,BEL,3h2,"Olympic Stadium, London (GBR)",12 AUG 2017
2:59.47,Belgium,,BEL,1,"Olympiastadion, Berlin (GER)",11 AUG 2018
2:59.49,Great Britain & NI,,GBR,1h3,"National Stadium, Tokyo (JPN)",31 AUG 1991
2:59.49,Belgium,,BEL,2,"Olympiastadion, München (GER)",20 AUG 2022
2:59.50,Colombia,,COL,4,"Khalifa International Stadium, Doha (QAT)",06 OCT 2019
2:59.51,Cuba,,CUB,2,"Estadio Olímpico, Barcelona (ESP)",08 AUG 1992
2:59.51,Japan,,JPN,4,"Hayward Field, Eugene, OR (USA)",24 JUL 2022
2:59.51,UCLA,,INT,3sf3,"Mike A. Myers Stadium, Austin, TX (USA)",07 JUN 2023
2:59.52,United States,,USA,1h1,"Olympic Stadium, Montréal (CAN)",30 JUL 1976
2:59.53,Great Britain & NI,,GBR,4,"Olympic Stadium, London (GBR)",10 AUG 2012
2:59.53,Cuba,,CUB,6,"Estádio Olímpico, Rio de Janeiro (BRA)",20 AUG 2016
2:59.54,United States,,USA,1,"Indianapolis, IN (USA)",16 AUG 1987
2:59.55,United States,,USA,1h1,"National Stadium, Tokyo (JPN)",31 AUG 1991
2:59.58,Poland,,POL,4h1,"Estádio Olímpico, Rio de Janeiro (BRA)",19 AUG 2016
2:59.59,Louisiana State,,USA,1,"Sacramento, CA (USA)",11 JUN 2005
2:59.60,Jamaica,,JAM,2,"Stade de France, Paris-St-Denis (FRA)",31 AUG 2003
2:59.60,Texas A&M,,INT,1,"Eugene, OR (USA)",14 JUN 2014
2:59.60,Trinidad and Tobago,,TTO,1,"CIBC, Toronto (CAN)",25 JUL 2015
2:59.60,Florida,,INT,2,"Austin, TX (USA)",07 JUN 2019
2:59.63,Kenya,,KEN,3h2,"Estadio Olímpico, Barcelona (ESP)",07 AUG 1992
2:59.63,Georgia,,INT,3f2,"LSU Bernie Moore Stadium, Baton Rouge, LA (USA)",13 MAY 2023
2:59.64,Kenya,,KEN,2,"Estadio Olímpico, Ciudad de México (MEX)",20 OCT 1968
2:59.64,Bahamas,,BAH,2h2,"Estádio Olímpico, Rio de Janeiro (BRA)",19 AUG 2016
2:59.64,France,,FRA,3,"Olympiastadion, München (GER)",20 AUG 2022
2:59.70,Australia,,AUS,4,"Memorial Coliseum, Los Angeles, CA (USA)",11 AUG 1984
2:59.71,Cuba,,CUB,1,Ciudad de México (MEX),24 JUL 1988
2:59.71,Great Britain & NI,,GBR,1,"SGJ, Johannesburg (RSA)",13 SEP 1998
2:59.71,Poland,,POL,3,"Commonwealth Stadium, Edmonton (CAN)",12 AUG 2001
2:59.71,United States Blue,,USA,1,"Philadelphia, PA (USA)",26 APR 2008
2:59.72,Cuba,,CUB,2,"Indianapolis, IN (USA)",16 AUG 1987
2:59.73,Great Britain & NI,,GBR,3,"Estadio Olímpico, Barcelona (ESP)",08 AUG 1992
2:59.73,Bahamas,,BAH,1h1,"Olympiastadion, Helsinki (FIN)",13 AUG 2005
2:59.73,Florida,,USA,1f1,"Gainesville, FL (USA)",05 APR 2014
2:59.73,Tiger Olympians,,USA,1,"Mike A. Myers Stadium, Austin, TX (USA)",26 MAR 2022
2:59.75,Jamaica,,JAM,2h1,"Olympiastadion, Helsinki (FIN)",13 AUG 2005
2:59.76,Gainesville Elite,,USA,2f1,"Gainesville, FL (USA)",05 APR 2014
2:59.77,Americas,,INT,2,"SGJ, Johannesburg (RSA)",13 SEP 1998
2:59.78,Jamaica,,JAM,2,"Philadelphia, PA (USA)",28 APR 2001
2:59.78,United States Red,,USA,1,"Philadelphia, PA (USA)",25 APR 2009
2:59.78,United States,,USA,1,London (GBR),15 JUL 2018
2:59.78,Clemson,,INT,2sf1,"Mike A. Myers Stadium, Austin, TX (USA)",07 JUN 2023
2:59.80,Cuba,,CUB,4h2,"National Stadium, Beijing (CHN)",29 AUG 2015
2:59.82,Kenya,,KEN,2,"Gottlieb-Daimler Stadion, Stuttgart (GER)",22 AUG 1993
2:59.82,UCLA,,INT,3,"Mike A. Myers Stadium, Austin, TX (USA)",09 JUN 2023
2:59.83,Kenya,,KEN,1,"Olympiastadion, München (GER)",10 SEP 1972
2:59.84,Great Britain & NI,,GBR,1,"Neckarstadion, Stuttgart (GER)",31 AUG 1986
2:59.84,USOC SOUTH,,USA,1,"Durham, NC (USA)",26 JUL 1987
2:59.84,Europe,,INT,2,"Poljud Stadion, Split (CRO)",05 SEP 2010
2:59.84,Cuba,,CUB,2,"CIBC, Toronto (CAN)",25 JUL 2015
2:59.85,Great Britain & NI,,GBR,1,Gateshead (GBR),19 AUG 1996
2:59.85,United States,,USA,1h2,"Luzhniki Stadion, Moskva (RUS)",15 AUG 2013
2:59.85,Poland,,POL,2,"Letzigrund, Zürich (SUI)",17 AUG 2014
2:59.86,German Democratic Republic,,GDR,1,Erfurt (GER),23 JUN 1985
2:59.86,USOC NORTH,,USA,2,"Durham, NC (USA)",26 JUL 1987
2:59.86,USA White,,USA,1,"Austin, TX (USA)",08 APR 2006
2:59.87,South Africa,,RSA,2,"DS, Daegu (KOR)",02 SEP 2011
2:59.88,Jamaica,,JAM,2,"Ullevi Stadium, Göteborg (SWE)",13 AUG 1995
2:59.88,Bahamas,,BAH,2h2,"National Stadium, Beijing (CHN)",22 AUG 2008
2:59.88,Jamaica,,JAM,2,"Luzhniki Stadion, Moskva (RUS)",16 AUG 2013
2:59.89,France,,FRA,3,"Letzigrund, Zürich (SUI)",17 AUG 2014
2:59.89,United States,,USA,1h1,"Khalifa International Stadium, Doha (QAT)",05 OCT 2019
2:59.91,USOC SOUTH,,USA,1,"Colorado Springs, CO (USA)",03 JUL 1983
2:59.91,UCLA,,USA,1,"Eugene, OR (USA)",04 JUN 1988
2:59.91,Poland,,POL,1sf2,"Olympic Stadium, Athina (GRE)",09 AUG 1997
2:59.91,Texas A&M,,USA,2,"Eugene, OR (USA)",08 JUN 2018
2:59.93,Kentucky,,INT,2f2,"Ole Miss T&F Complex, Oxford, MS (USA)",14 MAY 2022
2:59.95,Yugoslavia,,YUG,2h3,"National Stadium, Tokyo (JPN)",31 AUG 1991
2:59.95,Georgia Tech,,USA,1,"Austin, TX (USA)",06 JUN 1992
2:59.95,Botswana,,BOT,5h2,"National Stadium, Beijing (CHN)",29 AUG 2015
2:59.95,Texas A&M,,USA,1sf1,"Eugene, OR (USA)",07 JUN 2017
2:59.95,Texas A&M,,USA,1sf1,"Eugene, OR (USA)",07 JUN 2017
2:59.96,Federal Republic of Germany,,FRG,4,"Stadio Olimpico, Roma (ITA)",06 SEP 1987
2:59.98,Jamaica,,JAM,2h2,"Olympic Stadium, Athina (GRE)",09 AUG 1997
2:59.98,United States,,USA,1h1,"National Stadium, Beijing (CHN)",22 AUG 2008
2:59.98,Texas A&M,,USA,1,"Eugene, OR (USA)",09 JUN 2017
2:59.98,Texas A&M,,USA,1,"Eugene, OR (USA)",09 JUN 2017
2:59.98,USC,,USA,2,"Hayward Field, Eugene, OR (USA)",10 JUN 2022
2:59.99,Germany,,GER,3,"Gottlieb-Daimler Stadion, Stuttgart (GER)",22 AUG 1993
2:59.99,Florida State,,INT,1,"Fayetteville, AR (USA)",13 JUN 2009
3:00.01,Jamaica,,JAM,2h1,"National Stadium, Tokyo (JPN)",31 AUG 1991
3:00.02,Australia,,AUS,5,"National Stadium, Beijing (CHN)",23 AUG 2008
3:00.02,Florida,,USA,1,"Des Moines, IA (USA)",09 JUN 2012
3:00.02,Africa,,INT,1,"Le Grande Stade, Marrakesh (MAR)",14 SEP 2014
3:00.03,Trinidad and Tobago,,TTO,5,"Hayward Field, Eugene, OR (USA)",24 JUL 2022
3:00.04,Waco All-Stars,,INT,2,"Austin, TX (USA)",08 APR 2006
3:00.04,United States Blue,,USA,2,"Philadelphia, PA (USA)",28 APR 2007
3:00.04,Baylor,,USA,1,"Sacramento, CA (USA)",09 JUN 2007
3:00.04,Belgium,,BEL,4,"Olympic Stadium, London (GBR)",13 AUG 2017
3:00.05,Jamaica,,JAM,1h2,Winnipeg (CAN),28 JUL 1999
3:00.05,Poland,,POL,3,"Yanmar Stadium Nagai, Osaka (JPN)",02 SEP 2007
3:00.07,German Democratic Republic,,GDR,1,Erfurt (GER),01 JUN 1984
3:00.07,United States,,USA,1,San José (CRC),09 AUG 2015
3:00.07,Houston,,USA,3,"Austin, TX (USA)",07 JUN 2019
3:00.07,Hurdle Mechanic,,USA,2,"Mike A. Myers Stadium, Austin, TX (USA)",26 MAR 2022
3:00.09,France,,FRA,4,"Gottlieb-Daimler Stadion, Stuttgart (GER)",22 AUG 1993
3:00.09,United States Red,,USA,1,"Philadelphia, PA (USA)",29 APR 2006
3:00.09,Jamaica,,JAM,3h2,"National Stadium, Beijing (CHN)",22 AUG 2008
3:00.10,Jamaica,,JAM,3,"National Stadium, Tokyo (JPN)",01 SEP 1991
3:00.10,Jamaica,,JAM,3,"DS, Daegu (KOR)",02 SEP 2011
3:00.10,Europe,,INT,2,"Le Grande Stade, Marrakesh (MAR)",14 SEP 2014
3:00.10,Great Britain & NI,,GBR,4h2,"Olympic Stadium, London (GBR)",12 AUG 2017
3:00.11,United States,,USA,1,"Olympic Stadium, Athina (GRE)",17 SEP 2006
3:00.13,United States Blue,,USA,2,"Philadelphia, PA (USA)",29 APR 2006
3:00.14,Americas,,INT,2,"Olympic Stadium, Athina (GRE)",17 SEP 2006
3:00.14,Iowa,,INT,4,"Austin, TX (USA)",07 JUN 2019
3:00.14,Botswana,,BOT,6,"Hayward Field, Eugene, OR (USA)",24 JUL 2022
3:00.15,United States Red,,USA,1f2,"Philadelphia, PA (USA)",28 APR 2012
3:00.15,Dominican Republic,,DOM,6h2,"National Stadium, Beijing (CHN)",29 AUG 2015
3:00.16,Soviet Union,,URS,1,Moskva (URS),18 AUG 1984
3:00.16,Cuba,,CUB,3h2,"Estádio Olímpico, Rio de Janeiro (BRA)",19 AUG 2016
3:00.17,Federal Republic of Germany,,FRG,2,"Neckarstadion, Stuttgart (GER)",31 AUG 1986
3:00.17,Germany,,GER,3h1,"National Stadium, Tokyo (JPN)",31 AUG 1991
3:00.17,Alabama,,USA,3,"Hayward Field, Eugene, OR (USA)",10 JUN 2022
3:00.19,United States,,USA,1sf1,"Memorial Coliseum, Los Angeles, CA (USA)",11 AUG 1984
3:00.19,Butch Reynolds All-Stars,,USA,1,"New York, NY (USA)",22 JUL 1989
3:00.19,Great Britain & NI,,GBR,1sf1,"Olympic Stadium, Athina (GRE)",09 AUG 1997
3:00.20,South Africa,,RSA,3,"La Cartuja, Sevilla (ESP)",29 AUG 1999
3:00.21,Kenya,,KEN,3h3,"National Stadium, Tokyo (JPN)",31 AUG 1991
3:00.21,United States,,USA,3,"CIBC, Toronto (CAN)",25 JUL 2015
3:00.22,Africa,,INT,3,"Olympic Stadium, Montréal (CAN)",26 AUG 1979
3:00.22,Baylor,,USA,1,"Des Moines, IA (USA)",14 JUN 2008
3:00.23,Jamaica,,JAM,4f1,"T. Robinson Stadium, Nassau (BAH)",03 MAY 2015
3:00.23,North Carolina A&T,,USA,1,"Mike A. Myers Stadium, Austin, TX (USA)",27 MAR 2021
3:00.24,Belgium,,BEL,5,"National Stadium, Beijing (CHN)",30 AUG 2015
3:00.25,Germany,,GER,3sf1,"Ullevi Stadium, Göteborg (SWE)",12 AUG 1995
3:00.25,India,,IND,4h2,"National Stadium, Tokyo (JPN)",06 AUG 2021
3:00.26,Poland,,POL,3,"Olympic Stadium, Athina (GRE)",10 AUG 1997
3:00.26,South Africa,,RSA,4,"Olympic Stadium, Athina (GRE)",10 AUG 1997
3:00.29,Bahamas,,BAH,2,"Philadelphia, PA (USA)",25 APR 2009
3:00.30,Jamaica,,JAM,2,"Olympic Stadium, Jamsil, Seoul (KOR)",01 OCT 1988
3:00.30,Bahamas,,BAH,1h3,"T. Robinson Stadium, Nassau (BAH)",24 MAY 2014
3:00.31,Florida,,USA,1f1,"Gainesville, FL (USA)",03 APR 2010
3:00.31,Texas,,INT,1sf1,"Hayward Field, Eugene, OR (USA)",08 JUN 2022
3:00.32,Yugoslavia,,YUG,4,"National Stadium, Tokyo (JPN)",01 SEP 1991
3:00.32,Poland,,POL,6,"National Stadium, Beijing (CHN)",23 AUG 2008
3:00.32,Great Britain & NI,,GBR,4f1,"T. Robinson Stadium, Nassau (BAH)",25 MAY 2014
3:00.33,United States U20,,USA,1,Trujillo (PER),23 JUL 2017
3:00.34,Kenya,,KEN,5,"National Stadium, Tokyo (JPN)",01 SEP 1991
3:00.34,Bahamas,,BAH,4,"CIBC, Toronto (CAN)",25 JUL 2015
3:00.34,Kenya,,KEN,1,Brazzaville (CGO),17 SEP 2015
3:00.36,Great Britain & NI,,GBR,2,"Olympiastadion, Berlin (GER)",11 AUG 2018
3:00.37,Bahamas,,BAH,1h1,"Yanmar Stadium Nagai, Osaka (JPN)",01 SEP 2007
3:00.38,Poland,,POL,3h1,"Olympiastadion, Helsinki (FIN)",13 AUG 2005
3:00.38,Great Britain & NI,,GBR,4h1,"DS, Daegu (KOR)",01 SEP 2011
3:00.38,Trinidad and Tobago,,TTO,1h1,"Olympic Stadium, London (GBR)",09 AUG 2012
3:00.38,Great Britain & NI,,GBR,2h1,"Olympic Stadium, London (GBR)",09 AUG 2012
3:00.38,Louisiana State,,INT,1f2,"Baton Rouge, LA (USA)",23 APR 2016
3:00.39,Nigeria,,NGR,4h2,"Estadio Olímpico, Barcelona (ESP)",07 AUG 1992
3:00.40,United States,,USA,1,Fukuoka (JPN),03 SEP 1995
3:00.40,England,,GBR,1,Manchester (GBR),31 JUL 2002
3:00.41,Wales,,GBR,2,Manchester (GBR),31 JUL 2002
3:00.41,Belgium,,BEL,4,"DS, Daegu (KOR)",02 SEP 2011
3:00.41,Jamaica,,JAM,1h1,"Luzhniki Stadion, Moskva (RUS)",15 AUG 2013
3:00.42,Florida,,USA,2,"Eugene, OR (USA)",14 JUN 2014
3:00.42,Alabama,,USA,2sf1,"Hayward Field, Eugene, OR (USA)",08 JUN 2022
3:00.43,Cuba,,CUB,1,Barquisimeto (VEN),10 JUN 2012
3:00.43,Brazil,,BRA,4h2,"Estádio Olímpico, Rio de Janeiro (BRA)",19 AUG 2016
3:00.44,Russia,,RUS,5,"Gottlieb-Daimler Stadion, Stuttgart (GER)",22 AUG 1993
3:00.44,Jamaica,,JAM,3,"Philadelphia, PA (USA)",28 APR 2007
3:00.44,Dominican Republic,,DOM,2,Guadalajara (MEX),28 OCT 2011
3:00.45,Texas A&M,,INT,1f2,"Austin, TX (USA)",09 APR 2011
3:00.45,Trinidad and Tobago,,TTO,1,Port-of-Spain (TTO),24 JUN 2012
3:00.46,Great Britain & NI,,GBR,2,"Olympiastadion, München (GER)",10 SEP 1972
3:00.46,Cuba,,CUB,6,"Gottlieb-Daimler Stadion, Stuttgart (GER)",22 AUG 1993
3:00.46,England,,GBR,1,"Hampden Park, Glasgow (GBR)",02 AUG 2014
3:00.47,Soviet Union,,URS,3,"Neckarstadion, Stuttgart (GER)",31 AUG 1986
3:00.47,Bahamas,,BAH,2,Nassau (BAH),09 JUN 2001
3:00.47,France,,FRA,1f1,"Olympic Stadium, Cheboksary (RUS)",21 JUN 2015
3:00.48,Nike - Mazda,,USA,1,"Walnut, CA (USA)",18 APR 1992
3:00.48,United States,,USA,1h2,"Olympiastadion, Helsinki (FIN)",13 AUG 2005
3:00.48,Trinidad and Tobago,,TTO,2h2,"Luzhniki Stadion, Moskva (RUS)",15 AUG 2013
3:00.48,Louisiana State,,INT,1,"Tuscaloosa, AL (USA)",14 MAY 2016
3:00.50,Great Britain & NI,,GBR,2h1,"Luzhniki Stadion, Moskva (RUS)",15 AUG 2013
3:00.50,Poland,,POL,7,"Estádio Olímpico, Rio de Janeiro (BRA)",20 AUG 2016
3:00.51,Federal Republic of Germany,,FRG,1,"Olympic Stadium, Athina (GRE)",11 SEP 1982
3:00.51,Great Britain & NI,,GBR,1,"Stadio Luigi Ridolfi, Firenze (ITA)",19 JUN 2005
3:00.51,Bahamas,,BAH,2,"Hampden Park, Glasgow (GBR)",02 AUG 2014
3:00.53,Bahamas,,BAH,3,"Stade de France, Paris-St-Denis (FRA)",31 AUG 2003
3:00.53,Great Britain & NI,,GBR,2,"Olympiastadion, Berlin (GER)",23 AUG 2009
3:00.53,Bahamas,,BAH,2,San José (CRC),09 AUG 2015
3:00.54,Great Britain & NI,,GBR,2f1,"Olympic Stadium, Cheboksary (RUS)",21 JUN 2015
3:00.54,Spain,,ESP,4,"Olympiastadion, München (GER)",20 AUG 2022
3:00.55,Cuba,,CUB,3h1,"Olympic Stadium, London (GBR)",09 AUG 2012
3:00.56,Federal Republic of Germany,,FRG,3,"Olympic Stadium, Jamsil, Seoul (KOR)",01 OCT 1988
3:00.56,United States,,USA,1h2,"Olympic Stadium, Atlanta, GA (USA)",02 AUG 1996
3:00.56,World All-Stars,,INT,3,"Philadelphia, PA (USA)",29 APR 2006
3:00.56,Bahamas,,BAH,2f2,"Philadelphia, PA (USA)",28 APR 2012
3:00.56,Louisiana State,,INT,3,"Eugene, OR (USA)",08 JUN 2018
3:00.56,Qatar,,QAT,1,Jakarta (INA),30 AUG 2018
3:00.57,Federal Republic of Germany,,FRG,3,"Estadio Olímpico, Ciudad de México (MEX)",20 OCT 1968
3:00.57,Great Britain & NI,,GBR,1,"Parc des Sports, Annecy (FRA)",23 JUN 2002
3:00.57,Arizona State,,INT,2,"Sacramento, CA (USA)",11 JUN 2005
3:00.58,Poland,,POL,4,"Estadio Olímpico, Ciudad de México (MEX)",20 OCT 1968
3:00.58,South Africa,,RSA,3sf2,"Olympic Stadium, Athina (GRE)",09 AUG 1997
3:00.58,United States,,USA,1,München (GER),08 AUG 2004
3:00.58,Poland,,POL,5,"Olympiastadion, Helsinki (FIN)",14 AUG 2005
3:00.58,United States Blue,,USA,3,"Philadelphia, PA (USA)",25 APR 2009
3:00.58,Baylor,,INT,3sf1,"Mike A. Myers Stadium, Austin, TX (USA)",07 JUN 2023
3:00.59,France,,FRA,4,"La Cartuja, Sevilla (ESP)",29 AUG 1999
3:00.59,United States,,USA,1,Brisbane (AUS),10 SEP 2000
3:00.60,German Democratic Republic,,GDR,1sf2,"Olympic Stadium, Jamsil, Seoul (KOR)",30 SEP 1988
3:00.60,Australia,,AUS,2,"Olympic Stadium, Athina (GRE)",28 AUG 2004
3:00.60,United States Blue,,USA,1,"Philadelphia, PA (USA)",24 APR 2010
3:00.60,United States,,USA,1,Toronto (CAN),12 AUG 2018
3:00.61,Great Britain & NI,,GBR,1,"Stade Charléty, Paris (FRA)",20 JUN 1999
3:00.61,Cuba,,CUB,5f1,"T. Robinson Stadium, Nassau (BAH)",25 MAY 2014
3:00.61,Baylor,,INT,4,"Mike A. Myers Stadium, Austin, TX (USA)",01 APR 2023
3:00.62,Texas A&M,,INT,1,"Des Moines, IA (USA)",11 JUN 2011
3:00.63,United States,,USA,1,Cali (COL),05 AUG 1971
3:00.64,Federal Republic of Germany,,FRG,2,"Poljud Stadion, Split (CRO)",01 SEP 1990
3:00.64,Senegal,,SEN,4,"Olympic Stadium, Atlanta, GA (USA)",03 AUG 1996
3:00.64,France,,FRA,3sf1,"Olympic Stadium, Sydney (AUS)",29 SEP 2000
3:00.64,Bahamas,,BAH,4,"Philadelphia, PA (USA)",28 APR 2007
3:00.64,USC,,USA,2,"Des Moines, IA (USA)",09 JUN 2012
3:00.65,France,,FRA,3,"Olympiastadion, München (GER)",10 SEP 1972
3:00.65,Americas,,INT,1,"Estadio Olímpico, Barcelona (ESP)",10 SEP 1989
3:00.65,Sprint Capital,,INT,1,"Atlanta, GA (USA)",20 MAY 2000
3:00.65,Waco All-Stars,,INT,1,"Austin, TX (USA)",05 APR 2008
3:00.65,Great Britain & NI,,GBR,1h1,"Letzigrund, Zürich (SUI)",16 AUG 2014
3:00.65,France,,FRA,6,"National Stadium, Beijing (CHN)",30 AUG 2015
3:00.65,Spain,,ESP,5,"Olympic Stadium, London (GBR)",13 AUG 2017
3:00.66,Federal Republic of Germany,,FRG,2sf2,"Olympic Stadium, Jamsil, Seoul (KOR)",30 SEP 1988
3:00.66,Poland,,POL,4sf1,"Olympic Stadium, Sydney (AUS)",29 SEP 2000
3:00.67,Belgium,,BEL,2h1,"National Stadium, Beijing (CHN)",22 AUG 2008
3:00.68,Great Britain & NI,,GBR,2,"Olympic Stadium, Athina (GRE)",11 SEP 1982
3:00.68,Australia,,AUS,3h1,"National Stadium, Beijing (CHN)",22 AUG 2008
3:00.68,Germany,,GER,5h1,"DS, Daegu (KOR)",01 SEP 2011
3:00.69,Louisiana State,,USA,1,"Eugene, OR (USA)",10 JUN 2016
3:00.69,Texas A&M,,USA,1h1,"Austin, TX (USA)",27 MAY 2017
3:00.70,United States,,USA,1,"Olympic Stadium, Montréal (CAN)",26 AUG 1979
3:00.70,Cuba,,CUB,1,Veracruz (MEX),28 NOV 2014
3:00.70,Texas,,INT,1h2,"John McDonnell Field, Fayetteville, AR (USA)",27 MAY 2022
3:00.71,United States,,USA,1h1,"Estadio Olímpico, Ciudad de México (MEX)",19 OCT 1968
3:00.71,United States,,USA,1,"Bruce Stadium, Canberra (AUS)",06 OCT 1985
3:00.71,Belgium,,BEL,1h2,"DS, Daegu (KOR)",01 SEP 2011
3:00.72,High Performance,,USA,1,"Philadelphia, PA (USA)",26 APR 2003
3:00.72,Poland,,POL,5h1,"National Stadium, Beijing (CHN)",29 AUG 2015
3:00.72,Texas A&M,,USA,1f2,"Columbia, SC (USA)",13 MAY 2017
3:00.73,Kenya,,KEN,2sf2,"Stadio Olimpico, Roma (ITA)",05 SEP 1987
3:00.73,Bahamas,,BAH,1h1,Winnipeg (CAN),28 JUL 1999
3:00.73,Baylor,,INT,1,"John Jacobs Track Complex, Norman, OK (USA)",14 MAY 2023
3:00.74,Poland,,POL,4h1,"National Stadium, Beijing (CHN)",22 AUG 2008
3:00.74,Great Britain & NI,,GBR,1h1,"T. Robinson Stadium, Nassau (BAH)",24 MAY 2014
3:00.74,Texas A&M,,USA,1,"Baton Rouge, LA (USA)",29 APR 2017
3:00.74,Trinidad and Tobago,,TTO,5,"Khalifa International Stadium, Doha (QAT)",06 OCT 2019
3:00.75,Germany,,GER,6,"National Stadium, Tokyo (JPN)",01 SEP 1991
3:00.75,Brazil,,BRA,1h2,"Commonwealth Stadium, Edmonton (CAN)",11 AUG 2001
3:00.75,Adidas,,USA,1,"Percy Beard Track, Gainesville, FL (USA)",17 APR 2021
3:00.76,Japan,,JPN,5,"Olympic Stadium, Atlanta, GA (USA)",03 AUG 1996
3:00.76,World All-Stars,,INT,1,"Philadelphia, PA (USA)",24 APR 2004
3:00.76,Jamaica,,JAM,4,"Yanmar Stadium Nagai, Osaka (JPN)",02 SEP 2007
3:00.76,Texas A&M,,INT,1h1,"Eugene, OR (USA)",12 JUN 2014
3:00.76,Jamaica,,JAM,1h2,"Khalifa International Stadium, Doha (QAT)",05 OCT 2019
3:00.76,Japan,,JPN,5h2,"National Stadium, Tokyo (JPN)",06 AUG 2021
3:00.77,South Africa,,RSA,1h3,"La Cartuja, Sevilla (ESP)",28 AUG 1999
3:00.78,Bahamas,,BAH,1,"Philadelphia, PA (USA)",26 APR 2014
3:00.78,Spain,,ESP,3,"Olympiastadion, Berlin (GER)",11 AUG 2018
3:00.79,Soviet Union,,URS,1,"Olympiastadion, Helsinki (FIN)",14 AUG 1983
3:00.79,Zimbabwe,,ZIM,1sf3,"Olympic Stadium, Athina (GRE)",09 AUG 1997
3:00.79,United States,,USA,1h2,"La Cartuja, Sevilla (ESP)",28 AUG 1999
3:00.80,Europa,,INT,2,"Olympic Stadium, Montréal (CAN)",26 AUG 1979
3:00.80,Soviet Union,,URS,3,"Olympic Stadium, Athina (GRE)",11 SEP 1982
3:00.80,German Democratic Republic,,GDR,1,Praha (TCH),28 JUN 1987
3:00.80,Germany,,GER,2,"Parc des Sports, Annecy (FRA)",23 JUN 2002
3:00.80,GW Exp,,USA,1f1,"Gainesville, FL (USA)",02 APR 2011
3:00.80,France,,FRA,2h1,"Letzigrund, Zürich (SUI)",16 AUG 2014
3:00.81,Kenya,,KEN,1sf2,"Ullevi Stadium, Göteborg (SWE)",12 AUG 1995
3:00.81,Oregon,,INT,3,"Sacramento, CA (USA)",11 JUN 2005
3:00.81,Belgium,,BEL,3h2,"Luzhniki Stadion, Moskva (RUS)",15 AUG 2013
3:00.81,Trinidad and Tobago,,TTO,1f1,"International Stadium, Yokohama (JPN)",12 MAY 2019
3:00.81,France,,FRA,6h2,"National Stadium, Tokyo (JPN)",06 AUG 2021
3:00.81,Alabama,,INT,4,"Mike A. Myers Stadium, Austin, TX (USA)",09 JUN 2023
3:00.82,German Democratic Republic,,GDR,2,"Bruce Stadium, Canberra (AUS)",06 OCT 1985
3:00.82,Kenya,,KEN,1h3,"Gottlieb-Daimler Stadion, Stuttgart (GER)",21 AUG 1993
3:00.82,England,,GBR,2,Kuala Lumpur (MAS),21 SEP 1998
3:00.82,Great Britain & NI,,GBR,1f2,"Estádio Dr. Magalhães Pessoa, Leiria (POR)",21 JUN 2009
3:00.82,Venezuela,,VEN,3,Guadalajara (MEX),28 OCT 2011
3:00.82,France,,FRA,5h1,"Estádio Olímpico, Rio de Janeiro (BRA)",19 AUG 2016
3:00.83,United States,,USA,2h1,Winnipeg (CAN),28 JUL 1999
3:00.83,Jamaica,,JAM,1,Ciudad de Guatemala (GUA),22 JUL 2001
3:00.83,Jamaica,,JAM,4,"Philadelphia, PA (USA)",29 APR 2006
3:00.84,Kenya,,KEN,2h1,"Estadio Olímpico, Ciudad de México (MEX)",19 OCT 1968
3:00.85,Trinidad and Tobago,,TTO,8,"National Stadium, Tokyo (JPN)",07 AUG 2021
3:00.86,Poland,,POL,2h3,"La Cartuja, Sevilla (ESP)",28 AUG 1999
3:00.86,United States,,USA,1,"Philadelphia, PA (USA)",25 APR 2015
3:00.87,Belgium,,BEL,2h2,"Khalifa International Stadium, Doha (QAT)",05 OCT 2019
3:00.88,Federal Republic of Germany,,FRG,4,"Olympiastadion, München (GER)",10 SEP 1972
3:00.88,United States,,USA,1,Palma de Mallorca (ESP),13 JUL 1999
3:00.88,Bahamas,,BAH,1h3,"Commonwealth Stadium, Edmonton (CAN)",11 AUG 2001
3:00.88,Africa,,INT,3,"Olympic Stadium, Athina (GRE)",17 SEP 2006
3:00.88,Great Britain & NI,,GBR,3,"Luzhniki Stadion, Moskva (RUS)",16 AUG 2013
3:00.88,Texas A&M,,USA,4sf1,"Mike A. Myers Stadium, Austin, TX (USA)",07 JUN 2023
3:00.89,Texas A&M,,INT,1,"Eugene, OR (USA)",12 JUN 2010
3:00.89,United States U23,,USA,1,San Salvador (ESA),17 JUL 2016
3:00.90,Nigeria,,NGR,3,"Olympic Stadium, Athina (GRE)",28 AUG 2004
3:00.90,Australia,,AUS,3,"Olympiastadion, Berlin (GER)",23 AUG 2009
3:00.90,Texas A&M,,USA,5,"Mike A. Myers Stadium, Austin, TX (USA)",09 JUN 2023
3:00.91,Texas A&M,,USA,2,"Fayetteville, AR (USA)",13 JUN 2009
3:00.91,United States Red,,USA,1,"Philadelphia, PA (USA)",27 APR 2013
3:00.91,India,,IND,1,Bengaluru (IND),10 JUL 2016
3:00.92,France,,FRA,3,"Parc des Sports, Annecy (FRA)",23 JUN 2002
3:00.92,Empire Athletics,,USA,1,"Gainesville, FL (USA)",01 APR 2017
3:00.92,North Carolina A&T,,INT,1,"Hayward Field, Eugene, OR (USA)",11 JUN 2021
3:00.93,Russia,,RUS,4,"Parc des Sports, Annecy (FRA)",23 JUN 2002
3:00.93,Australia,,AUS,1,Melbourne (AUS),25 MAR 2006
3:00.94,Jamaica,,JAM,3sf2,"Olympic Stadium, Jamsil, Seoul (KOR)",30 SEP 1988
3:00.94,United States,,USA,3,Winnipeg (CAN),30 JUL 1999
3:00.94,Jamaica,,JAM,1,"Philadelphia, PA (USA)",27 APR 2002
3:00.95,Great Britain & NI,,GBR,1,"Petrovskiy Stadium, St. Petersburg (RUS)",28 JUN 1998
3:00.95,NIKE,,INT,1,"Philadelphia, PA (USA)",24 APR 1999
3:00.95,Botswana,,BOT,2,Brazzaville (CGO),17 SEP 2015
3:00.96,Poland,,POL,6,"Olympic Stadium, Atlanta, GA (USA)",03 AUG 1996
3:00.96,Great Britain & NI,,GBR,1h1,"Commonwealth Stadium, Edmonton (CAN)",11 AUG 2001
3:00.96,Brazil,,BRA,5f1,"T. Robinson Stadium, Nassau (BAH)",03 MAY 2015
3:00.96,Gainesville Elite,,USA,1,"Gainesville, FL (USA)",01 APR 2016
3:00.97,Jamaica,,JAM,2h2,"Commonwealth Stadium, Edmonton (CAN)",11 AUG 2001
3:00.97,Kenya,,KEN,2h2,"DS, Daegu (KOR)",01 SEP 2011
3:00.97,Arkansas,,USA,1sf2,"Mike A. Myers Stadium, Austin, TX (USA)",07 JUN 2023
3:00.98,Russia,,RUS,5,"La Cartuja, Sevilla (ESP)",29 AUG 1999
3:00.98,Dominican Republic,,DOM,1,La Nucia (ESP),22 MAY 2022
3:00.99,Cuba,,CUB,1sf1,"Stadio Olimpico, Roma (ITA)",05 SEP 1987
3:00.99,United States,,USA,2,"Estadio Olímpico, Barcelona (ESP)",10 SEP 1989
3:00.99,Japan,,JPN,4,"Olympic Stadium, Athina (GRE)",28 AUG 2004
3:00.99,Jamaica,,JAM,2h1,"Yanmar Stadium Nagai, Osaka (JPN)",01 SEP 2007
3:00.99,Jamaica U20,,JAM,2,San José (CRC),21 JUL 2019
3:01.00,Great Britain & NI,,GBR,4,"Stade de France, Paris-St-Denis (FRA)",31 AUG 2003
3:01.00,Bahamas,,BAH,1h2,"CIBC, Toronto (CAN)",24 JUL 2015
3:01.00,Florida,,INT,1,"Gainesville, FL (USA)",31 MAR 2018
3:01.00,LSU,,USA,2,"Mike A. Myers Stadium, Austin, TX (USA)",27 MAR 2021
3:01.02,France,,FRA,4,"Olympic Stadium, Sydney (AUS)",30 SEP 2000
3:01.02,Belgium,,BEL,4,"Luzhniki Stadion, Moskva (RUS)",16 AUG 2013
3:01.02,Altis,,USA,1f1,"Tempe, AZ (USA)",18 MAR 2017
3:01.03,Great Britain & NI U23,,GBR,1,Gateshead (GBR),19 JUL 1992
3:01.03,Baylor,,USA,1,"Austin, TX (USA)",12 JUN 2004
3:01.04,Brazil,,BRA,2h2,Winnipeg (CAN),28 JUL 1999
3:01.04,Japan,,JPN,1,Daegu (KOR),16 MAY 2012
3:01.05,Poland,,POL,5,"Olympiastadion, München (GER)",10 SEP 1972
3:01.05,Trinidad and Tobago,,TTO,1h1,"Estadio Olímpico, Barcelona (ESP)",07 AUG 1992
3:01.05,Brazil,,BRA,7h2,"National Stadium, Beijing (CHN)",29 AUG 2015
3:01.06,France,,FRA,5,"Olympic Stadium, Athina (GRE)",10 AUG 1997
3:01.06,Poland,,POL,2,"Stade Charléty, Paris (FRA)",20 JUN 1999
3:01.06,Nigeria,,NGR,1sf2,"Olympic Stadium, Sydney (AUS)",29 SEP 2000
3:01.06,Trinidad and Tobago,,TTO,2h3,"T. Robinson Stadium, Nassau (BAH)",24 MAY 2014
3:01.06,Colombia,,COL,2h1,"Khalifa International Stadium, Doha (QAT)",05 OCT 2019
3:01.07,Great Britain & NI,,GBR,5,"Olympic Stadium, Athina (GRE)",28 AUG 2004
3:01.07,Russia,,RUS,3h1,"Yanmar Stadium Nagai, Osaka (JPN)",01 SEP 2007
3:01.07,Louisiana State,,INT,2,"Des Moines, IA (USA)",11 JUN 2011
3:01.08,Jamaica,,JAM,3sf2,"Stadio Olimpico, Roma (ITA)",05 SEP 1987
3:01.08,Africa,,INT,3,"SGJ, Johannesburg (RSA)",13 SEP 1998
3:01.08,Bahamas,,BAH,1,Nassau (BAH),11 JUL 2005
3:01.09,Nigeria,,NGR,1sf3,"Ullevi Stadium, Göteborg (SWE)",12 AUG 1995
3:01.09,Brazil,,BRA,4,"Commonwealth Stadium, Edmonton (CAN)",12 AUG 2001
3:01.09,Caribbean All-Stars,,INT,3f1,"Philadelphia, PA (USA)",26 APR 2003
3:01.09,United States U20,,USA,1,"Stadio Zecchini, Grosseto (ITA)",18 JUL 2004
3:01.09,Belgium,,BEL,1,"Olympiastadion, Helsinki (FIN)",01 JUL 2012
3:01.09,Brazil,,BRA,4h2,"Luzhniki Stadion, Moskva (RUS)",15 AUG 2013
3:01.09,United States,,USA,1h2,"T. Robinson Stadium, Nassau (BAH)",24 MAY 2014
3:01.10,Florida,,INT,1f2,"Philadelphia, PA (USA)",24 APR 2004
3:01.10,Jamaica,,JAM,2,"Philadelphia, PA (USA)",24 APR 2004
3:01.10,France,,FRA,1,"Ullevi Stadium, Göteborg (SWE)",13 AUG 2006
3:01.10,Waco All-Stars,,INT,1,"Houston, TX (USA)",22 MAR 2008
3:01.10,Belgium,,BEL,1,"Olympisch Stadion, Amsterdam (NED)",10 JUL 2016
3:01.10,Cuba,,CUB,6,"Olympic Stadium, London (GBR)",13 AUG 2017
3:01.11,France,,FRA,2,"Olympiastadion, Helsinki (FIN)",14 AUG 1994
3:01.11,USC,,INT,1h2,"Sacramento, CA (USA)",26 MAY 2018
3:01.12,Finland,,FIN,6,"Olympiastadion, München (GER)",10 SEP 1972
3:01.12,Great Britain & NI B,,GBR,2,Praha (TCH),28 JUN 1987
3:01.12,United States Red,,USA,2,"Philadelphia, PA (USA)",26 APR 2008
3:01.12,Baylor,,INT,3,"Fayetteville, AR (USA)",13 JUN 2009
3:01.12,Florida,,USA,2,"Eugene, OR (USA)",10 JUN 2016
3:01.13,Nigeria,,NGR,4sf2,"Olympic Stadium, Jamsil, Seoul (KOR)",30 SEP 1988
3:01.13,German Democratic Republic,,GDR,4,"Olympic Stadium, Jamsil, Seoul (KOR)",01 OCT 1988
3:01.13,Texas A&M,,USA,1h1,"Eugene, OR (USA)",06 JUN 2018
3:01.15,United States,,USA,1,"San Antonio, TX (USA)",11 AUG 2002
3:01.15,Kenya,,KEN,5,"DS, Daegu (KOR)",02 SEP 2011
3:01.15,Jamaica,,JAM,2,"Philadelphia, PA (USA)",27 APR 2013
3:01.16,Great Britain & NI,,GBR,6,"DS, Daegu (KOR)",02 SEP 2011
3:01.16,Colombia,,COL,1,Medellín (COL),10 JUL 2016
3:01.17,Bahamas,,BAH,1h1,"La Cartuja, Sevilla (ESP)",28 AUG 1999
3:01.17,Jamaica,,JAM,2h2,"T. Robinson Stadium, Nassau (BAH)",24 MAY 2014
3:01.17,Cuba,,CUB,2h2,"CIBC, Toronto (CAN)",24 JUL 2015
3:01.17,Texas A&M,,USA,1f2,"Knoxville, TN (USA)",13 MAY 2018
3:01.18,Federal Republic of Germany,,FRG,4sf2,"Stadio Olimpico, Roma (ITA)",05 SEP 1987
3:01.18,Brazil,,BRA,5,"CIBC, Toronto (CAN)",25 JUL 2015
3:01.18,Poland,,POL,2,"Olympisch Stadion, Amsterdam (NED)",10 JUL 2016
3:01.18,South Africa,,RSA,7h2,"National Stadium, Tokyo (JPN)",06 AUG 2021
3:01.19,Texas A&M,,INT,1,"Lexington, KY (USA)",18 MAY 2014
3:01.20,Great Britain & NI,,GBR,2h1,"Estadio Olímpico, Barcelona (ESP)",07 AUG 1992
3:01.20,Nigeria,,NGR,1,Johannesburg (RSA),18 SEP 1999
3:01.20,Nigeria,,NGR,1h5,"Olympic Stadium, Sydney (AUS)",29 SEP 2000
3:01.21,Great Britain & NI,,GBR,5,"Estadio Olímpico, Ciudad de México (MEX)",20 OCT 1968
3:01.21,Louisiana State,,INT,3,"Des Moines, IA (USA)",09 JUN 2012
3:01.22,Great Britain & NI,,GBR,2sf3,"Ullevi Stadium, Göteborg (SWE)",12 AUG 1995
3:01.22,Great Britain & NI,,GBR,5,"Olympic Stadium, Sydney (AUS)",30 SEP 2000
3:01.22,Great Britain & NI,,GBR,4h1,"Yanmar Stadium Nagai, Osaka (JPN)",01 SEP 2007
3:01.22,Cuba,,CUB,3,San José (CRC),09 AUG 2015
3:01.22,Florida,,USA,1h3,"Billy Hayes T& F Complex, Bloomington, IN (USA)",27 MAY 2022
3:01.23,Texas A&M,,USA,2h2,"Sacramento, CA (USA)",26 MAY 2018
3:01.24,Poland,,POL,3f1,"Olympic Stadium, Cheboksary (RUS)",21 JUN 2015
3:01.25,NIKE,,INT,1,"Philadelphia, PA (USA)",25 APR 1998
3:01.25,South Africa,,RSA,5sf1,"Olympic Stadium, Sydney (AUS)",29 SEP 2000
3:01.25,Great Britain & NI,,GBR,1,"Olympiastadion, München (GER)",11 AUG 2002
3:01.26,Japan,,JPN,4h1,"National Stadium, Tokyo (JPN)",31 AUG 1991
3:01.26,Germany,,GER,1h1,"Gottlieb-Daimler Stadion, Stuttgart (GER)",21 AUG 1993
3:01.26,Great Britain & NI,,GBR,5,"Commonwealth Stadium, Edmonton (CAN)",12 AUG 2001
3:01.26,Arizona State,,INT,1,"Tucson, AZ (USA)",15 MAY 2004
3:01.26,South Africa,,RSA,5h1,"National Stadium, Beijing (CHN)",22 AUG 2008
3:01.26,Florida,,USA,1f1,"Austin, TX (USA)",29 MAR 2014
3:01.26,Ireland,,IRL,8h2,"National Stadium, Beijing (CHN)",29 AUG 2015
3:01.26,Texas A&M,,USA,1sf1,"Austin, TX (USA)",05 JUN 2019
3:01.27,Spain,,ESP,1h1,"Olympiastadion, München (GER)",19 AUG 2022
3:01.28,Texas,,INT,3,"Mike A. Myers Stadium, Austin, TX (USA)",27 MAR 2021
3:01.29,Trinidad and Tobago,,TTO,1,"Alexander Stadium, Birmingham (GBR)",07 AUG 2022
3:01.30,Poland,,POL,2h5,"Olympic Stadium, Sydney (AUS)",29 SEP 2000
3:01.30,USC,,INT,2h1,"Eugene, OR (USA)",06 JUN 2018
3:01.30,Florida,,USA,1sf3,"Hayward Field, Eugene, OR (USA)",08 JUN 2022
3:01.31,France,,FRA,2h1,"La Cartuja, Sevilla (ESP)",28 AUG 1999
3:01.31,United States,,USA,1,"Philadelphia, PA (USA)",28 APR 2018
3:01.32,Federal Republic of Germany,,FRG,3,Praha (TCH),28 JUN 1987
3:01.32,Poland,,POL,2h3,"Commonwealth Stadium, Edmonton (CAN)",11 AUG 2001
3:01.32,South Plains,,USA,1,"Lubbock, TX (USA)",05 MAY 2012
3:01.33,Germany,,GER,2h1,"Commonwealth Stadium, Edmonton (CAN)",11 AUG 2001
3:01.33,Bahamas,,BAH,1h1,"Stade de France, Paris-St-Denis (FRA)",30 AUG 2003
3:01.33,Poland,,POL,2,"Stadio Luigi Ridolfi, Firenze (ITA)",19 JUN 2005
3:01.33,Bahamas,,BAH,1,Mayagüez (PUR),17 JUL 2011
3:01.34,Great Britain & NI,,GBR,1,"Crystal Palace, London (GBR)",11 SEP 1994
3:01.34,South Africa,,RSA,2,Johannesburg (RSA),18 SEP 1999
3:01.34,Russia,,RUS,2,"Olympiastadion, München (GER)",11 AUG 2002
3:01.34,Florida,,USA,1,"Eugene, OR (USA)",08 JUN 2013
3:01.34,Netherlands,,NED,5,"Olympiastadion, München (GER)",20 AUG 2022
3:01.35,Oceania,,AUS,3,"Bruce Stadium, Canberra (AUS)",06 OCT 1985
3:01.35,Japan,,JPN,3h1,"Estadio Olímpico, Barcelona (ESP)",07 AUG 1992
3:01.35,Great Britain & NI,,GBR,2sf2,"Olympic Stadium, Sydney (AUS)",29 SEP 2000
3:01.35,Bahamas,,BAH,3,Manchester (GBR),31 JUL 2002
3:01.35,Trinidad and Tobago,,TTO,3h2,"Khalifa International Stadium, Doha (QAT)",05 OCT 2019
3:01.35,France,,FRA,7,"Hayward Field, Eugene, OR (USA)",24 JUL 2022
3:01.36,Cuba,,CUB,2h3,"Gottlieb-Daimler Stadion, Stuttgart (GER)",21 AUG 1993
3:01.36,Great Britain & NI,,GBR,1sf1,"Olympic Stadium, Atlanta, GA (USA)",02 AUG 1996
3:01.36,Florida,,USA,4,"Sacramento, CA (USA)",11 JUN 2005
3:01.37,Italy,,ITA,4,"Neckarstadion, Stuttgart (GER)",31 AUG 1986
3:01.37,Jamaica,,JAM,1h2,"Stade de France, Paris-St-Denis (FRA)",30 AUG 2003
3:01.37,Germany,,GER,7,"DS, Daegu (KOR)",02 SEP 2011
3:01.38,Brazil,,BRA,1h3,"Estadio Olímpico, Barcelona (ESP)",07 AUG 1992
3:01.38,Poland,,POL,3sf3,"Ullevi Stadium, Göteborg (SWE)",12 AUG 1995
3:01.38,Jamaica,,JAM,3h3,"La Cartuja, Sevilla (ESP)",28 AUG 1999
3:01.38,Arizona State,,USA,5,"Mike A. Myers Stadium, Austin, TX (USA)",01 APR 2023
3:01.39,Baylor,,INT,1,"Des Moines, IA (USA)",25 APR 1998
3:01.39,Louisiana State,,INT,2,"Philadelphia, PA (USA)",24 APR 2004
3:01.39,Hurdle Mechanic,,USA,1f2,"Clyde Hart Track & Field Stadium, Waco, TX (USA)",02 APR 2022
3:01.40,United States,,USA,1h1,"Olympiastadion, Berlin (GER)",22 AUG 2009
3:01.40,France,,FRA,4h2,"Khalifa International Stadium, Doha (QAT)",05 OCT 2019
3:01.41,GW Exp,,INT,2f1,"Gainesville, FL (USA)",03 APR 2010
3:01.41,IMG Academy,,INT,3f1,"Gainesville, FL (USA)",05 APR 2014
3:01.41,Colombia,,COL,1,Lima (PER),10 AUG 2019
3:01.42,Spain,,ESP,3h1,"Commonwealth Stadium, Edmonton (CAN)",11 AUG 2001
3:01.42,Texas A&M,,INT,1f3,"Fayetteville, AR (USA)",31 MAY 2014
3:01.42,Texas A&M,,USA,1h3,"Fayetteville, AR (USA)",31 MAY 2014
3:01.43,Poland,,POL,2,"Olympic Stadium, Montréal (CAN)",31 JUL 1976
3:01.43,Zimbabwe,,ZIM,6,"Olympic Stadium, Athina (GRE)",10 AUG 1997
3:01.43,Trinidad and Tobago,,TTO,2,Nassau (BAH),11 JUL 2005
3:01.44,United States,,USA,1h4,"Memorial Coliseum, Los Angeles, CA (USA)",10 AUG 1984
3:01.44,Jamaica,,JAM,7,"Gottlieb-Daimler Stadion, Stuttgart (GER)",22 AUG 1993
3:01.44,Venezuela,,VEN,6f1,"T. Robinson Stadium, Nassau (BAH)",25 MAY 2014
3:01.44,Great Britain & NI,,GBR,3,"Olympisch Stadion, Amsterdam (NED)",10 JUL 2016
3:01.45,Jamaica,,JAM,7,"National Stadium, Beijing (CHN)",23 AUG 2008
3:01.46,Europa,,INT,4,"Bruce Stadium, Canberra (AUS)",06 OCT 1985
3:01.46,Japan,,JPN,4sf1,"Ullevi Stadium, Göteborg (SWE)",12 AUG 1995
3:01.46,Baylor,,INT,1,"Durham, NC (USA)",03 JUN 2000
3:01.46,United States,,USA,1h2,"Yanmar Stadium Nagai, Osaka (JPN)",01 SEP 2007
3:01.46,Pure Athletics,,USA,1f1,"Gainesville, FL (USA)",30 MAR 2019
3:01.47,Europa,,INT,2,"Stadio Olimpico, Roma (ITA)",06 SEP 1981
3:01.47,Great Britain & NI,,GBR,2sf1,"Stadio Olimpico, Roma (ITA)",05 SEP 1987
3:01.49,United States,,USA,1,Ostrava (CZE),31 MAY 2001
3:01.49,United States,,USA,1,Burnaby (CAN),01 JUN 2002
3:01.49,Florida,,INT,2,"Austin, TX (USA)",02 APR 2004
3:01.49,Colombia,,COL,1,Cali (COL),26 JUN 2016
3:01.50,Bahamas,,BAH,3h5,"Olympic Stadium, Sydney (AUS)",29 SEP 2000
3:01.50,Great Britain & NI,,GBR,6f1,"T. Robinson Stadium, Nassau (BAH)",03 MAY 2015
3:01.50,North Carolina A&T,,INT,5,"Austin, TX (USA)",07 JUN 2019
3:01.51,German Democratic Republic,,GDR,3,"Poljud Stadion, Split (CRO)",01 SEP 1990
3:01.51,Russia,,RUS,3h3,"Gottlieb-Daimler Stadion, Stuttgart (GER)",21 AUG 1993
3:01.51,South Africa,,RSA,4sf3,"Ullevi Stadium, Göteborg (SWE)",12 AUG 1995
3:01.51,Russia,,RUS,4h3,"La Cartuja, Sevilla (ESP)",28 AUG 1999
3:01.51,Arizona State,,INT,3,"Austin, TX (USA)",02 APR 2004
3:01.51,Trinidad and Tobago,,TTO,3,"Hampden Park, Glasgow (GBR)",02 AUG 2014
3:01.51,Texas A&M,,INT,1,"Sun Angel Stadium, Tempe, AZ (USA)",19 MAR 2022
3:01.51,Georgia,,INT,2sf2,"Mike A. Myers Stadium, Austin, TX (USA)",07 JUN 2023
3:01.52,Italy,,ITA,7,"Olympic Stadium, Athina (GRE)",10 AUG 1997
3:01.52,Australia,,AUS,1,Canberra (AUS),26 JAN 2008
3:01.52,Penn State,,USA,1h2,"Des Moines, IA (USA)",07 JUN 2012
3:01.52,Stephen F. Austin,,USA,2,"Hayward Field, Eugene, OR (USA)",11 JUN 2021
3:01.53,Japan,,JPN,2h1,"Hayward Field, Eugene, OR (USA)",23 JUL 2022
3:01.54,Florida State,,INT,1,"Philadelphia, PA (USA)",25 APR 2009
3:01.54,Bahamas,,BAH,3h2,"DS, Daegu (KOR)",01 SEP 2011
3:01.54,Central TX All Stars,,INT,1,"Austin, TX (USA)",31 MAR 2012
3:01.55,Texas A&M,,INT,1f1,"Austin, TX (USA)",03 APR 2010
3:01.55,Baylor,,INT,1f3,"Clyde Hart Track & Field Stadium, Waco, TX (USA)",22 APR 2023
3:01.56,Mississippi State,,INT,3,"Des Moines, IA (USA)",11 JUN 2011
3:01.56,Australia,,AUS,4h2,"DS, Daegu (KOR)",01 SEP 2011
3:01.56,Great Britain & NI,,GBR,2,"Olympiastadion, Helsinki (FIN)",01 JUL 2012
3:01.57,Russia,,RUS,3,"Stade Charléty, Paris (FRA)",20 JUN 1999
3:01.57,Jamaica,,JAM,2,Brisbane (AUS),07 SEP 2001
3:01.57,Jamaica,,JAM,2f1,"International Stadium, Yokohama (JPN)",12 MAY 2019
3:01.57,Netherlands,,NED,2h1,"Olympiastadion, München (GER)",19 AUG 2022
3:01.57,Arizona State,,INT,1,"Hilmer Lodge Stadium, Walnut, CA (USA)",14 MAY 2023
3:01.58,United States Red,,USA,1,"Austin, TX (USA)",02 APR 2004
3:01.58,Louisiana State,,INT,1,"Sacramento, CA (USA)",10 JUN 2006
3:01.58,Australia,,AUS,2,Daegu (KOR),16 MAY 2012
3:01.58,Penn State,,USA,4,"Des Moines, IA (USA)",09 JUN 2012
3:01.58,Trinidad and Tobago,,TTO,3h2,"CIBC, Toronto (CAN)",24 JUL 2015
3:01.59,Yugoslavia,,YUG,5sf2,"Olympic Stadium, Jamsil, Seoul (KOR)",30 SEP 1988
3:01.59,Belgium,,BEL,1f1,Izmir (TUR),19 JUN 2011
3:01.59,Poland,,POL,7,"Olympic Stadium, London (GBR)",13 AUG 2017
3:01.59,North Carolina A&T,,INT,2h3,"Billy Hayes T& F Complex, Bloomington, IN (USA)",27 MAY 2022
3:01.59,Jamaica,,JAM,3h1,"Hayward Field, Eugene, OR (USA)",23 JUL 2022
3:01.60,Barbados,,BAR,6,"Memorial Coliseum, Los Angeles, CA (USA)",11 AUG 1984
3:01.60,Nigeria,,NGR,2h2,"Olympic Stadium, Athina (GRE)",27 AUG 2004
3:01.60,Louisiana State,,USA,3,"Eugene, OR (USA)",14 JUN 2014
3:01.60,Florida,,USA,1f2,"Starkville, MS (USA)",16 MAY 2015
3:01.60,Italy,,ITA,3h1,"Khalifa International Stadium, Doha (QAT)",05 OCT 2019
3:01.61,Soviet Union,,URS,3sf1,"Stadio Olimpico, Roma (ITA)",05 SEP 1987
3:01.61,Brazil,,BRA,4,"Estadio Olímpico, Barcelona (ESP)",08 AUG 1992
3:01.61,Bulgaria,,BUL,2h1,"Gottlieb-Daimler Stadion, Stuttgart (GER)",21 AUG 1993
3:01.61,Florida,,INT,3h1,"Eugene, OR (USA)",06 JUN 2018
3:01.62,Russia,,RUS,5,"Yanmar Stadium Nagai, Osaka (JPN)",02 SEP 2007
3:01.62,Great Britain & NI,,GBR,1h1,"Olympiastadion, Berlin (GER)",10 AUG 2018
3:01.62,Italy,,ITA,1,"Stade Municipal, Annecy (FRA)",11 JUN 2023
3:01.63,Mississippi State,,USA,5,"Sacramento, CA (USA)",11 JUN 2005
3:01.63,Great Britain & NI,,GBR,2,"Ullevi Stadium, Göteborg (SWE)",13 AUG 2006
3:01.63,Bahamas,,BAH,2,"Philadelphia, PA (USA)",25 APR 2015
3:01.63,Louisiana State,,INT,2f2,"Starkville, MS (USA)",16 MAY 2015
3:01.63,Great Britain & NI,,GBR,1h1,"Olympisch Stadion, Amsterdam (NED)",09 JUL 2016
3:01.63,Czech Republic,,CZE,8,"Hayward Field, Eugene, OR (USA)",24 JUL 2022
3:01.63,Baylor,,INT,6,"Mike A. Myers Stadium, Austin, TX (USA)",09 JUN 2023
3:01.64,Texas A&M,,INT,3,"Hayward Field, Eugene, OR (USA)",11 JUN 2021
3:01.65,France,,FRA,3h2,"Commonwealth Stadium, Edmonton (CAN)",11 AUG 2001
3:01.65,France,,FRA,3,"Stadio Luigi Ridolfi, Firenze (ITA)",19 JUN 2005
3:01.65,France,,FRA,2h1,"Olympiastadion, Berlin (GER)",22 AUG 2009
3:01.65,Trinidad and Tobago,,TTO,2,Mayagüez (PUR),17 JUL 2011
3:01.66,Louisiana State,,INT,1h,"Eugene, OR (USA)",31 MAY 2001
3:01.66,Baylor,,USA,1f2,"Des Moines, IA (USA)",26 MAY 2007
3:01.66,Mississippi State,,INT,2,"Eugene, OR (USA)",12 JUN 2010
3:01.66,Brazil,,BRA,4h2,"CIBC, Toronto (CAN)",24 JUL 2015
3:01.67,Kenya,,KEN,5,"Stadio Olimpico, Roma (ITA)",06 SEP 1987
3:01.67,Bahamas,,BAH,3,Brisbane (AUS),07 SEP 2001
3:01.67,Ireland,,IRL,4,"Letzigrund, Zürich (SUI)",17 AUG 2014
3:01.67,Venezuela,,VEN,2,Medellín (COL),10 JUL 2016
3:01.67,France,,FRA,2h1,"Olympiastadion, Berlin (GER)",10 AUG 2018
3:01.67,LSU,,USA,3sf1,"Hayward Field, Eugene, OR (USA)",08 JUN 2022
3:01.68,Jamaica,,JAM,1,Mayagüez (PUR),30 JUL 2010
3:01.68,Texas A&M,,INT,5,"Des Moines, IA (USA)",09 JUN 2012
3:01.68,Kentucky,,INT,4sf1,"Hayward Field, Eugene, OR (USA)",08 JUN 2022
3:01.69,Africa,,INT,2,"CM, Madrid (ESP)",21 SEP 2002
3:01.69,Texas Tech,,INT,1h3,"Sacramento, CA (USA)",08 JUN 2005
3:01.69,Texas,,INT,4,"Hayward Field, Eugene, OR (USA)",10 JUN 2022
3:01.70,Jamaica,,JAM,3h1,"Gottlieb-Daimler Stadion, Stuttgart (GER)",21 AUG 1993
3:01.70,France,,FRA,2h2,"Gottlieb-Daimler Stadion, Stuttgart (GER)",21 AUG 1993
3:01.70,Japan,,JPN,1,Bangkok (THA),19 DEC 1998
3:01.70,South Africa,,RSA,3h3,"Commonwealth Stadium, Edmonton (CAN)",11 AUG 2001
3:01.70,Japan,,JPN,1,Osaka (JPN),08 MAY 2004
3:01.70,Poland,,POL,1,"Olympiastadion, München (GER)",24 JUN 2007
3:01.70,Venezuela,,VEN,2,Barquisimeto (VEN),10 JUN 2012
3:01.70,Belgium,,BEL,4h1,"Olympic Stadium, London (GBR)",09 AUG 2012
3:01.70,Germany,,GER,5,"Letzigrund, Zürich (SUI)",17 AUG 2014
3:01.71,Nigeria,,NGR,5,"Estadio Olímpico, Barcelona (ESP)",08 AUG 1992
3:01.71,Russia,,RUS,4f1,"Olympic Stadium, Cheboksary (RUS)",21 JUN 2015
3:01.71,Kentucky,,INT,1,"Cushing Stadium, College Station, TX (USA)",15 MAY 2021
3:01.72,Senegal,,SEN,2sf1,"Olympic Stadium, Atlanta, GA (USA)",02 AUG 1996
3:01.72,Russia,,RUS,1f1,"Fana Stadion, Bergen (NOR)",20 JUN 2010
3:01.72,Spain,,ESP,1h1,"Olympic Stadium, London (GBR)",12 AUG 2017
3:01.72,United States,,USA,2,Lima (PER),10 AUG 2019
3:01.72,Texas A&M,,INT,5,"Hayward Field, Eugene, OR (USA)",10 JUN 2022
3:01.73,Kenya,,KEN,3sf1,"Olympic Stadium, Atlanta, GA (USA)",02 AUG 1996
3:01.73,Kenya,,KEN,3,Johannesburg (RSA),18 SEP 1999
3:01.73,Louisiana State,,INT,1,"Houston, TX (USA)",31 MAR 2001
3:01.73,Poland,,POL,3,"Ullevi Stadium, Göteborg (SWE)",13 AUG 2006
3:01.73,Texas A&M,,INT,1f1,"Philadelphia, PA (USA)",30 APR 2011
3:01.73,Poland,,POL,5h2,"Luzhniki Stadion, Moskva (RUS)",15 AUG 2013
3:01.73,Dominican Republic,,DOM,4,San José (CRC),09 AUG 2015
3:01.73,Texas A&M,,INT,2,"Cushing Stadium, College Station, TX (USA)",15 MAY 2021
3:01.74,Bahamas,,BAH,3h2,"Olympic Stadium, Athina (GRE)",27 AUG 2004
3:01.74,Trinidad and Tobago,,TTO,5,"Luzhniki Stadion, Moskva (RUS)",16 AUG 2013
3:01.74,Texas A&M,,USA,1,"Austin, TX (USA)",01 APR 2017
3:01.75,Italy,,ITA,2sf3,"Olympic Stadium, Athina (GRE)",09 AUG 1997
3:01.76,France,,FRA,2sf1,"Olympic Stadium, Athina (GRE)",09 AUG 1997
3:01.76,Great Britain & NI,,GBR,1,"Stadio Olimpico, Roma (ITA)",31 MAY 2012
3:01.76,Dominican Republic,,DOM,5h2,"Estádio Olímpico, Rio de Janeiro (BRA)",19 AUG 2016
3:01.77,Santa Monica Track Club,,USA,1,Linz (AUT),09 JUL 1997
3:01.77,Arizona State,,INT,1,"Northridge, CA (USA)",29 MAY 2004
3:01.77,Germany,,GER,2,"Olympiastadion, München (GER)",24 JUN 2007
3:01.77,Baylor,,INT,2f2,"Austin, TX (USA)",09 APR 2011
3:01.77,Germany,,GER,3,"Olympiastadion, Helsinki (FIN)",01 JUL 2012
3:01.77,Texas A&M,,USA,1f2,"Fayetteville, AR (USA)",11 MAY 2019
3:01.78,Italy,,ITA,4,"Poljud Stadion, Split (CRO)",01 SEP 1990
3:01.78,Germany,,GER,1,"Zdzisław Krzyszkowiak Stadium, Bydgoszcz (POL)",20 JUN 2004
3:01.78,Jamaica,,JAM,1,Cartagena de Indias (COL),29 JUL 2006
3:01.78,Texas A&M,,USA,2,"Des Moines, IA (USA)",14 JUN 2008
3:01.78,Florida,,USA,1f1,"Gainesville, FL (USA)",04 APR 2015
3:01.78,Poland,,POL,2h1,"Olympic Stadium, London (GBR)",12 AUG 2017
3:01.78,Botswana,,BOT,1,Gold Coast (AUS),14 APR 2018
3:01.79,Great Britain & NI,,GBR,1h1,"Olympic Stadium, Atlanta, GA (USA)",02 AUG 1996
3:01.79,Cuba,,CUB,4,Winnipeg (CAN),30 JUL 1999
3:01.79,Poland,,POL,1,"Weserstadion, Bremen (GER)",24 JUN 2001
3:01.79,France,,FRA,1h3,"Stade de France, Paris-St-Denis (FRA)",30 AUG 2003
3:01.79,Iowa,,USA,5sf1,"Hayward Field, Eugene, OR (USA)",08 JUN 2022
3:01.79,United States,,USA,1,"Grand Bahama Sports Complex, Freeport (BAH)",21 AUG 2022
3:01.80,World International,,INT,1f1,"Austin, TX (USA)",03 APR 1999
3:01.80,Vector Sports Management,,USA,1,"Tempe, AZ (USA)",10 APR 1999
3:01.80,Minnesota,,INT,2,"Austin, TX (USA)",12 JUN 2004
3:01.80,Venezuela,,VEN,2,Veracruz (MEX),28 NOV 2014
3:01.80,Germany,,GER,3h1,"Olympiastadion, München (GER)",19 AUG 2022
3:01.80,Belgium,,BEL,4h1,"Olympiastadion, München (GER)",19 AUG 2022
3:01.81,Jamaica,,JAM,1f2,Santo Domingo (DOM),09 AUG 2003
3:01.82,Cuba,,CUB,2sf2,"Ullevi Stadium, Göteborg (SWE)",12 AUG 1995
3:01.82,United States Blue,,USA,3,"Philadelphia, PA (USA)",28 APR 2001
3:01.82,Bahamas,,BAH,2,Mayagüez (PUR),30 JUL 2010
3:01.82,USATF High Performance B,,USA,2f1,"Gainesville, FL (USA)",30 MAR 2019
3:01.82,Czech Republic,,CZE,6,"Olympiastadion, München (GER)",20 AUG 2022
3:01.83,Federal Republic of Germany,,FRG,2,"Olympiastadion, Helsinki (FIN)",14 AUG 1983
3:01.83,South Africa,,RSA,4,Manchester (GBR),31 JUL 2002
3:01.83,Baylor,,USA,6,"Sacramento, CA (USA)",11 JUN 2005
3:01.83,Belgium,,BEL,5,"Olympic Stadium, London (GBR)",10 AUG 2012
3:01.83,Louisiana State,,INT,1,"Austin, TX (USA)",02 APR 2016
3:01.83,Florida,,INT,4,"Eugene, OR (USA)",08 JUN 2018
3:01.84,Baylor,,INT,1,"Columbia, MO (USA)",17 MAY 1998
3:01.84,South Africa,,RSA,2,Melbourne (AUS),25 MAR 2006
3:01.84,Poland,,POL,5h2,"DS, Daegu (KOR)",01 SEP 2011
3:01.84,Colombia,,COL,6h1,"Estádio Olímpico, Rio de Janeiro (BRA)",19 AUG 2016
3:01.84,Arkansas,,USA,2,"Eugene, OR (USA)",09 JUN 2017
3:01.84,Arkansas,,INT,2,"Eugene, OR (USA)",09 JUN 2017
3:01.85,Italy,,ITA,4h3,"Gottlieb-Daimler Stadion, Stuttgart (GER)",21 AUG 1993
3:01.85,India,,IND,2,Jakarta (INA),30 AUG 2018
3:01.85,LSU,,USA,1f1,"LSU Bernie Moore Stadium, Baton Rouge, LA (USA)",24 APR 2021
3:01.85,Botswana,,BOT,2,"Alexander Stadium, Birmingham (GBR)",07 AUG 2022
3:01.85,Oklahoma,,USA,3sf2,"Mike A. Myers Stadium, Austin, TX (USA)",07 JUN 2023
3:01.86,Wales,,GBR,3,Kuala Lumpur (MAS),21 SEP 1998
3:01.87,United States,,USA,2f2,Santo Domingo (DOM),09 AUG 2003
3:01.87,Baylor,,USA,1h3,"Austin, TX (USA)",10 JUN 2004
3:01.87,Florida,,USA,3,"Eugene, OR (USA)",12 JUN 2010
3:01.88,Africa,,INT,3,"Estadio Olímpico, Barcelona (ESP)",10 SEP 1989
3:01.88,World Express AC,,INT,1,"Atlanta, GA (USA)",23 MAY 1998
3:01.88,Russia,,RUS,2,"Zdzisław Krzyszkowiak Stadium, Bydgoszcz (POL)",20 JUN 2004
3:01.88,Bahamas,,BAH,6,"Olympic Stadium, Athina (GRE)",28 AUG 2004
3:01.88,Belgium,,BEL,4,"Olympiastadion, Berlin (GER)",23 AUG 2009
3:01.88,Venezuela,,VEN,1,Rio de Janeiro (BRA),20 MAY 2012
3:01.88,Japan,,JPN,1,Incheon (KOR),02 OCT 2014
3:01.88,Colombia,,COL,1,Rio de Janeiro (BRA),16 MAY 2016
3:01.88,Cuba,,CUB,3h1,"Olympic Stadium, London (GBR)",12 AUG 2017
3:01.89,Georgia Tech,,INT,1,"Amherst, MA (USA)",05 JUN 1998
3:01.89,Texas A&M,,INT,1f1,"Austin, TX (USA)",29 MAY 2010
3:01.89,Botswana,,BOT,1,"Le Grande Stade, Marrakesh (MAR)",14 AUG 2014
3:01.89,India,,IND,1h,Patiala (IND),25 JUN 2021
3:01.90,United States U20,,USA,1,"Olympic Stadium, Athina (GRE)",20 JUL 1986
3:01.90,Texas,,INT,4sf2,"Mike A. Myers Stadium, Austin, TX (USA)",07 JUN 2023
3:01.91,Federal Republic of Germany,,FRG,1,Torino (ITA),05 AUG 1979
3:01.91,Australia,,AUS,3sf2,"Olympic Stadium, Sydney (AUS)",29 SEP 2000
3:01.91,United States Red,,USA,1,"Austin, TX (USA)",09 APR 2005
3:01.91,Trinidad and Tobago,,TTO,2h2,"Olympiastadion, Helsinki (FIN)",13 AUG 2005
3:01.91,Great Britain & NI,,GBR,3h1,"Olympiastadion, Berlin (GER)",22 AUG 2009
3:01.91,Iowa,,USA,3,"Eugene, OR (USA)",09 JUN 2017
3:01.91,Iowa,,USA,3,"Eugene, OR (USA)",09 JUN 2017
3:01.92,Nigeria,,NGR,4sf1,"Stadio Olimpico, Roma (ITA)",05 SEP 1987
3:01.92,Poland,,POL,2h1,"Olympic Stadium, Atlanta, GA (USA)",02 AUG 1996
3:01.92,Japan,,JPN,3sf2,"Olympic Stadium, Atlanta, GA (USA)",02 AUG 1996
3:01.92,Great Britain & NI,,GBR,3,"Olympiastadion, München (GER)",24 JUN 2007
3:01.92,Bahamas,,BAH,2,Gold Coast (AUS),14 APR 2018
3:01.93,San Antonio Elite,,USA,1,"Austin, TX (USA)",30 MAR 2013
3:01.94,Jamaica,,JAM,3,Melbourne (AUS),25 MAR 2006
3:01.94,Bahamas,,BAH,1,Rio de Janeiro (BRA),28 JUL 2007
3:01.94,Japan,,JPN,3,Jakarta (INA),30 AUG 2018
3:01.95,Russia,,RUS,2,Fukuoka (JPN),03 SEP 1995
3:01.95,Russia,,RUS,4h2,"Commonwealth Stadium, Edmonton (CAN)",11 AUG 2001
3:01.95,Russia,,RUS,4h2,"Commonwealth Stadium, Edmonton (CAN)",11 AUG 2001
3:01.95,Great Britain & NI,,GBR,1h3,"Olympiastadion, Helsinki (FIN)",13 AUG 2005
3:01.96,Italy,,ITA,4,"Stadio Luigi Ridolfi, Firenze (ITA)",19 JUN 2005
3:01.96,Venezuela,,VEN,2h1,"T. Robinson Stadium, Nassau (BAH)",24 MAY 2014
3:01.96,Louisiana State,,INT,1,"Eugene, OR (USA)",12 JUN 2015
3:01.96,Great Britain & NI,,GBR,4h1,"Khalifa International Stadium, Doha (QAT)",05 OCT 2019
3:01.96,Germany,,GER,1,"Stadion Manfort, Leverkusen (GER)",27 JUN 2021
3:01.96,Belgium,,BEL,1h2,"Hayward Field, Eugene, OR (USA)",23 JUL 2022
3:01.97,Louisiana State,,INT,2h2,"Des Moines, IA (USA)",07 JUN 2012
3:01.97,Jamaica,,JAM,6,"CIBC, Toronto (CAN)",25 JUL 2015
3:01.97,Jamaica,,JAM,3,Gold Coast (AUS),14 APR 2018
3:01.98,Federal Republic of Germany,,FRG,3,"Olympic Stadium, Montréal (CAN)",31 JUL 1976
3:01.98,GW Exp,,INT,4f1,"Gainesville, FL (USA)",05 APR 2014
3:01.98,Jamaica,,JAM,4h1,"Olympic Stadium, London (GBR)",12 AUG 2017
3:01.98,Louisiana State,,INT,2f2,"Knoxville, TN (USA)",13 MAY 2018
3:01.99,Poland,,POL,5,"Parc des Sports, Annecy (FRA)",23 JUN 2002
3:01.99,United States Red,,USA,2,"Austin, TX (USA)",05 APR 2003
3:01.99,Iowa,,INT,2sf1,"Austin, TX (USA)",05 JUN 2019
3:01.99,Tiger Olympians,,INT,1,"LSU Bernie Moore Stadium, Baton Rouge, LA (USA)",09 APR 2022
3:02.00,Great Britain & NI,,GBR,5,"Olympic Stadium, Jamsil, Seoul (KOR)",01 OCT 1988
3:02.00,Baylor,,USA,1,"Des Moines, IA (USA)",28 APR 2007
3:02.00,Jamaica,,JAM,3,"Philadelphia, PA (USA)",26 APR 2008
3:02.00,Kentucky,,INT,3,"Des Moines, IA (USA)",14 JUN 2008
3:02.00,Jamaica,,JAM,3,Mayagüez (PUR),17 JUL 2011
3:02.00,Georgia,,INT,1f2,"Hilmer Lodge Stadium, Walnut, CA (USA)",15 APR 2023
