Mark,Competitor,DOB,Nat,Pos,Venue,Date
7:02.43,Kenya,,KEN,1,"Boudewijnstadion, Bruxelles (BEL)",25 AUG 2006
7:02.82,United States,,USA,2,"Boudewijnstadion, Bruxelles (BEL)",25 AUG 2006
7:03.89,Great Britain & NI,,GBR,1,London (GBR),30 AUG 1982
7:04.70,South Africa,,RSA,1,Stuttgart (GER),06 JUN 1999
7:04.84,United States,,USA,1,"T. Robinson Stadium, Nassau (BAH)",02 MAY 2015
7:04.89,St Patrick's School,,KEN,2,Stuttgart (GER),06 JUN 1999
7:06.12,Benelux,,INT,3,"Boudewijnstadion, Bruxelles (BEL)",25 AUG 2006
7:06.5h,Santa Monica Track Club,,USA,1,"Walnut, CA (USA)",26 APR 1986
7:06.66,Qatar,,QAT,4,"Boudewijnstadion, Bruxelles (BEL)",25 AUG 2006
7:07.1h,Kericho,,KEN,1,Nairobi (KEN),07 MAR 2014
7:07.40,Soviet Union,,URS,1,Moskva (URS),05 AUG 1984
7:08.1h,Soviet Union,,URS,1,Podolsk (URS),12 AUG 1978
7:08.3h,Defence Forces,,KEN,2,Nairobi (KEN),07 MAR 2014
7:08.30,Kenya,,KEN,1,Nairobi (KEN),26 APR 2014
7:08.40,Kenya,,KEN,1,"T. Robinson Stadium, Nassau (BAH)",24 MAY 2014
7:08.6h,Federal Republic of Germany,,FRG,1,Wiesbaden (GER),13 AUG 1966
7:08.69,Poland,,POL,2,"T. Robinson Stadium, Nassau (BAH)",24 MAY 2014
7:08.96,Arizona State,,USA,1,"Tempe, AZ (USA)",07 APR 1984
7:09.06,United States,,USA,3,"T. Robinson Stadium, Nassau (BAH)",24 MAY 2014
7:09.1h,Kenya,,KEN,1,London (GBR),05 SEP 1970
7:09.1h,Kenya,,KEN,1,Nairobi (KEN),10 APR 2015
7:09.21,Kenya B,,KEN,2,Nairobi (KEN),26 APR 2014
7:09.6h,Eldoret,,KEN,3,Nairobi (KEN),07 MAR 2014
7:09.92,Kenya C,,KEN,3,Nairobi (KEN),26 APR 2014
7:09.98,Poland,,POL,2,"T. Robinson Stadium, Nassau (BAH)",02 MAY 2015
7:10.03,Santa Monica Track Club,,INT,2,"Tempe, AZ (USA)",07 APR 1984
7:10.14,Bud Light Track America,,USA,3,"Tempe, AZ (USA)",07 APR 1984
7:10.3h,Federal Republic of Germany B,,FRG,2,Wiesbaden (GER),13 AUG 1966
7:10.65,District TC,,INT,1,"Nashville, TN (USA)",01 JUN 2019
7:11.1h,Belarus,,URS,1,Moskva (URS),25 JUL 1979
7:11.17,Penn State,,USA,1,"Philadelphia, PA (USA)",27 APR 1985
7:11.3h,Italy,,ITA,1,Sheffield (GBR),05 JUN 1992
7:11.3h,Kenya,,KEN,1,Nairobi (KEN),22 MAR 2014
7:11.4h,Kenya B,,KEN,2,Nairobi (KEN),10 APR 2015
7:11.42,Belarus,,BLR,1,Portsmouth (GBR),05 JUN 1993
7:11.48,Australia,,AUS,4,"T. Robinson Stadium, Nassau (BAH)",24 MAY 2014
7:11.6h,South Africa,,INT,1,Johannesburg (RSA),30 APR 1973
7:11.62,Great Britain & NI,,GBR,2,London (GBR),30 AUG 1982
7:11.96,Russia,,RUS,2,Portsmouth (GBR),05 JUN 1993
7:12.0h,Kenya,,KEN,1,Mombasa (KEN),18 JUN 1978
7:12.1h,Federal Republic of Germany,,FRG,1,Fulda (GER),13 JUN 1968
7:12.15,VfB Stuttgart,,FRG,1,Krefeld (GER),26 JUL 1986
7:12.15,Virginia,,USA,1,"Philadelphia, PA (USA)",30 APR 2011
7:12.2h,Great Britain & NI,,GBR,2,Sheffield (GBR),05 JUN 1992
7:12.29,Villanova,,UND,1,"Philadelphia, PA (USA)",24 APR 1982
7:12.29,Santa Monica Track Club,,USA,1,"Philadelphia, PA (USA)",24 APR 1992
7:12.36,Atlanta Track Club,,INT,2,"Nashville, TN (USA)",01 JUN 2019
7:12.37,Ole Mississippi,,INT,1,"Franklin Field, Philadelphia, PA (USA)",29 APR 2023
7:12.57,Iowa State,,INT,1,"Drake Stadium, Des Moines, IA (USA)",23 APR 2021
7:12.62,Georgetown,,USA,2,"Philadelphia, PA (USA)",24 APR 1982
7:12.62,Santa Monica Track Club,,USA,1,"Tempe, AZ (USA)",02 APR 1983
7:12.66,Great Britain & NI,,GBR,3,Portsmouth (GBR),05 JUN 1993
7:12.7h,Russia,,RUS,2,Moskva (URS),25 JUL 1979
7:12.81,Richmond,,INT,3,"Philadelphia, PA (USA)",24 APR 1982
7:12.90,Penn State,,INT,2,"Philadelphia, PA (USA)",30 APR 2011
7:12.96,Santa Monica Track Club,,INT,1,"Walnut, CA (USA)",27 APR 1985
7:12.96,Penn State,,INT,2,"Franklin Field, Philadelphia, PA (USA)",29 APR 2023
7:13.1h,Ukraine,,URS,3,Moskva (URS),25 JUL 1979
7:13.16,United States,,USA,1,"T. Robinson Stadium, Nassau (BAH)",23 APR 2017
7:13.20,Russia,,URS,1,Tbilisi (GEO),15 SEP 1978
7:13.4h,Leningrad,,URS,4,Moskva (URS),25 JUL 1979
7:13.40,Athletic Attic,,USA,2,"Tempe, AZ (USA)",02 APR 1983
7:13.48,Arkansas,,INT,4,"Philadelphia, PA (USA)",24 APR 1982
7:13.6h,France,,FRA,1,Bourges (FRA),23 JUN 1979
7:13.7h,United States,,USA,2,Bourges (FRA),23 JUN 1979
7:13.70,Kenya,,KEN,2,"T. Robinson Stadium, Nassau (BAH)",23 APR 2017
7:13.71,Ole Mississippi,,INT,1,"Franklin Field, Philadelphia, PA (USA)",30 APR 2022
7:13.75,Georgetown,,INT,1,"Philadelphia, PA (USA)",24 APR 2004
7:13.75,Virginia Tech,,INT,1,"Philadelphia, PA (USA)",29 APR 2017
7:13.87,Arkansas,,INT,1,"Philadelphia, PA (USA)",24 APR 1999
7:13.94,Iowa State,,USA,3,"Franklin Field, Philadelphia, PA (USA)",29 APR 2023
7:13.95,Georgetown,,USA,2,"Philadelphia, PA (USA)",27 APR 1985
7:13.96,MTV 1881 Ingolstadt,,FRG,2,Krefeld (GER),26 JUL 1986
7:14.02,Texas A&M,,USA,3,"Philadelphia, PA (USA)",30 APR 2011
7:14.14,Penn State,,USA,1,"Philadelphia, PA (USA)",27 APR 2013
7:14.21,VfB Stuttgart,,FRG,1,Dortmund (GER),30 JUL 1983
7:14.3h,Moskva,,URS,5,Moskva (URS),25 JUL 1979
7:14.3h,Russia,,RUS,3,Sheffield (GBR),05 JUN 1992
7:14.34,Florida,,USA,1,"Philadelphia, PA (USA)",24 APR 1993
7:14.37,Emmendingen,,FRG,2,Dortmund (GER),30 JUL 1983
7:14.48,Bud Light Track America,,INT,1,"Tempe, AZ (USA)",06 APR 1985
7:14.50,Texas A&M,,USA,4,"Franklin Field, Philadelphia, PA (USA)",29 APR 2023
7:14.54,George Mason,,INT,1,"Philadelphia, PA (USA)",27 APR 1996
7:14.64,Virginia,,USA,5,"Philadelphia, PA (USA)",24 APR 1982
7:14.65,Penn State,,USA,1,"Philadelphia, PA (USA)",25 APR 1987
7:14.65,G.S. Fiamme Azzurre,,ITA,1,Vigevano (ITA),28 SEP 1991
7:14.72,Abilene Christian,,INT,1,"Philadelphia, PA (USA)",29 APR 1995
7:14.86,Arkansas,,INT,2,"Philadelphia, PA (USA)",25 APR 1987
7:14.89,Nebraska,,INT,1,"Des Moines, IA (USA)",26 APR 1985
7:14.9h,Great Britain & NI,,GBR,2,London (GBR),05 SEP 1970
7:14.9h,Kenya,,KEN,4,Sheffield (GBR),05 JUN 1992
