Mark,Competitor,DOB,Nat,Pos,Venue,Date
18:05.49,Hatem GHOULA,07 JUN 1973,TUN,1,Tunis (TUN),01 MAY 1997
18:12.52,Declan TINGAY,06 FEB 1999,AUS,1,"Lakeside Stadium, Melbourne (AUS)",05 MAR 2023
18:17.22,Robert KORZENIOWSKI,30 JUL 1968,POL,1,Reims (FRA),03 JUL 1992
18:18.01,Yohann DINIZ,01 JAN 1978,FRA,1,Villeneuve d'Ascq (FRA),27 JUN 2008
18:20.14,Koki IKEDA,03 MAY 1998,JPN,1,"Juntendo University Stadium, Inzai (JPN)",25 OCT 2020
18:22.41,Yohann DINIZ,01 JAN 1978,FRA,1,Tourcoing (FRA),10 MAY 2015
18:24.50,Declan TINGAY,06 FEB 1999,AUS,1,"Lakeside Stadium, Melbourne (AUS)",26 FEB 2022
18:26.70,Yuta KOGA,15 JUL 1999,JPN,2,"Juntendo University Stadium, Inzai (JPN)",25 OCT 2020
18:27.34,Francisco Javier FERNÁNDEZ,06 MAR 1977,ESP,1,Villeneuve d'Ascq (FRA),08 JUN 2007
18:28.26,Masatora KAWANO,23 OCT 1998,JPN,3,"Juntendo University Stadium, Inzai (JPN)",25 OCT 2020
18:28.80,Roman MRÁZEK,21 JAN 1962,TCH,1,Bratislava (TCH),14 JUN 1989
18:30.43,Maurizio DAMILANO,06 APR 1957,ITA,1,Caserta (ITA),11 JUN 1992
18:31.76,Frants KOSTYUKEVICH,04 APR 1963,BLR,1,Villeneuve d'Ascq (FRA),02 JUL 1993
18:32.46,Erik TYSSE,04 DEC 1980,NOR,1,Askim (NOR),10 AUG 2007
18:32.56,Perseus KARLSTRÖM,02 MAY 1990,SWE,1,Melbourne (AUS),08 MAR 2019
18:33.16,João VIEIRA,20 FEB 1976,POR,1,Rio Maior (POR),10 MAY 2000
18:33.32,Yohann DINIZ,01 JAN 1978,FRA,1,Reims (FRA),05 MAY 2013
18:34.88,Toshikazu YAMANISHI,15 FEB 1996,JPN,1,"Prefectural Stadium, Kumagaya (JPN)",19 SEP 2020
18:35.10,Yohann DINIZ,01 JAN 1978,FRA,1,Reims (FRA),17 MAY 2009
18:35.10,Yohann DINIZ,01 JAN 1978,FRA,1,Reims (FRA),09 MAY 2010
18:35.36,Eder SÁNCHEZ,21 MAY 1986,MEX,1,Katowice (POL),02 JUL 2014
18:35.87,Robert KORZENIOWSKI,30 JUL 1968,POL,2,Villeneuve d'Ascq (FRA),02 JUL 1993
18:35.96,Yohann DINIZ,01 JAN 1978,FRA,1,Reims (FRA),05 JUL 2011
18:36.84,Jozef PRIBILINEC,06 JUL 1960,SVK,3,Villeneuve d'Ascq (FRA),02 JUL 1993
18:37.17,Erik TYSSE,04 DEC 1980,NOR,1,Lillehammer (NOR),31 JUL 2009
18:37.22,Yusuke SUZUKI,02 JAN 1988,JPN,1,Kitami (JPN),12 JUL 2015
18:37.60,Eiki TAKAHASHI,19 NOV 1992,JPN,2,Kitami (JPN),12 JUL 2015
18:37.84,Daisuke MATSUNAGA,24 MAR 1995,JPN,1,Abashiri (JPN),04 JUL 2018
18:38.12,Yohann DINIZ,01 JAN 1978,FRA,1,Villeneuve d'Ascq (FRA),30 JUN 2009
18:38.42,Yohann DINIZ,01 JAN 1978,FRA,1,Compiégne (FRA),08 MAY 2011
18:38.45,Ivano BRUGNETTI,01 SEP 1976,ITA,1,Milano (ITA),25 JUN 2009
18:38.97,Dane BIRD-SMITH,15 JUL 1992,AUS,1,"Albert Park, Melbourne (AUS)",05 MAR 2016
18:39.08,Evan DUNFEE,28 SEP 1990,CAN,1,"Swangard Stadium, Burnaby (CAN)",18 JUN 2021
18:39.10,Gabriel BORDIER,08 OCT 1997,FRA,1,"Complexe Sportif, Segre (FRA)",22 MAY 2022
18:39.28,Ever Jair PALMA OLIVARES,18 MAR 1992,MEX,2,Katowice (POL),02 JUL 2014
18:39.65,Álvaro MARTÍN,18 JUN 1994,ESP,1,Gijón (ESP),25 JUL 2015
18:40.11,Eder SÁNCHEZ,21 MAY 1986,MEX,1,Sydney (AUS),28 FEB 2009
18:40.50,Erik TYSSE,04 DEC 1980,NOR,1,Trondheim (NOR),19 JUL 2008
18:40.62,Koki IKEDA,03 MAY 1998,JPN,1,"Honjo Athletic Stadium, Kitakyushu (JPN)",21 MAY 2022
18:41.23,Callum WILKINSON,14 MAR 1997,GBR,1,"Alexander Stadium, Birmingham (GBR)",25 AUG 2019
18:41.44,Ilya MARKOV,19 JUN 1972,RUS,1,Spala (POL),10 JUN 2000
18:41.83,Jared TALLENT,17 OCT 1984,AUS,2,Sydney (AUS),28 FEB 2009
18:42.0h,Jozef PRIBILINEC,06 JUL 1960,SVK,1,Banská Bystrica (TCH),30 AUG 1985
18:42.50,Giovanni DE BENEDICTIS,08 JAN 1968,ITA,1,Formia (ITA),08 JUL 1991
18:42.66,Ralf KOWALSKY,22 MAR 1962,GDR,1,Berlin (GER),09 JUN 1984
18:42.96,Yohann DINIZ,01 JAN 1978,FRA,1,"Stade Raymond Petit, Tomblaine (FRA)",14 JUN 2016
18:43.17,Veli-Matti PARTANEN,28 OCT 1991,FIN,1,Espoo (FIN),13 JUN 2018
18:43.28,Tom BOSWORTH,17 JAN 1990,GBR,1,Birmingham (GBR),02 JUL 2017
18:44.35,Robert KORZENIOWSKI,30 JUL 1968,POL,1,Bydgoszcz (POL),15 JUN 2001
18:44.79,Kevin CAMPION,23 MAY 1988,FRA,1,Reims (FRA),28 JUN 2013
18:44.99,Walter ARENA,30 MAY 1964,ITA,2,Formia (ITA),08 JUL 1991
18:45.19,Nathan DEAKES,17 AUG 1977,AUS,1,Melbourne (AUS),09 MAR 2006
18:45.64,Inaki GOMEZ,16 JAN 1988,CAN,1f1,Sydney (AUS),18 FEB 2012
18:45.98,Yohann DINIZ,01 JAN 1978,FRA,1,"Stade Raymond Petit, Tomblaine (FRA)",24 JUN 2011
18:46.08,Jefferson PÉREZ,01 JUL 1974,ECU,1,Xalapa (MEX),05 MAY 2007
18:46.47,Dane BIRD-SMITH,15 JUL 1992,AUS,1,Brisbane (AUS),06 FEB 2016
18:46.95,Miguel Ángel LÓPEZ,03 JUL 1988,ESP,1,Murcia (ESP),26 JUN 2016
18:47.10,Jiří MALYSA,14 AUG 1966,CZE,2,Bydgoszcz (POL),15 JUN 2001
18:47.45,Yohann DINIZ,01 JAN 1978,FRA,1,Reims (FRA),04 JUL 2012
18:47.53,Yohann DINIZ,01 JAN 1978,FRA,1,Reims (FRA),14 JUL 2009
18:47.77,Jared TALLENT,17 OCT 1984,AUS,2f1,Sydney (AUS),18 FEB 2012
18:47.98,Roland WIESER,06 MAY 1956,GDR,2,Berlin (GER),09 JUN 1984
18:48.30,Aigars FADEJEVS,27 DEC 1975,LAT,1,Lapinlahti (FIN),21 JUN 1998
18:48.76,Juan Manuel MOLINA,15 MAR 1979,ESP,1,Cieza (ESP),09 FEB 2008
18:49.10,Zhen WANG,24 AUG 1991,CHN,1,Fossano (ITA),13 SEP 2014
18:49.66,Yohann DINIZ,01 JAN 1978,FRA,1,Reims (FRA),30 JUN 2010
18:49.86,Benjamin THORNE,19 MAR 1993,CAN,1,Burnaby (CAN),25 MAR 2017
18:49.92,Declan TINGAY,06 FEB 1999,AUS,1,"WA Sports Centre, Perth (AUS)",17 DEC 2021
18:50.20,Alberto AMEZCUA,10 MAY 1992,ESP,2,Gijón (ESP),25 JUL 2015
18:50.27,Yohann DINIZ,01 JAN 1978,FRA,2,Villeneuve d'Ascq (FRA),08 JUN 2007
18:51.25,Eiki TAKAHASHI,19 NOV 1992,JPN,2,"Prefectural Stadium, Kumagaya (JPN)",19 SEP 2020
18:51.39,Nick A'HERN,06 JAN 1969,AUS,1,North Shore City (NZL),20 FEB 1998
18:51.39,Jared TALLENT,17 OCT 1984,AUS,1,Sydney (AUS),27 FEB 2010
18:51.86,Masatora KAWANO,23 OCT 1998,JPN,2,Abashiri (JPN),04 JUL 2018
18:51.93,Eiki TAKAHASHI,19 NOV 1992,JPN,1,Kumagaya (JPN),16 MAY 2015
18:52.24,Valentin KONONEN,07 MAR 1969,FIN,1,Lapinlahti (FIN),25 JUN 1995
18:53.06,Evan DUNFEE,28 SEP 1990,CAN,1,Vancouver (CAN),05 APR 2014
18:53.19,Aliaksandr LIAKHOVICH,04 JUL 1989,BLR,1,"Dinamo National Olympic Stadium, Minsk (BLR)",01 AUG 2020
18:53.33,Ronald WEIGEL,08 AUG 1959,GDR,3,Berlin (GER),09 JUN 1984
18:53.91,Francesco FORTUNATO,13 DEC 1994,ITA,1,Modena (ITA),17 JUN 2016
18:54.27,Álvaro MARTÍN,18 JUN 1994,ESP,1,Plasencia (ESP),28 JUN 2017
18:54.39,Matej TÓTH,10 FEB 1983,SVK,1,Banská Bystrica (SVK),11 JUN 2011
18:54.47,Igor KOLLÁR,26 JUN 1965,SVK,2,Sopot (POL),14 JUN 1997
18:54.65,Adam RUTTER,24 DEC 1986,AUS,1f1,Brisbane (AUS),07 FEB 2009
18:54.69,Omar SEGURA,24 MAR 1981,MEX,2,Xalapa (MEX),11 NOV 2001
18:54.86,Yohann DINIZ,01 JAN 1978,FRA,1,Montreuil-sous-Bois (FRA),11 JUN 2009
18:54.96,Kyle SWAN,28 MAR 1999,AUS,2,"Lakeside Stadium, Melbourne (AUS)",05 MAR 2023
18:55.56,Yohann DINIZ,01 JAN 1978,FRA,1,Marseille (FRA),06 JUN 2015
18:55.60,Lebogang SHANGE,01 AUG 1990,RSA,1,Budapest (HUN),30 JUN 2017
18:55.61,Paul MCGRATH,07 MAR 2002,ESP,1,"Estadi Olímpic Camilo Cano, La Nucia (ESP)",12 JUN 2022
18:55.71,Yuta KOGA,15 JUL 1999,JPN,1,"Naruto Sports Park, Tokushima (JPN)",14 MAY 2023
18:56.02,Álvaro MARTÍN,18 JUN 1994,ESP,1,"Estadio de Atletismo del Turia, Valencia (ESP)",06 MAY 2023
18:56.67,Luke ADAMS,22 OCT 1976,AUS,2,Sydney (AUS),27 FEB 2010
18:56.70,Akihiro SUGIMOTO,20 OCT 1981,JPN,1,Tendo (JPN),16 MAY 2009
18:56.74,Robert KORZENIOWSKI,30 JUL 1968,POL,1,Grudziadz (POL),20 JUN 1998
18:56.74,Álvaro MARTÍN,18 JUN 1994,ESP,1,Plasencia (ESP),24 JUN 2015
18:56.77,Declan TINGAY,06 FEB 1999,AUS,1,"Lakeside Stadium, Melbourne (AUS)",27 FEB 2021
18:56.84,Lebogang SHANGE,01 AUG 1990,RSA,1,Cork (IRL),07 JUL 2015
18:56.96,Callum WILKINSON,14 MAR 1997,GBR,2,Birmingham (GBR),02 JUL 2017
18:57.00,Jean-Claude CORRE,14 SEP 1961,FRA,4,Villeneuve d'Ascq (FRA),02 JUL 1993
18:57.06,Evan DUNFEE,28 SEP 1990,CAN,1,Vancouver (CAN),28 MAR 2015
18:57.14,Gianluca PICCHIOTTINO,22 AUG 1996,ITA,1,Livorno (ITA),29 JUN 2019
18:57.20,Denis LANGLOIS,10 OCT 1968,FRA,5,Villeneuve d'Ascq (FRA),02 JUL 1993
18:57.23,Bertrand MOULINET,06 JAN 1987,FRA,2,Reims (FRA),28 JUN 2013
18:57.42,Kevin CAMPION,23 MAY 1988,FRA,1,Hérouville (FRA),18 JUN 2015
18:57.58,Nick A'HERN,06 JAN 1969,AUS,1,Melbourne (AUS),20 FEB 1997
18:58.19,Richard VARGAS,28 DEC 1994,VEN,2,Plasencia (ESP),24 JUN 2015
18:58.63,Alberto AMEZCUA,10 MAY 1992,ESP,2,Cork (IRL),07 JUL 2015
18:58.74,Perseus KARLSTRÖM,02 MAY 1990,SWE,3,"Lakeside Stadium, Melbourne (AUS)",05 MAR 2023
18:59.09,Denis LANGLOIS,10 OCT 1968,FRA,1,Sotteville-lès-Rouen (FRA),14 JUN 1996
18:59.17,Erik TYSSE,04 DEC 1980,NOR,1,Tønsberg (NOR),23 AUG 2013
18:59.37,Robert HEFFERNAN,28 FEB 1978,IRL,2,Gavá (ESP),30 JUN 2007
18:59.46,Kevin CAMPION,23 MAY 1988,FRA,1,Angers (FRA),26 JUN 2016
18:59.51,Hedi TERRAOUI,10 NOV 1989,TUN,3,Reims (FRA),28 JUN 2013
18:59.51,Dane BIRD-SMITH,15 JUL 1992,AUS,1,Brisbane (AUS),29 MAR 2014
18:59.83,Veli-Matti PARTANEN,28 OCT 1991,FIN,1,Lappeenranta (FIN),23 AUG 2018
19:00.15,Alex WRIGHT,19 DEC 1990,IRL,3,Cork (IRL),07 JUL 2015
19:00.73,Tom BOSWORTH,17 JAN 1990,GBR,1,Birmingham (GBR),05 JUL 2015
19:00.91,Dane BIRD-SMITH,15 JUL 1992,AUS,1,Brisbane (AUS),09 MAR 2014
19:00.92,Benjamin THORNE,19 MAR 1993,CAN,2,Vancouver (CAN),05 APR 2014
19:00.92,Benjamin THORNE,19 MAR 1993,CAN,2,Vancouver (CAN),15 APR 2014
19:01.00,Jared TALLENT,17 OCT 1984,AUS,1,Sydney (AUS),19 MAR 2011
19:01.20,Tom BOSWORTH,17 JAN 1990,GBR,1,Birmingham (GBR),01 JUL 2018
19:01.27,Mikhail ORLOV,25 JUN 1967,RUS,6,Villeneuve d'Ascq (FRA),02 JUL 1993
19:01.44,Rhydian COWLEY,04 JAN 1991,AUS,4,"Lakeside Stadium, Melbourne (AUS)",05 MAR 2023
19:01.8h,Sérgio VIEIRA,20 FEB 1976,POR,1,Rio Maior (POR),20 MAY 1999
19:01.92,Rogelio SÁNCHEZ,16 MAR 1974,MEX,3,Xalapa (MEX),11 NOV 2001
19:02.44,Valdas KAZLAUSKAS,23 FEB 1958,URS,2,Bratislava (TCH),14 JUN 1989
19:02.59,Dane BIRD-SMITH,15 JUL 1992,AUS,3f1,Sydney (AUS),18 FEB 2012
19:02.77,Andrey MAKAROV,02 JAN 1971,BLR,7,Villeneuve d'Ascq (FRA),02 JUL 1993
19:02.88,Robert KORZENIOWSKI,30 JUL 1968,POL,1,Warszawa (POL),24 JUN 2000
19:02.91,Eiki TAKAHASHI,19 NOV 1992,JPN,1,Kumagaya (JPN),21 MAY 2016
19:03.04,Gabriel BORDIER,08 OCT 1997,FRA,1,Nantes (FRA),19 MAY 2018
19:03.16,Diego GARCÍA CARRERA,19 JAN 1996,ESP,3,Plasencia (ESP),24 JUN 2015
19:03.48,Luke ADAMS,22 OCT 1976,AUS,2,Reims (FRA),30 JUN 2010
19:03.53,Inaki GOMEZ,16 JAN 1988,CAN,1,Vancouver (CAN),30 MAR 2014
19:03.94,Grzegorz SUDOŁ,28 AUG 1978,POL,1,Mielec (POL),06 JUN 2014
19:04.02,Diego GARCÍA CARRERA,19 JAN 1996,ESP,3,Gijón (ESP),25 JUL 2015
19:04.38,Robert KORZENIOWSKI,30 JUL 1968,POL,1,Formia (ITA),18 MAY 1996
19:04.52,Iván PAJUELO,27 AUG 1993,ESP,4,Plasencia (ESP),24 JUN 2015
19:04.57,Alberto AMEZCUA,10 MAY 1992,ESP,1,Pamplona (ESP),27 JUL 2019
19:04.60,Declan TINGAY,06 FEB 1999,AUS,1,"SOPAC, Sydney (AUS)",22 APR 2021
19:04.68,Benjamín SÁNCHEZ,10 MAR 1985,ESP,1,Lorca (ESP),15 FEB 2009
19:04.93,Álvaro MARTÍN,18 JUN 1994,ESP,1,Cáceres (ESP),29 JUN 2016
19:05.10,Evan DUNFEE,28 SEP 1990,CAN,2,Vancouver (CAN),30 MAR 2014
19:05.18,Kevin CAMPION,23 MAY 1988,FRA,2,Reims (FRA),04 JUL 2012
19:05.46,Hirooki ARAI,18 MAY 1988,JPN,2,Kumagaya (JPN),21 MAY 2016
19:05.73,Mikhail SHCHENNIKOV,24 DEC 1967,RUS,3,Sopot (POL),14 JUN 1997
19:05.91,Alberto AMEZCUA,10 MAY 1992,ESP,1,Torremolinos (ESP),09 JUL 2016
19:05.92,Yohann DINIZ,01 JAN 1978,FRA,1,Reims (FRA),29 APR 2018
19:05.97,Eiki TAKAHASHI,19 NOV 1992,JPN,1,Akita (JPN),20 MAY 2017
19:06.07,Grzegorz SUDOŁ,28 AUG 1978,POL,3,Reims (FRA),04 JUL 2012
19:06.39,Artur MELESHKEVICH,11 APR 1975,BLR,2,Grudziadz (POL),20 JUN 1998
19:06.68,Perseus KARLSTRÖM,02 MAY 1990,SWE,1,"Duncan Mackinnon Reserve, Murrumbeena, Melbourne (AUS)",07 MAR 2020
19:06.69,Aurélien QUINION,27 JAN 1993,FRA,1,"Stade des Maradas, Cergy-Pontoise (FRA)",07 MAY 2023
19:07.03,Iván PAJUELO,27 AUG 1993,ESP,2,Cáceres (ESP),29 JUN 2016
19:07.42,Ivan TROTSKI,27 MAY 1976,BLR,2,Warszawa (POL),08 SEP 1998
19:07.58,Takayuki TANII,14 FEB 1983,JPN,3,Kumagaya (JPN),21 MAY 2016
19:07.59,Luke ADAMS,22 OCT 1976,AUS,2,Sydney (AUS),19 MAR 2011
19:07.64,Yohann DINIZ,01 JAN 1978,FRA,1,Dijon (FRA),18 MAY 2014
19:07.64,Federico TONTODONATI,30 OCT 1989,ITA,1,"Arena Civica, Milano (ITA)",24 APR 2021
19:07.72,Ivano BRUGNETTI,01 SEP 1976,ITA,1,Milano (ITA),02 JUL 2008
19:07.91,Luke ADAMS,22 OCT 1976,AUS,2,Reims (FRA),05 JUL 2011
19:07.94,Miguel Ángel LÓPEZ,03 JUL 1988,ESP,1,Lorca (ESP),19 DEC 2021
19:08.55,Yevgeniy MISYULYA,13 MAR 1964,BLR,3,Bydgoszcz (POL),15 JUN 2001
19:08.76,Dane BIRD-SMITH,15 JUL 1992,AUS,1,Birmingham (GBR),26 JUN 2016
19:08.81,Jared TALLENT,17 OCT 1984,AUS,1,Canberra (AUS),30 JAN 2010
19:08.83,Jared TALLENT,17 OCT 1984,AUS,1,Melbourne (AUS),14 APR 2012
19:08.87,Evan DUNFEE,28 SEP 1990,CAN,4f1,Sydney (AUS),18 FEB 2012
19:08.89,Erik TYSSE,04 DEC 1980,NOR,1,Kristiansand (NOR),24 AUG 2012
19:09.02,Grzegorz SUDOŁ,28 AUG 1978,POL,1,Katowice (POL),27 MAY 2011
19:09.34,Yohann DINIZ,01 JAN 1978,FRA,1,Vénissieux (FRA),24 MAY 2015
19:09.48,Rhydian COWLEY,04 JAN 1991,AUS,2,"Lakeside Stadium, Melbourne (AUS)",27 FEB 2021
19:09.49,Matej TÓTH,10 FEB 1983,SVK,1,Vyškov (CZE),04 SEP 2010
19:09.88,Yevgeniy MISYULYA,13 MAR 1964,BLR,8,Villeneuve d'Ascq (FRA),02 JUL 1993
19:09.89,Tomohiro NODA,24 JAN 1996,JPN,3,"Prefectural Stadium, Kumagaya (JPN)",19 SEP 2020
19:09.90,Satoshi YANAGISAWA,19 JAN 1971,JPN,1,Toyama (JPN),30 SEP 1995
19:10.14,Eiki TAKAHASHI,19 NOV 1992,JPN,1,Kumagaya (JPN),19 MAY 2018
19:10.25,Takumi SAITO,23 MAR 1993,JPN,1,Tajimi (JPN),15 OCT 2016
19:10.35,Jacek MÜLLER,03 NOV 1973,POL,5,Sopot (POL),14 JUN 1997
19:10.4h,Modris LIEPIŅŠ,03 AUG 1966,LAT,1,Ventspils (LAT),16 AUG 1997
19:10.97,Adam RUTTER,24 DEC 1986,AUS,5f1,Sydney (AUS),18 FEB 2012
19:11.29,Yohann DINIZ,01 JAN 1978,FRA,1,Lille (FRA),09 JUN 2012
19:11.45,Satoshi MARUO,28 NOV 1991,JPN,4,"Prefectural Stadium, Kumagaya (JPN)",19 SEP 2020
19:11.85,Tomasz LIPIEC,10 MAY 1971,POL,4,Bydgoszcz (POL),15 JUN 2001
19:11.86,Pedro Daniel GÓMEZ,31 DEC 1990,MEX,3,Katowice (POL),02 JUL 2014
19:11.87,Ihor HLAVAN,25 SEP 1990,UKR,1,Kyiv (UKR),03 JUN 2014
19:11.94,Kai KOBAYASHI,28 FEB 1993,JPN,1,Abashiri (JPN),11 JUL 2016
19:12.12,Yohann DINIZ,01 JAN 1978,FRA,1,Reims (FRA),22 MAY 2016
19:12.20,Rhydian COWLEY,04 JAN 1991,AUS,2,"Lakeside Stadium, Melbourne (AUS)",26 FEB 2022
19:12.54,Yohann DINIZ,01 JAN 1978,FRA,1,Compiégne (FRA),04 MAY 2014
19:12.63,Mikhail SHCHENNIKOV,24 DEC 1967,RUS,2,Formia (ITA),18 MAY 1996
19:12.81,Jared TALLENT,17 OCT 1984,AUS,2f1,Brisbane (AUS),07 FEB 2009
19:13.05,Adam RUTTER,24 DEC 1986,AUS,3,Sydney (AUS),27 FEB 2010
19:13.40,Kevin CAMPION,23 MAY 1988,FRA,2,"Stade Raymond Petit, Tomblaine (FRA)",14 JUN 2016
19:13.51,Benjamín SÁNCHEZ,10 MAR 1985,ESP,1,Avilés (ESP),15 JUN 2013
19:13.56,Tom BOSWORTH,17 JAN 1990,GBR,2,Birmingham (GBR),26 JUN 2016
19:13.70,Vitaliy STETSYSHYN,31 JUL 1976,UKR,3,Grosseto (ITA),11 SEP 1996
19:13.77,Koichiro MORIOKA,02 APR 1985,JPN,2,Tendo (JPN),16 MAY 2009
19:13.92,Yohann DINIZ,01 JAN 1978,FRA,1,Reims (FRA),01 MAY 2011
19:14.00,Robert HEFFERNAN,28 FEB 1978,IRL,4,Cork (IRL),07 JUL 2015
19:14.05,Pyotr TROFIMOV,18 DEC 1983,RUS,4,Reims (FRA),28 JUN 2013
19:14.53,Dane BIRD-SMITH,15 JUL 1992,AUS,1,Birmingham (GBR),29 JUN 2014
19:14.78,Dominik ČERNÝ,01 NOV 1997,SVK,1,"Atletický štadión TU, Košice (SVK)",08 MAY 2023
19:15.08,Álvaro MARTÍN,18 JUN 1994,ESP,1,Cáceres (ESP),02 JUL 2014
19:15.09,Miguel Ángel LÓPEZ,03 JUL 1988,ESP,1,Murcia (ESP),06 JUN 2018
19:15.33,Erik TYSSE,04 DEC 1980,NOR,1,Askoy (NOR),29 JUL 2016
19:15.48,Jean-Olivier BROSSEAU,23 JUN 1967,FRA,9,Villeneuve d'Ascq (FRA),02 JUL 1993
19:15.48,Grzegorz SUDOŁ,28 AUG 1978,POL,1,Katowice (POL),15 MAY 2009
19:15.94,Kirill FROLOV,29 SEP 1993,RUS,1,Moskva (RUS),18 JUL 2016
19:16.14,Grzegorz SUDOŁ,28 AUG 1978,POL,1,Kraków (POL),05 SEP 2009
19:16.16,Oleg TROSHIN,01 AUG 1964,RUS,10,Villeneuve d'Ascq (FRA),02 JUL 1993
19:16.5h,Erling ANDERSEN,22 SEP 1960,NOR,1,Bergen (NOR),23 SEP 1982
19:16.57,Iván PAJUELO,27 AUG 1993,ESP,2,Murcia (ESP),26 JUN 2016
19:16.82,Tom BOSWORTH,17 JAN 1990,GBR,2,Birmingham (GBR),29 JUN 2014
19:16.93,Dawid TOMALA,27 AUG 1989,POL,1,Gdansk (POL),01 JUN 2013
19:16.98,Grzegorz SUDOŁ,28 AUG 1978,POL,3,Reims (FRA),30 JUN 2010
19:17.41,Callum WILKINSON,14 MAR 1997,GBR,2,Birmingham (GBR),01 JUL 2018
19:17.49,Antonin BOYEZ,09 NOV 1984,FRA,4,Reims (FRA),04 JUL 2012
19:17.67,Álvaro MARTÍN,18 JUN 1994,ESP,1,Soria (ESP),15 JUN 2019
19:17.77,Álvaro MARTÍN,18 JUN 1994,ESP,1,Zaragoza (ESP),13 JUN 2015
19:17.78,Viktor SHUMIK,21 MAY 1998,UKR,1,Kropyvnytskiy (UKR),25 JUN 2018
19:17.82,Dawid TOMALA,27 AUG 1989,POL,1,Gdansk (POL),26 MAY 2012
19:17.85,Daisuke MATSUNAGA,24 MAR 1995,JPN,2,Kumagaya (JPN),19 MAY 2018
19:18.1h,Quentin REW,16 JUL 1984,NZL,1,Melbourne (AUS),06 DEC 2014
19:18.19,Hirooki ARAI,18 MAY 1988,JPN,2,Kumagaya (JPN),16 MAY 2015
19:18.27,Isamu FUJISAWA,12 OCT 1987,JPN,1,Fukushima (JPN),17 MAY 2014
19:18.32,Álvaro MARTÍN,18 JUN 1994,ESP,1,Plasencia (ESP),27 JUN 2018
19:18.33,Matteo GIUPPONI,08 OCT 1988,ITA,1,"Campo XXV Aprile, Milano (ITA)",22 APR 2016
19:18.35,Marc TUR,30 NOV 1994,ESP,2,Cáceres (ESP),02 JUL 2014
19:18.68,Dane BIRD-SMITH,15 JUL 1992,AUS,1,Brisbane (AUS),28 MAR 2013
19:19.02,Rafał FEDACZYŃSKI,03 DEC 1980,POL,1,Kraków (POL),10 SEP 2011
19:19.07,Erik TYSSE,04 DEC 1980,NOR,1,Haugesund (NOR),31 JUL 2015
19:19.10,Takuya YOSHIDA,10 AUG 1990,JPN,1,Morioka (JPN),20 OCT 2012
19:19.44,Inaki GOMEZ,16 JAN 1988,CAN,1,Vancouver (CAN),26 MAR 2011
19:19.63,Roman YEVSTIFEYEV,19 SEP 1992,RUS,2,Moskva (RUS),18 JUL 2016
19:19.79,Håvard HAUKENES,22 APR 1990,NOR,2,Askoy (NOR),29 JUL 2016
19:19.80,Álvaro MARTÍN,18 JUN 1994,ESP,1,Ciudad Real (ESP),17 JUN 2017
19:19.98,Matej TÓTH,10 FEB 1983,SVK,1,Bratislava (SVK),09 MAY 2015
19:20.0h,Jefferson PÉREZ,01 JUL 1974,ECU,1,Bergen (NOR),09 MAY 1998
19:20.10,Hirooki ARAI,18 MAY 1988,JPN,2,Fukushima (JPN),17 MAY 2014
19:20.14,Miguel Ángel LÓPEZ,03 JUL 1988,ESP,1,Lorca (ESP),15 FEB 2020
19:20.28,Tim FRASER,22 FEB 2000,AUS,1,"SA Athletic Stadium, Adelaide (AUS)",03 MAR 2023
19:20.31,Kevin CAMPION,23 MAY 1988,FRA,1,Amiens (FRA),21 JUN 2014
19:20.34,Anton KUČMÍN,07 JUN 1984,SVK,2,Banská Bystrica (SVK),11 JUN 2011
19:20.6h,Aleksey KRONIN,23 OCT 1970,RUS,3,Moskva (RUS),23 JAN 1997
19:20.87,Brent VALLANCE,30 APR 1972,AUS,1,Sydney (AUS),18 FEB 2000
19:21.08,Masatora KAWANO,23 OCT 1998,JPN,2,"Honjo Athletic Stadium, Kitakyushu (JPN)",21 MAY 2022
19:21.14,Bernardo SEGURA,11 FEB 1970,MEX,2,Xalapa (MEX),29 JUN 2002
19:21.26,Scott NELSON,10 OCT 1969,NZL,1,Christchurch (NZL),07 MAR 1997
19:21.59,Dane BIRD-SMITH,15 JUL 1992,AUS,1,Brisbane (AUS),26 JAN 2013
19:21.63,José Ignacio DÍAZ,22 NOV 1979,ESP,1,Zaragoza (ESP),09 JUL 2005
19:21.67,Gabriel BORDIER,08 OCT 1997,FRA,1,"Stade Municipal, Mayenne (FRA)",19 JUN 2022
19:21.81,Bertrand MOULINET,06 JAN 1987,FRA,1,Amiens (FRA),30 JUN 2012
19:22.01,Rafał FEDACZYŃSKI,03 DEC 1980,POL,2,Mielec (POL),06 JUN 2014
19:22.03,Hassanine SEBEI,21 JAN 1984,TUN,4,Reims (FRA),30 JUN 2010
19:22.27,Jacek MÜLLER,03 NOV 1973,POL,3,Grudziadz (POL),20 JUN 1998
19:22.58,Grzegorz SUDOŁ,28 AUG 1978,POL,2,Reims (FRA),14 JUL 2009
19:22.64,Leonardo DEI TOS,27 APR 1992,ITA,2,"Campo XXV Aprile, Milano (ITA)",22 APR 2016
19:23.03,Bertrand MOULINET,06 JAN 1987,FRA,2,Compiégne (FRA),08 MAY 2011
19:23.03,Bertrand MOULINET,06 JAN 1987,FRA,1,Bondoufle (FRA),22 MAY 2011
19:23.30,Nick CHRISTIE,29 SEP 1991,USA,1,"Franklin Field, Philadelphia, PA (USA)",28 APR 2022
19:23.53,Mariusz ORNOCH,10 NOV 1969,POL,6,Sopot (POL),14 JUN 1997
19:23.72,Chris ERICKSON,01 DEC 1981,AUS,1,Melbourne (AUS),01 MAR 2015
19:23.77,Evan DUNFEE,28 SEP 1990,CAN,1,Coquitlam (CAN),12 JUN 2011
19:23.78,Gianluca PICCHIOTTINO,22 AUG 1996,ITA,1,Livorno (ITA),14 JUL 2018
19:23.80,Matej TÓTH,10 FEB 1983,SVK,1,Banská Bystrica (SVK),07 MAY 2005
19:24.00,Kai KOBAYASHI,28 FEB 1993,JPN,3,Kitami (JPN),12 JUL 2015
19:24.08,Erik TYSSE,04 DEC 1980,NOR,1,Jessheim (NOR),22 AUG 2014
19:24.13,Diego GARCÍA CARRERA,19 JAN 1996,ESP,3,Cáceres (ESP),02 JUL 2014
19:24.13,Koki IKEDA,03 MAY 1998,JPN,3,Abashiri (JPN),04 JUL 2018
19:24.18,Richard VARGAS,28 DEC 1994,VEN,1,Barquisimeto (VEN),26 APR 2014
19:24.51,Jamie COSTIN,01 JUN 1977,IRL,5,Reims (FRA),30 JUN 2010
19:24.57,Łukasz NOWAK,18 DEC 1988,POL,2,Katowice (POL),27 MAY 2011
19:24.85,Chris ERICKSON,01 DEC 1981,AUS,1,Canberra (AUS),18 NOV 2011
19:24.87,Yohann DINIZ,01 JAN 1978,FRA,5,Reims (FRA),28 JUN 2013
19:24.91,Marc TUR,30 NOV 1994,ESP,5,Plasencia (ESP),24 JUN 2015
19:25.18,Benjamin KUCIŃSKI,01 JUN 1982,POL,3,Poznan (POL),15 SEP 2001
19:25.21,Dane BIRD-SMITH,15 JUL 1992,AUS,1,Sydney (AUS),13 APR 2013
19:25.25,Nathan DEAKES,17 AUG 1977,AUS,4,Sydney (AUS),27 FEB 2010
19:25.44,Pavel ANDRIYENKO,30 JUL 1974,UKR,4,Grosseto (ITA),11 SEP 1996
19:25.51,Alex WRIGHT,19 DEC 1990,IRL,1,Dublin (IRL),27 MAY 2018
19:25.62,Tom BOSWORTH,17 JAN 1990,GBR,1,"Sportcity Regional Arena, Manchester (GBR)",27 JUN 2021
19:25.69,Álvaro MARTÍN,18 JUN 1994,ESP,1,Alcorcón (ESP),12 JUL 2014
19:25.86,Álvaro MARTÍN,18 JUN 1994,ESP,2,Avilés (ESP),15 JUN 2013
19:25.92,Oleh SVYSTUN,15 SEP 1997,UKR,1,"Avangard Stadium, Lutsk (UKR)",15 AUG 2020
19:25.94,Callum WILKINSON,14 MAR 1997,GBR,1,"Sportcity Regional Arena, Manchester (GBR)",05 SEP 2020
19:26.00,Serhiy BUDZA,06 DEC 1984,UKR,2,Kropyvnytskiy (UKR),25 JUN 2018
19:26.00,Hiroto JUSHO,11 JAN 2000,JPN,4,"Juntendo University Stadium, Inzai (JPN)",25 OCT 2020
19:26.08,Mikita KALIADA,15 JUL 2000,BLR,2,"Dinamo National Olympic Stadium, Minsk (BLR)",01 AUG 2020
19:26.12,Sylvain CAUDRON,10 SEP 1969,FRA,2,Bugeat (FRA),01 JUN 1997
19:26.55,Rafał AUGUSTYN,14 MAY 1984,POL,2,Kraków (POL),10 SEP 2011
19:26.64,Adam RUTTER,24 DEC 1986,AUS,3,Brisbane (AUS),02 FEB 2008
19:26.67,Kevin CAMPION,23 MAY 1988,FRA,1,Amiens (FRA),27 JUN 2015
19:26.76,Chris ERICKSON,01 DEC 1981,AUS,6f1,Sydney (AUS),18 FEB 2012
19:26.76,Rhydian COWLEY,04 JAN 1991,AUS,2,"Albert Park, Melbourne (AUS)",05 MAR 2016
19:26.8h,Perseus KARLSTRÖM,02 MAY 1990,SWE,1,Melbourne (AUS),10 DEC 2017
19:26.86,Federico TONTODONATI,30 OCT 1989,ITA,1,"Campo Sportivo Paolo Rava, Chivasso (ITA)",10 SEP 2017
19:26.87,Aleksandr YARGUNKIN,06 JAN 1981,RUS,2,Reims (FRA),08 JUL 2008
19:26.97,Ilya MARKOV,19 JUN 1972,RUS,1,Zamość (POL),06 SEP 2008
19:26.97,Will THOMPSON,18 NOV 2002,AUS,3,"Lakeside Stadium, Melbourne (AUS)",26 FEB 2022
19:27.06,Kevin CAMPION,23 MAY 1988,FRA,1,Moulins (FRA),22 MAY 2016
19:27.10,Tomohiro NODA,24 JAN 1996,JPN,4,Abashiri (JPN),04 JUL 2018
19:27.14,Alberto AMEZCUA,10 MAY 1992,ESP,1,Granada (ESP),09 MAR 2019
19:27.30,Hichem MEDJBER,10 FEB 1982,ALG,1,Biskra (ALG),17 MAR 2012
19:27.35,Matej TÓTH,10 FEB 1983,SVK,1,Jablonec nad Nisou (CZE),29 AUG 2009
19:27.39,Alex WRIGHT,19 DEC 1990,GBR,1,Birmingham (GBR),14 JUL 2013
19:27.56,Hatem GHOULA,07 JUN 1973,TUN,2,Montreuil-sous-Bois (FRA),11 JUN 2009
19:27.63,Adam RUTTER,24 DEC 1986,AUS,3,Sydney (AUS),28 FEB 2009
19:27.64,Tomasz LIPIEC,10 MAY 1971,POL,2,Warszawa (POL),24 JUN 2000
19:27.8h,Fanis SHAYKHUTDINOV,27 MAY 1969,RUS,4,Moskva (RUS),23 JAN 1997
19:27.84,Scott NELSON,10 OCT 1969,NZL,2,Melbourne (AUS),20 FEB 1997
19:27.98,Marc TUR,30 NOV 1994,ESP,2,Alcorcón (ESP),12 JUL 2014
19:28.03,Luke ADAMS,22 OCT 1976,AUS,3f1,Brisbane (AUS),07 FEB 2009
19:28.20,Leonardo DEI TOS,27 APR 1992,ITA,1,Trento (ITA),26 JUL 2016
19:28.54,Kevin CAMPION,23 MAY 1988,FRA,1,Valence (FRA),20 MAY 2012
19:28.56,Erik KALINA,25 SEP 1975,SVK,2,Banská Bystrica (SVK),30 AUG 1998
19:28.59,Matej TÓTH,10 FEB 1983,SVK,1,"Atletický štadión TU, Košice (SVK)",15 SEP 2020
19:28.65,Grzegorz SUDOŁ,28 AUG 1978,POL,1,Kraków (POL),04 SEP 2010
19:28.66,Tim SEAMAN,14 MAY 1972,USA,,"La Jolla, CA (USA)",07 JUN 2003
19:28.66,Isamu FUJISAWA,12 OCT 1987,JPN,1,Kushiro (JPN),10 JUL 2010
19:28.67,Dane BIRD-SMITH,15 JUL 1992,AUS,1,Sydney (AUS),09 MAR 2013
19:28.75,Sergey SHARYPOV,14 APR 1992,RUS,3,Moskva (RUS),18 JUL 2016
19:28.86,Jakub JELONEK,07 JUL 1985,POL,3,Katowice (POL),27 MAY 2011
19:28.9h,Mikel ODRIOZOLA,25 MAY 1973,ESP,1,L’Hospitalet-près-l’Andorre (FRA),13 MAY 2000
19:28.99,Satoshi YANAGISAWA,19 JAN 1971,JPN,1,Utsunomiya (JPN),15 MAY 2004
19:29.16,Łukasz NOWAK,18 DEC 1988,POL,1,Gdansk (POL),14 JUN 2014
19:29.20,Aurélien QUINION,27 JAN 1993,FRA,1,"Stade de Montbauron, Versailles (FRA)",08 MAY 2022
19:29.40,Nazar KOVALENKO,09 FEB 1987,UKR,2,"Avangard Stadium, Lutsk (UKR)",15 AUG 2020
19:29.51,Andriy KOVENKO,25 NOV 1973,UKR,1,Palafrugell (ESP),30 MAY 2009
19:29.65,Álvaro MARTÍN,18 JUN 1994,ESP,1,Azuaga (ESP),07 DEC 2019
19:29.66,Yohann DINIZ,01 JAN 1978,FRA,1,Troyes (FRA),05 MAY 2019
19:29.84,Andrew JACHNO,13 APR 1962,AUS,1,Melbourne (AUS),31 MAR 1990
19:29.87,Tom BOSWORTH,17 JAN 1990,GBR,1,Birmingham (GBR),31 JUL 2011
19:29.90,Hassanine SEBEI,21 JAN 1984,TUN,1,Radés (TUN),09 JUN 2012
19:29.94,Chris BRITZ,13 JAN 1963,RSA,2,Pietersburg (RSA),27 MAR 1997
19:29.98,Joni HAVA,14 JUN 1999,FIN,1,"Kuopio-halli, Kuopio (FIN)",19 FEB 2022
19:30.0h,Róbert VALÍČEK,10 MAR 1969,SVK,1,Banská Bystrica (SVK),07 SEP 1997
19:30.01,Antonin BOYEZ,09 NOV 1984,FRA,6,Reims (FRA),28 JUN 2013
19:30.15,Rui ZHANG,12 JAN 1989,CHN,1,Yantai (CHN),11 OCT 2006
19:30.28,Adrian BLOCKI,11 APR 1990,POL,2,Gdansk (POL),14 JUN 2014
19:30.4h,David MÁRQUEZ,13 OCT 1977,ESP,2,L’Hospitalet-près-l’Andorre (FRA),13 MAY 2000
19:30.45,Akihiro SUGIMOTO,20 OCT 1981,JPN,1,Kumagaya (JPN),15 MAY 2010
19:30.57,Rhydian COWLEY,04 JAN 1991,AUS,1,Brisbane (AUS),09 FEB 2013
19:30.58,Rafał FEDACZYŃSKI,03 DEC 1980,POL,2,Gdansk (POL),26 MAY 2012
19:30.6h,João VIEIRA,20 FEB 1976,POR,1,Lisboa (POR),14 JAN 2012
19:30.64,Grzegorz SUDOŁ,28 AUG 1978,POL,1,Kraków (POL),08 SEP 2012
19:30.65,Toshihito FUJINOHARA,19 SEP 1975,JPN,2,Utsunomiya (JPN),15 MAY 2004
19:30.72,Arturo DI MEZZA,16 JUL 1969,ITA,5,Grosseto (ITA),11 SEP 1996
19:30.72,Yuuki MURAO,09 AUG 1998,JPN,5,"Juntendo University Stadium, Inzai (JPN)",25 OCT 2020
19:30.73,Yohann DINIZ,01 JAN 1978,FRA,1,"Tomblaine, Nancy (FRA)",06 MAY 2018
19:30.75,Alberto AMEZCUA,10 MAY 1992,ESP,1,Málaga (ESP),24 JUN 2017
19:30.76,Satoshi MARUO,28 NOV 1991,JPN,4,Kitami (JPN),12 JUL 2015
19:30.79,Salih KORKMAZ,01 JAN 1997,TUR,1,Bursa (TUR),29 AUG 2020
19:30.80,Jakub JELONEK,07 JUL 1985,POL,2,Kraków (POL),08 SEP 2012
19:30.86,Rafał AUGUSTYN,14 MAY 1984,POL,3,Mielec (POL),06 JUN 2014
19:31.04,Giovanni DE BENEDICTIS,08 JAN 1968,ITA,1,Ravenna (ITA),27 JUN 1987
19:31.07,Miroslav ÚRADNÍK,24 MAR 1996,SVK,1,Banská Bystrica (SVK),15 SEP 2022
19:31.11,Yuki YAMAZAKI,16 JAN 1984,JPN,1,Sapporo (JPN),06 JUN 2009
19:31.14,Álvaro MARTÍN,18 JUN 1994,ESP,1,Villafranca de los Barros (ESP),14 MAY 2022
19:31.24,Marius ŽIŪKAS,29 JUN 1985,LTU,1,Alytus (LTU),20 SEP 2014
19:31.24,Michael HOSKING,16 OCT 1985,AUS,3,"Albert Park, Melbourne (AUS)",05 MAR 2016
19:31.28,Joni HAVA,14 JUN 1999,FIN,1,"Kuparivuoren urheilukenttä, Naantali (FIN)",17 JUL 2022
19:31.55,Evan DUNFEE,28 SEP 1990,CAN,1,Burnaby (CAN),17 JUN 2016
19:31.63,Dawid TOMALA,27 AUG 1989,POL,1,Sosnowiec (POL),24 MAY 2014
19:31.78,Pyotr TROFIMOV,18 DEC 1983,RUS,2,Marseille (FRA),06 JUN 2015
19:31.81,Bertrand MOULINET,06 JAN 1987,FRA,6,Reims (FRA),30 JUN 2010
19:31.97,Pascal SERVANTY,26 MAY 1966,FRA,1,Vittel (FRA),02 SEP 2000
19:32.14,Mohamed AMEUR,01 NOV 1984,ALG,2,Biskra (ALG),17 MAR 2012
19:32.37,Diego GARCÍA CARRERA,19 JAN 1996,ESP,3,Alcorcón (ESP),12 JUL 2014
19:32.4h,José Alejandro CAMBIL,26 JAN 1975,ESP,1,Valencia (ESP),13 MAY 2000
19:32.60,Mateusz NOWAK,06 MAY 1996,POL,1,"Golęcin Stadion, Poznan (POL)",04 JUN 2023
19:32.66,Rhydian COWLEY,04 JAN 1991,AUS,1,Melbourne (AUS),01 MAR 2013
19:32.68,Eduard ZABUZHENKO,18 APR 1998,UKR,3,Kropyvnytskiy (UKR),25 JUN 2018
19:32.80,Alberto AMEZCUA,10 MAY 1992,ESP,1,Granollers (ESP),14 JUL 2018
19:32.89,Federico TONTODONATI,30 OCT 1989,ITA,1,Milano (ITA),24 MAY 2014
19:33.1h,Perseus KARLSTRÖM,02 MAY 1990,SWE,1,Melbourne (AUS),26 NOV 2017
19:33.3h,Jesús Ángel GARCÍA,17 OCT 1969,ESP,1,Getafe (ESP),10 JUL 2001
19:33.38,Álvaro MARTÍN,18 JUN 1994,ESP,1,Alcobendas (ESP),18 JUN 2016
19:33.69,Kazuki TAKAHASHI,17 JUN 1996,JPN,5,"Prefectural Stadium, Kumagaya (JPN)",19 SEP 2020
19:33.72,Dane BIRD-SMITH,15 JUL 1992,AUS,1,Gold Coast (AUS),04 JAN 2014
19:33.80,Rafał AUGUSTYN,14 MAY 1984,POL,2,Katowice (POL),15 MAY 2009
19:33.91,Dawid TOMALA,27 AUG 1989,POL,4,Katowice (POL),27 MAY 2011
19:33.95,Chris ERICKSON,01 DEC 1981,AUS,1,Melbourne (AUS),18 FEB 2010
19:34.15,Roman MAGDZIARCZYK,05 JUL 1977,POL,3,Warszawa (POL),24 JUN 2000
19:34.58,Cedric HOUSSAYE,13 DEC 1979,FRA,3,Reims (FRA),05 JUL 2011
19:34.59,Alberto AMEZCUA,10 MAY 1992,ESP,1,Nerja (ESP),13 JUL 2019
19:34.6h,Federico TONTODONATI,30 OCT 1989,ITA,1,"Campo Scuola, Alessandria (ITA)",26 AUG 2020
19:34.68,Antonin BOYEZ,09 NOV 1984,FRA,2,Lille (FRA),09 JUN 2012
19:34.79,Craig BARRETT,16 NOV 1971,NZL,1,Auckland (NZL),27 JAN 1996
19:34.85,Iván LÓPEZ,29 MAR 1997,ESP,2,Lorca (ESP),19 DEC 2021
19:34.97,Anatoly GOMELEU,29 MAY 1996,BLR,1,"Dinamo National Olympic Stadium, Minsk (BLR)",18 AUG 2022
19:35.00,Zelin CAI,11 APR 1991,CHN,2,Fossano (ITA),13 SEP 2014
19:35.01,Viktor SHUMIK,21 MAY 1998,UKR,3,"Avangard Stadium, Lutsk (UKR)",15 AUG 2020
19:35.03,Grzegorz SUDOŁ,28 AUG 1978,POL,2,Zamość (POL),06 SEP 2008
19:35.05,Rafał FEDACZYŃSKI,03 DEC 1980,POL,5,Katowice (POL),27 MAY 2011
19:35.08,Stanisław STOSIK,26 MAR 1972,POL,4,Grudziadz (POL),20 JUN 1998
19:35.08,Benjamin KUCIŃSKI,01 JUN 1982,POL,3,Kraków (POL),03 SEP 2005
19:35.09,Benjamin THORNE,19 MAR 1993,CAN,1,Vancouver (CAN),29 MAR 2013
19:35.09,Veli-Matti PARTANEN,28 OCT 1991,FIN,1,Turku (FIN),25 JUN 2015
19:35.14,Jarkko KINNUNEN,19 JAN 1984,FIN,1,Jalasjärvi (FIN),07 JUN 2009
19:35.20,Curt CLAUSEN,09 OCT 1967,USA,1,"Los Angeles, CA (USA)",07 MAR 1999
19:35.36,Iván PAJUELO,27 AUG 1993,ESP,2,Pamplona (ESP),27 JUL 2019
19:35.40,Callum WILKINSON,14 MAR 1997,GBR,1,Tamworth (GBR),02 JUL 2016
19:35.51,Chris ERICKSON,01 DEC 1981,AUS,1,Melbourne (AUS),02 MAR 2014
19:35.55,Herve DAVAUX,22 AUG 1978,FRA,1,Blois (FRA),03 MAY 2009
19:35.57,Kazuki TAKAHASHI,17 JUN 1996,JPN,1,Kitami (JPN),17 JUL 2019
19:35.58,Isamu FUJISAWA,12 OCT 1987,JPN,6,"Prefectural Stadium, Kumagaya (JPN)",19 SEP 2020
19:35.59,Diego GARCÍA CARRERA,19 JAN 1996,ESP,2,Ciudad Real (ESP),17 JUN 2017
19:35.68,Takuya YOSHIDA,10 AUG 1990,JPN,1,Ibaraki (JPN),18 MAY 2013
19:35.69,Kevin CAMPION,23 MAY 1988,FRA,1,Vénissieux (FRA),06 MAY 2017
19:35.69,Kevin CAMPION,23 MAY 1988,FRA,1,Villefranche-sur-Saone (FRA),21 MAY 2017
19:35.70,Arturo DI MEZZA,16 JUL 1969,ITA,3,Formia (ITA),18 MAY 1996
19:35.7h,Quentin REW,16 JUL 1984,NZL,2,Melbourne (AUS),10 DEC 2017
19:35.73,Benjamin THORNE,19 MAR 1993,CAN,1,Burnaby (CAN),07 APR 2013
19:35.73,Manuel BERMÚDEZ,12 DEC 1997,ESP,2,Murcia (ESP),06 JUN 2018
19:35.75,Adam RUTTER,24 DEC 1986,AUS,3,Sydney (AUS),19 MAR 2011
19:35.75,Iván LÓPEZ,29 MAR 1997,ESP,2,Lorca (ESP),15 FEB 2020
19:35.76,Antonin BOYEZ,09 NOV 1984,FRA,2,Villeneuve d'Ascq (FRA),27 JUN 2008
19:35.79,Yuki YAMAZAKI,16 JAN 1984,JPN,1,Toyama (JPN),23 SEP 2001
19:35.82,Máté HELEBRANDT,12 JAN 1989,HUN,1,Budapest (HUN),22 JUL 2016
19:35.90,Maher BEN HLIMA,24 JUL 1989,TUN,1,"Stadion Zygmunta Szelesta, Warszawa (POL)",13 MAY 2023
19:35.97,Anatoly GOMELEU,29 MAY 1996,BLR,3,"Dinamo National Olympic Stadium, Minsk (BLR)",01 AUG 2020
19:35.99,Håvard HAUKENES,22 APR 1990,NOR,1,Sandnes (NOR),25 AUG 2017
19:36.28,Rafał FEDACZYŃSKI,03 DEC 1980,POL,4,Katowice (POL),02 JUL 2014
19:36.30,Adam RUTTER,24 DEC 1986,AUS,3,Melbourne (AUS),09 MAR 2006
19:36.39,Marc TUR,30 NOV 1994,ESP,2,Alcobendas (ESP),18 JUN 2016
19:36.45,Marius ŽIŪKAS,29 JUN 1985,LTU,1,"Palangos Stadionas, Palanga (LTU)",29 MAY 2021
19:36.61,Evan DUNFEE,28 SEP 1990,CAN,1,Canberra (AUS),28 JAN 2018
19:36.64,Francisco José PINARDO,15 MAR 1975,ESP,2,Getafe (ESP),12 JUL 2002
19:36.78,Takayuki TANII,14 FEB 1983,JPN,1,Amagasaki (JPN),19 MAY 2013
19:36.80,Iván LÓPEZ,29 MAR 1997,ESP,1,Murcia (ESP),30 JAN 2021
19:36.84,Dion RUSSELL,08 MAY 1975,AUS,3,Hobart (AUS),16 FEB 1997
19:37.07,Máté HELEBRANDT,12 JAN 1989,HUN,1,"Bregyó Athletic Center, Székesfehérvár (HUN)",11 SEP 2021
19:37.22,Kevin CAMPION,23 MAY 1988,FRA,1,La Roche-sur-Yon (FRA),12 JUL 2019
19:37.34,Aliaksandr LIAKHOVICH,04 JUL 1989,BLR,2,"Dinamo National Olympic Stadium, Minsk (BLR)",18 AUG 2022
19:37.34,Paul MCGRATH,07 MAR 2002,ESP,1,"Estadio Vallehermoso, Madrid (ESP)",10 JUN 2023
19:37.35,Herve DAVAUX,22 AUG 1978,FRA,1,Saran (FRA),24 JUN 2010
19:37.71,Vitaliy GORDEY,11 JUL 1973,BLR,5,Grudziadz (POL),20 JUN 1998
19:37.77,Sergio SPAGNULIO,07 OCT 1962,ITA,1,Ferrara (ITA),18 JUN 1998
19:37.84,Robert HEFFERNAN,28 FEB 1978,IRL,3,Villeneuve d'Ascq (FRA),08 JUN 2007
19:37.85,Jerry JOKINEN,18 MAR 2002,FIN,2,"Kuparivuoren urheilukenttä, Naantali (FIN)",17 JUL 2022
19:37.89,Benjamin KUCIŃSKI,01 JUN 1982,POL,2,Villeneuve d'Ascq (FRA),30 JUN 2009
19:37.93,Hassanine SEBEI,21 JAN 1984,TUN,1,Villeneuve d'Ascq (FRA),22 MAY 2016
19:37.96,Robert HEFFERNAN,28 FEB 1978,IRL,3,Murcia (ESP),26 JUN 2016
19:38.03,Rafał SIKORA,17 FEB 1987,POL,6,Katowice (POL),27 MAY 2011
19:38.07,Jamie COSTIN,01 JUN 1977,IRL,3,Reims (FRA),14 JUL 2009
19:38.09,Alex SCHWAZER,26 NOV 1984,ITA,2,Milano (ITA),02 JUL 2008
19:38.19,Grzegorz SUDOŁ,28 AUG 1978,POL,1,Rzeszów (POL),26 APR 2008
19:38.19,Gabriel BORDIER,08 OCT 1997,FRA,1,Albi (FRA),07 JUL 2018
19:38.20,José Antonio GONZÁLEZ,15 JUN 1979,ESP,1,Gavá (ESP),12 JUN 2005
19:38.22,Troy SUNDSTROM,30 APR 1981,AUS,1,Sydney (AUS),19 FEB 2000
19:38.37,Aleksi OJALA,09 DEC 1992,FIN,1,"Leppävaaran Stadion, Espoo (FIN)",05 AUG 2020
19:38.39,Matej TÓTH,10 FEB 1983,SVK,1,Banská Bystrica (SVK),11 MAY 2013
19:38.41,Yohann DINIZ,01 JAN 1978,FRA,1,Reims (FRA),22 MAY 2011
19:38.5h,Giorgio RUBINO,15 APR 1986,ITA,1,Matera (ITA),07 SEP 2006
19:38.60,João VIEIRA,20 FEB 1976,POR,1,Leiria (POR),27 JUL 2019
19:38.62,Tom BOSWORTH,17 JAN 1990,GBR,2,Birmingham (GBR),14 JUL 2013
19:38.73,Marius SAVELSKIS,30 JUL 1994,LTU,1,Kaunas (LTU),16 MAY 2015
19:38.77,Máté HELEBRANDT,12 JAN 1989,HUN,1,Budapest (HUN),14 JUN 2014
19:38.81,Declan TINGAY,06 FEB 1999,AUS,2,Canberra (AUS),28 JAN 2018
19:38.93,Rafał DYŚ,14 JAN 1982,POL,2,Czestochowa (POL),25 MAY 2002
19:38.98,Federico TONTODONATI,30 OCT 1989,ITA,1,"Stadio San Cassiano, Alba (ITA)",04 SEP 2020
19:39.05,Ivan BANZERUK,09 FEB 1990,UKR,2,Kyiv (UKR),03 JUN 2014
19:39.13,Federico TONTODONATI,30 OCT 1989,ITA,1,Agropoli (ITA),23 SEP 2017
19:39.19,Iván PAJUELO,27 AUG 1993,ESP,2,Plasencia (ESP),27 JUN 2018
19:39.26,Yanjun CAO,,CHN,1,Zhengzhou (CHN),28 AUG 2005
19:39.3h,Māris PUTENIS,20 JUN 1982,LAT,1,Riga (LAT),04 JUL 2000
19:39.36,Miroslav ÚRADNÍK,24 MAR 1996,SVK,1,"Atletický štadión TU, Košice (SVK)",25 JUL 2020
19:39.4h,Peter TICHÝ,12 MAR 1969,SVK,2,Banská Bystrica (SVK),07 SEP 1997
19:39.5h,José Alejandro DOMÍNGUEZ,29 JUL 1980,ESP,2,Sanlúcar de Barrameda (ESP),15 JUN 2002
19:39.53,Bertrand MOULINET,06 JAN 1987,FRA,1,Amiens (FRA),22 JUN 2013
19:39.66,Ivan BANZERUK,09 FEB 1990,UKR,4,"Avangard Stadium, Lutsk (UKR)",15 AUG 2020
19:39.69,Chris ERICKSON,01 DEC 1981,AUS,4,Sydney (AUS),28 FEB 2009
19:39.74,Álvaro MARTÍN,18 JUN 1994,ESP,1,Ciudad Real (ESP),19 SEP 2020
19:39.75,Kai KOBAYASHI,28 FEB 1993,JPN,7,"Prefectural Stadium, Kumagaya (JPN)",19 SEP 2020
19:39.85,Koichiro MORIOKA,02 APR 1985,JPN,2,Sapporo (JPN),06 JUN 2009
19:39.90,Claudio Erasmo VARGAS,09 DEC 1974,MEX,3,Xalapa (MEX),29 JUN 2002
19:40.04,Manuel BERMÚDEZ,12 DEC 1997,ESP,4,Murcia (ESP),26 JUN 2016
19:40.1h,Trond NYMARK,28 DEC 1976,NOR,1,Bergen (NOR),24 SEP 2008
19:40.11,Jean BLANCHETEAU,07 JAN 1996,FRA,3,"Stade Raymond Petit, Tomblaine (FRA)",14 JUN 2016
19:40.25,Gabriel BORDIER,08 OCT 1997,FRA,1,La Pommeraye (FRA),04 MAY 2019
19:40.42,Rafał FEDACZYŃSKI,03 DEC 1980,POL,3,Gdansk (POL),14 JUN 2014
19:40.48,Toshikazu YAMANISHI,15 FEB 1996,JPN,1,Tokyo (JPN),10 OCT 2015
19:40.48,Oleh SVYSTUN,15 SEP 1997,UKR,4,Kropyvnytskiy (UKR),25 JUN 2018
19:40.65,José David DOMÍNGUEZ,29 JUL 1980,ESP,2,Zaragoza (ESP),09 JUL 2005
19:40.71,Alex WRIGHT,19 DEC 1990,IRL,1,Cork (IRL),15 JUN 2014
19:40.72,Augusto CARDOSO,13 DEC 1970,POR,1,Coimbra (POR),26 JUN 1999
19:40.92,Alberto AMEZCUA,10 MAY 1992,ESP,1,Granada (ESP),13 APR 2019
19:40.94,Cedric HOUSSAYE,13 DEC 1979,FRA,3,Villeneuve d'Ascq (FRA),27 JUN 2008
19:40.96,Omar SEGURA,24 MAR 1981,MEX,5,Katowice (POL),02 JUL 2014
19:40.98,Alberto AMEZCUA,10 MAY 1992,ESP,4,Alcorcón (ESP),12 JUL 2014
19:40.98,Yuki KURUMISAWA,11 DEC 1995,JPN,1,Kumagaya (JPN),05 JUN 2015
19:41.0h,Quentin REW,16 JUL 1984,NZL,1,Melbourne (AUS),22 NOV 2015
19:41.13,Michele ANTONELLI,23 MAY 1994,ITA,1,"Stadio Gino Salveti, Cassino (ITA)",21 MAY 2022
19:41.2h,Santiago PÉREZ,15 JAN 1972,ESP,2,San Sebastián (ESP),22 MAY 1999
19:41.20,Håvard HAUKENES,22 APR 1990,NOR,1,Byrkjelo (NOR),18 AUG 2018
19:41.25,Evan DUNFEE,28 SEP 1990,CAN,1,Vancouver (CAN),30 MAR 2019
19:41.36,Sérgio VIEIRA,20 FEB 1976,POR,1f1,Vagos (POR),13 JUN 2015
19:41.41,Dzmitry LUKYANCHUK,02 OCT 1997,BLR,3,"Dinamo National Olympic Stadium, Minsk (BLR)",18 AUG 2022
19:41.47,Massimo FIZIALETTI,07 FEB 1965,ITA,1.0,San Marino (SMR),04 JUL 1996
19:41.49,Antonin BOYEZ,09 NOV 1984,FRA,1.0,Troyes (FRA),05 MAY 2013
19:41.51,Diego GARCÍA CARRERA,19 JAN 1996,ESP,2.0,Soria (ESP),15 JUN 2019
19:41.53,Diego GARCÍA CARRERA,19 JAN 1996,ESP,3.0,Alcobendas (ESP),18 JUN 2016
19:41.55,Isaac PALMA,26 OCT 1990,MEX,1.0,Granollers (ESP),17 JUL 2012
19:41.64,Richard VARGAS,28 DEC 1994,VEN,3.0,Cáceres (ESP),29 JUN 2016
19:41.67,Evan DUNFEE,28 SEP 1990,CAN,2.0,Vancouver (CAN),26 MAR 2011
19:41.74,Aliaksandr LIAKHOVICH,04 JUL 1989,BLR,1.0,"Dinamo National Olympic Stadium, Minsk (BLR)",26 JUN 2021
19:41.75,Matej TÓTH,10 FEB 1983,SVK,1.0,Banská Bystrica (SVK),15 SEP 2015
19:41.82,José David DOMÍNGUEZ,29 JUL 1980,ESP,1.0,Vigo (ESP),26 JUN 2010
19:41.90,Takayuki TANII,14 FEB 1983,JPN,3.0,Sapporo (JPN),06 JUN 2009
19:41.96,Leonardo DEI TOS,27 APR 1992,ITA,1.0,Trento (ITA),24 JUL 2018
19:41.98,Chuanzhan CHEN,,CHN,2.0,Zhengzhou (CHN),28 AUG 2005
19:42.13,Daniel CHAMOSA,04 MAY 1997,ESP,1.0,"Estadio de Larrabide, Pamplona (ESP)",06 MAY 2023
19:42.14,Kevin CAMPION,23 MAY 1988,FRA,1.0,Marseille (FRA),15 JUL 2017
19:42.31,Ever Jair PALMA OLIVARES,18 MAR 1992,MEX,2.0,Granollers (ESP),17 JUL 2012
19:42.33,Yuki SASAGAWA,18 NOV 1991,JPN,1.0,Kofu (JPN),30 APR 2011
19:42.34,João VIEIRA,20 FEB 1976,POR,1.0,Lisboa (POR),08 JUN 2013
19:42.49,Hassanine SEBEI,21 JAN 1984,TUN,1.0,Aix-en-Provence (FRA),08 MAY 2016
19:42.55,Denny GALANELLO,15 SEP 1976,ITA,2.0,Ferrara (ITA),18 JUN 1998
19:42.57,Håvard HAUKENES,22 APR 1990,NOR,2.0,Haugesund (NOR),31 JUL 2015
19:42.65,Matteo GIUPPONI,08 OCT 1988,ITA,2.0,Trento (ITA),26 JUL 2016
19:42.70,Wayne SNYMAN,08 MAR 1985,RSA,1.0,Pretoria (RSA),11 JUN 2016
19:42.74,Francisco ARCILLA,14 JAN 1984,ESP,4.0,Alcobendas (ESP),18 JUN 2016
19:42.77,Kevin CAMPION,23 MAY 1988,FRA,7.0,Reims (FRA),30 JUN 2010
19:42.86,Moussa AOUANOUK,02 AUG 1972,ALG,1.0,Franconville (FRA),23 MAY 2004
19:42.91,Will THOMPSON,18 NOV 2002,AUS,5.0,"Lakeside Stadium, Melbourne (AUS)",05 MAR 2023
19:42.92,Eiichi YOSHIZAWA,05 SEP 1980,JPN,1.0,Kanazawa (JPN),17 MAY 2003
19:43.00,Luis Manuel CORCHETE,14 MAY 1984,ESP,5.0,Alcobendas (ESP),18 JUN 2016
19:43.20,Alberto AMEZCUA,10 MAY 1992,ESP,1.0,"Estadio Enrique Lopez Cuenca, Nerja (ESP)",21 NOV 2020
19:43.24,Álvaro MARTÍN,18 JUN 1994,ESP,1.0,Castellón (ESP),10 JUN 2017
19:43.24,Salih KORKMAZ,01 JAN 1997,TUR,1.0,Ankara (TUR),25 MAY 2019
19:43.28,Pyotr BOGATYREV,11 MAR 1991,RUS,4.0,Moskva (RUS),18 JUL 2016
19:43.3h,Ato IBAÑEZ,14 NOV 1985,SWE,1.0,Sala (SWE),14 MAY 2016
19:43.38,José Ignacio DÍAZ,22 NOV 1979,ESP,2.0,Vigo (ESP),26 JUN 2010
19:43.39,Damian BLOCKI,28 APR 1989,POL,,Birmingham (GBR),02 JUL 2017
19:43.40,Colin GRIFFIN,03 AUG 1982,IRL,1.0,Manchester (GBR),16 JUL 2006
19:43.42,Will THOMPSON,18 NOV 2002,AUS,3.0,"Lakeside Stadium, Melbourne (AUS)",27 FEB 2021
19:43.44,Tomohiro NODA,24 JAN 1996,JPN,3.0,Kumagaya (JPN),19 MAY 2018
19:43.49,Genadiy KOZLOVSKIY,07 JAN 1991,LTU,2.0,Alytus (LTU),20 SEP 2014
19:43.53,Rhydian COWLEY,04 JAN 1991,AUS,1.0,Melbourne (AUS),28 FEB 2016
19:43.65,Hedi TERRAOUI,10 NOV 1989,TUN,2.0,Amiens (FRA),22 JUN 2013
19:43.79,Kevin CAMPION,23 MAY 1988,FRA,1.0,Valence (FRA),07 MAY 2016
19:44.00,Rafał FEDACZYŃSKI,03 DEC 1980,POL,2.0,Gdansk (POL),01 JUN 2013
19:44.03,Cedric HOUSSAYE,13 DEC 1979,FRA,3.0,Lille (FRA),09 JUN 2012
19:44.17,Kevin CAMPION,23 MAY 1988,FRA,1.0,Vénissieux (FRA),04 MAY 2013
19:44.25,Benjamin KUCIŃSKI,01 JUN 1982,POL,2.0,Biala Podlaska (POL),29 MAY 2004
19:44.26,Cedric HOUSSAYE,13 DEC 1979,FRA,2.0,"Stade Raymond Petit, Tomblaine (FRA)",24 JUN 2011
19:44.28,Jakub JELONEK,07 JUL 1985,POL,2.0,Kraków (POL),04 SEP 2010
19:44.32,Christophe COUSIN,22 MAY 1965,FRA,11.0,Villeneuve d'Ascq (FRA),02 JUL 1993
19:44.34,Francesco FORTUNATO,13 DEC 1994,ITA,2.0,Milano (ITA),24 MAY 2014
19:44.50,Takayuki TANII,14 FEB 1983,JPN,4.0,Kumagaya (JPN),19 MAY 2018
19:44.51,Mourad MANSOURI,25 OCT 1982,ALG,3.0,Biskra (ALG),17 MAR 2012
19:44.52,Dzianis SIMANOVICH,20 APR 1987,BLR,1.0,Vitebsk (BLR),16 MAY 2009
19:44.55,Benjamin KUCIŃSKI,01 JUN 1982,POL,1.0,Kraków (POL),19 MAY 2002
19:44.55,Jakub JELONEK,07 JUL 1985,POL,3.0,Katowice (POL),15 MAY 2009
19:44.60,Dane BIRD-SMITH,15 JUL 1992,AUS,1.0,Canberra (AUS),07 FEB 2015
19:44.67,Antonin BOYEZ,09 NOV 1984,FRA,4.0,"Stade Raymond Petit, Tomblaine (FRA)",14 JUN 2016
19:44.75,Hirofumi SAKAI,10 FEB 1965,JPN,1.0,Kagoshima (JPN),06 OCT 1996
19:44.88,Hannes TONAT,07 MAR 1986,GER,1.0,Rostock (GER),28 JUN 2008
19:44.96,João VIEIRA,20 FEB 1976,POR,1.0,Braga (POR),21 JUL 2018
19:45.04,Alessandro GANDELLINI,30 APR 1973,ITA,2.0,San Marino (SMR),04 JUL 1996
19:45.19,Rafał AUGUSTYN,14 MAY 1984,POL,2.0,Kraków (POL),05 SEP 2009
19:45.21,Marius ŽIŪKAS,29 JUN 1985,LTU,1.0,Alytus (LTU),17 SEP 2010
19:45.32,Kazuhiro TATEIWA,05 NOV 1999,JPN,6.0,"Juntendo University Stadium, Inzai (JPN)",25 OCT 2020
19:45.47,Antonin BOYEZ,09 NOV 1984,FRA,2.0,Angers (FRA),26 JUN 2016
19:45.58,Dzmitry LUKYANCHUK,02 OCT 1997,BLR,4.0,"Dinamo National Olympic Stadium, Minsk (BLR)",01 AUG 2020
19:45.62,Wojciech HALMAN,10 JAN 1990,POL,1.0,Gdansk (POL),07 MAY 2011
19:45.63,Kai KOBAYASHI,28 FEB 1993,JPN,2.0,Kitami (JPN),17 JUL 2019
19:45.63,Iván PAJUELO,27 AUG 1993,ESP,1.0,Cáceres (ESP),29 JUN 2022
19:45.65,Marc TUR,30 NOV 1994,ESP,4.0,Gijón (ESP),25 JUL 2015
19:45.67,Francisco ARCILLA,14 JAN 1984,ESP,3.0,Vigo (ESP),26 JUN 2010
19:45.72,Koji TAKADA,31 DEC 1983,JPN,1.0,Matsumoto (JPN),27 MAY 2001
19:45.75,Máté HELEBRANDT,12 JAN 1989,HUN,1.0,"Gyulai István Atlétika Stadion, Debrecen (HUN)",18 SEP 2022
19:45.84,Daniel CHAMOSA,04 MAY 1997,ESP,1.0,Vigo (ESP),18 JUL 2021
19:45.89,Dane BIRD-SMITH,15 JUL 1992,AUS,1.0,Gold Coast (AUS),13 AUG 2011
19:45.91,Chao FU,17 JAN 1991,CHN,3.0,Zhengzhou (CHN),28 AUG 2005
19:46.01,Rafał SIKORA,17 FEB 1987,POL,3.0,Kraków (POL),04 SEP 2010
19:46.04,Perseus KARLSTRÖM,02 MAY 1990,SWE,1.0,Örebro (SWE),31 JAN 2015
19:46.21,Benjamin KUCIŃSKI,01 JUN 1982,POL,5.0,Bydgoszcz (POL),15 JUN 2001
19:46.23,Jesse OSBORNE,21 JAN 1995,AUS,2.0,Melbourne (AUS),02 MAR 2014
19:46.29,Tyler JONES,08 APR 1998,AUS,1.0,"SOPAC, Sydney (AUS)",19 FEB 2022
19:46.42,Benjamin THORNE,19 MAR 1993,CAN,3.0,Vancouver (CAN),30 MAR 2014
19:46.43,Katsuji SUZUKI,31 JUL 1998,JPN,3.0,Kitami (JPN),17 JUL 2019
19:46.49,Cedric HOUSSAYE,13 DEC 1979,FRA,8.0,Reims (FRA),30 JUN 2010
19:46.50,Eduard ZABUZHENKO,18 APR 1998,UKR,5.0,"Avangard Stadium, Lutsk (UKR)",15 AUG 2020
19:46.56,Hedi TERRAOUI,10 NOV 1989,TUN,1.0,Annecy (FRA),04 MAY 2014
19:46.65,José Ignácio ALEDO ROMERA,14 OCT 1979,ESP,3.0,Jerez (ESP),12 JUN 2004
19:46.7h,Siarhei CHARNOU,05 FEB 1979,BLR,1.0,Staiki (BLR),21 MAY 2006
19:46.73,Yuki YAMAZAKI,16 JAN 1984,JPN,1.0,Utsunomiya (JPN),29 MAY 2009
19:46.77,Dion RUSSELL,08 MAY 1975,AUS,3.0,Melbourne (AUS),20 FEB 1997
19:46.77,Sérgio VIEIRA,20 FEB 1976,POR,2.0,Lisboa (POR),08 JUN 2013
19:46.77,Álvaro MARTÍN,18 JUN 1994,ESP,1.0,Cáceres (ESP),26 JUN 2019
19:46.82,Bence VENYERCSÁN,08 JAN 1996,HUN,2.0,"Bregyó Athletic Center, Székesfehérvár (HUN)",11 SEP 2021
19:46.96,Veli-Matti PARTANEN,28 OCT 1991,FIN,1.0,Lappeenranta (FIN),03 JUN 2015
19:47.00,Yevgeniy DEMKOV,03 DEC 1982,RUS,1.0,"Adler, Sochi (RUS)",06 FEB 1999
19:47.0h,Juan Antonio PORRAS,19 FEB 1972,ESP,2.0,Valencia (ESP),13 MAY 2000
19:47.0h,Callum WILKINSON,14 MAR 1997,GBR,1.0,Eltham (GBR),23 MAR 2019
19:47.06,Diego GARCÍA CARRERA,19 JAN 1996,ESP,2.0,"Estadio Vallehermoso, Madrid (ESP)",10 JUN 2023
19:47.26,Miroslav ÚRADNÍK,24 MAR 1996,SVK,1.0,"Mestský atletický štadión, Trnava (SVK)",15 AUG 2020
19:47.32,Hitoshi WARITA,,JPN,2.0,Kumagaya (JPN),05 JUN 2015
19:47.37,Diego GARCÍA CARRERA,19 JAN 1996,ESP,3.0,Avilés (ESP),15 JUN 2013
19:47.42,Benjamin KUCIŃSKI,01 JUN 1982,POL,2.0,Warszawa (POL),06 SEP 2003
19:47.50,Kyle SWAN,28 MAR 1999,AUS,4.0,"Lakeside Stadium, Melbourne (AUS)",26 FEB 2022
19:47.52,Máté HELEBRANDT,12 JAN 1989,HUN,1.0,"Lantos Mihály Sportközpont, Budapest (HUN)",24 JUN 2022
19:47.54,Dzmitry DZIUBIN,12 JUL 1990,BLR,4.0,"Dinamo National Olympic Stadium, Minsk (BLR)",18 AUG 2022
19:47.65,Carl GIBBONS,19 JUN 1996,AUS,2.0,"SOPAC, Sydney (AUS)",19 FEB 2022
19:47.7h,José Manuel RODRÍGUEZ,07 NOV 1972,ESP,3.0,San Sebastián (ESP),22 MAY 1999
19:47.77,Hatem GHOULA,07 JUN 1973,TUN,1.0,Argentan (FRA),05 JUN 2011
19:47.77,Francisco ARCILLA,14 JAN 1984,ESP,4.0,Avilés (ESP),15 JUN 2013
19:47.77,Federico TONTODONATI,30 OCT 1989,ITA,1.0,Chivasso (ITA),06 JUN 2017
19:47.80,Matej TÓTH,10 FEB 1983,SVK,2.0,"Atletický štadión TU, Košice (SVK)",25 JUL 2020
19:47.89,Antonin BOYEZ,09 NOV 1984,FRA,4.0,Reims (FRA),14 JUL 2009
19:47.89,Antonin BOYEZ,09 NOV 1984,FRA,2.0,Reims (FRA),09 MAY 2010
19:47.99,Caio BONFIM,19 MAR 1991,BRA,1.0,Fortaleza (BRA),11 MAY 2011
19:48.0h,Peter BARTO,01 MAY 1975,SVK,1.0,Banská Bystrica (SVK),31 AUG 1999
19:48.0h,Nicola LOMUSCIO,03 JUN 2003,ITA,1.0,"Campo Mondelli L.Colella, Foggia (ITA)",27 MAR 2022
19:48.01,Rafał FEDACZYŃSKI,03 DEC 1980,POL,1.0,Biala Podlaska (POL),22 MAY 2010
19:48.02,Michele DIDONI,07 MAR 1974,ITA,1.0,Padova (ITA),07 JUL 1996
19:48.14,Alex WRIGHT,19 DEC 1990,GBR,1.0,Birmingham (GBR),24 JUN 2012
19:48.16,Ilya MARKOV,19 JUN 1972,RUS,1.0,Biala Podlaska (POL),02 JUN 2007
19:48.20,Reima SALONEN,19 OCT 1955,FIN,1.0,Turku (FIN),07 AUG 1976
19:48.22,Hedi TERRAOUI,10 NOV 1989,TUN,1.0,St-Etienne (FRA),05 MAY 2013
19:48.28,Andrea COSI,30 APR 2001,ITA,1.0,"Campo Communale, Modena (ITA)",01 OCT 2022
19:48.29,Manuel BERMÚDEZ,12 DEC 1997,ESP,1.0,Murcia (ESP),10 JUL 2021
19:48.31,Robert HEFFERNAN,28 FEB 1978,IRL,2.0,Amiens (FRA),21 JUN 2014
19:48.33,Mario José DOS SANTOS,09 OCT 1979,BRA,1.0,Porto Alegre (BRA),07 MAY 2006
19:48.35,José Ignacio DÍAZ,22 NOV 1979,ESP,6.0,Plasencia (ESP),24 JUN 2015
19:48.38,Hatem GHOULA,07 JUN 1973,TUN,1.0,Antony (FRA),20 MAY 2012
19:48.39,Hedi TERRAOUI,10 NOV 1989,TUN,2.0,Radés (TUN),09 JUN 2012
19:48.4h,César RODRÍGUEZ,07 OCT 1976,ESP,2.0,Vitoria (ESP),26 JUN 1999
19:48.4h,Miroslav ÚRADNÍK,24 MAR 1996,SVK,1.0,"Tréningový štadión VŠC DUKLA, Banská Bystrica (SVK)",23 APR 2021
19:48.40,Miroslav ÚRADNÍK,24 MAR 1996,SVK,1.0,"Atletický štadión TU, Košice (SVK)",15 MAY 2021
19:48.52,Kamil KALKA,27 JUL 1981,POL,2.0,Mielec (POL),14 MAY 2005
19:48.52,Emmanuel BOULAY,04 FEB 1970,FRA,3.0,Sotteville-lès-Rouen (FRA),15 JUN 2008
19:48.57,Michael MCCAGH,16 APR 1986,AUS,2.0,Geelong (AUS),17 DEC 2005
19:48.59,Aliaksandr LIAKHOVICH,04 JUL 1989,BLR,1.0,Brest (BLR),16 MAY 2015
19:48.61,Ihor SAKHARUK,03 JUN 1988,UKR,3.0,Kyiv (UKR),03 JUN 2014
19:48.67,Miguel Ángel LÓPEZ,03 JUL 1988,ESP,1.0,Barcelona (ESP),16 JUN 2012
19:48.72,Dane BIRD-SMITH,15 JUL 1992,AUS,2.0,Melbourne (AUS),14 APR 2012
19:48.84,Anton KUČMÍN,07 JUN 1984,SVK,1.0,Banská Bystrica (SVK),12 JUN 2010
19:48.9h,Allan SEGURA,23 DEC 1980,CRC,,San José (CRC),06 AUG 2006
19:49.00,Máté HELEBRANDT,12 JAN 1989,HUN,1.0,"Bregyó Athletic Center, Székesfehérvár (HUN)",07 SEP 2019
19:49.03,Rhydian COWLEY,04 JAN 1991,AUS,2.0,Sydney (AUS),09 MAR 2013
19:49.07,Kevin CAMPION,23 MAY 1988,FRA,1.0,Maromme (FRA),11 JUN 2014
19:49.07,Sergey SHIROBOKOV,11 FEB 1999,RUS,1.0,"Znamenskikh Stadion, Moskva (RUS)",08 JUL 2021
19:49.09,Adrian BLOCKI,11 APR 1990,POL,7.0,Katowice (POL),27 MAY 2011
19:49.09,Jarkko KINNUNEN,19 JAN 1984,FIN,2.0,Lappeenranta (FIN),03 JUN 2015
19:49.14,Patryk ROGOWSKI,11 APR 1989,POL,3.0,Gdansk (POL),26 MAY 2012
19:49.15,Wenlong SHI,10 JAN 1991,CHN,1.0,Yantai (CHN),13 OCT 2006
19:49.15,Evan DUNFEE,28 SEP 1990,CAN,2.0,Burnaby (CAN),07 APR 2013
19:49.17,Daniel PLAZA,03 JUL 1966,ESP,1.0,Alicante (ESP),10 APR 1999
19:49.20,Diego GARCÍA CARRERA,19 JAN 1996,ESP,2.0,Granollers (ESP),14 JUL 2018
19:49.25,Álvaro LÓPEZ,24 MAR 1999,ESP,2.0,"Estadio de Larrabide, Pamplona (ESP)",06 MAY 2023
19:49.50,Dawid TOMALA,27 AUG 1989,POL,4.0,Kraków (POL),04 SEP 2010
19:49.50,Dzmitry DZIUBIN,12 JUL 1990,BLR,5.0,"Dinamo National Olympic Stadium, Minsk (BLR)",01 AUG 2020
19:49.54,Jefferson PÉREZ,01 JUL 1974,ECU,1.0,Lima (PER),22 NOV 1990
19:49.56,Yuki ITO,12 APR 1992,JPN,3.0,Abashiri (JPN),11 JUL 2016
19:49.58,Jani LEHTINEN,23 FEB 1974,FIN,1.0,Lapinlahti (FIN),27 JUN 1993
19:49.67,Nick CHRISTIE,29 SEP 1991,USA,1.0,"Franklin Field, Philadelphia, PA (USA)",29 APR 2023
19:49.74,Hirofumi SAKAI,10 FEB 1965,JPN,1.0,Hiroshima (JPN),04 OCT 1987
19:49.79,Jesús Ángel GARCÍA,17 OCT 1969,ESP,1.0,Mataró (ESP),15 JUL 2009
19:49.86,Benjamin THORNE,19 MAR 1993,CAN,2.0,Burnaby (CAN),17 JUN 2016
