Mark,Competitor,DOB,Nat,Pos,Venue,Date
19:46,Kjersti TYSSE-PLÄTZER,18 JAN 1972,NOR,1,Hildesheim (GER),27 AUG 2006
20:08,Kjersti TYSSE-PLÄTZER,18 JAN 1972,NOR,1,Hildesheim (GER),13 SEP 2003
20:11,Gillian O'SULLIVAN,21 AUG 1976,IRL,1,Kraków (POL),14 JUN 2003
20:13,Elisabetta PERRONE,09 JUL 1968,ITA,1,Rieti (ITA),02 AUG 2003
20:13,Gillian O'SULLIVAN,21 AUG 1976,IRL,1,Santry (IRL),09 AUG 2003
20:16,Yelena NIKOLAYEVA,01 FEB 1966,RUS,2,Kraków (POL),14 JUN 2003
20:24,Yelena GINKO,30 JUL 1976,BLR,2,Hildesheim (GER),27 AUG 2006
20:25,Kerry SAXBY,02 JUN 1961,AUS,1,Hildesheim (GER),10 JUN 1989
20:29,Valentina TSYBULSKAYA,19 FEB 1968,BLR,2,Hildesheim (GER),13 SEP 2003
20:34,Kerry SAXBY,02 JUN 1961,AUS,1,Hildesheim (GER),24 SEP 1987
20:34,Yelena NIKOLAYEVA,01 FEB 1966,RUS,3,Hildesheim (GER),13 SEP 2003
20:36,Alina IVANOVA,16 MAR 1969,URS,1,L'Hospitalet (ESP),21 APR 1991
20:36,Gillian O'SULLIVAN,21 AUG 1976,IRL,1,Sligo (IRL),30 MAY 2004
20:37,Olga KARDOPOLTSEVA,11 SEP 1966,URS,2,L'Hospitalet (ESP),21 APR 1991
20:37,Claudia IOVAN,25 FEB 1978,ROU,1,L’Hospitalet-près-l’Andorre (FRA),30 MAY 1999
20:37,Susana FEITOR,28 JAN 1975,POR,1,Kraków (POL),09 JUN 2001
20:38,Vera MAKOLOVA-NACHARKINA,17 FEB 1966,URS,1,Leningrad (URS),05 AUG 1989
20:38,Melanie SEEGER,08 JAN 1977,GER,4,Hildesheim (GER),13 SEP 2003
20:38,Kjersti TYSSE-PLÄTZER,18 JAN 1972,NOR,1,Os (NOR),12 JUN 2009
20:40,Kerry SAXBY,02 JUN 1961,AUS,1,L'Hospitalet (ESP),06 MAY 1990
20:40,Elisabetta PERRONE,09 JUL 1968,ITA,3,Kraków (POL),14 JUN 2003
20:41,Olga KARDOPOLTSEVA,11 SEP 1966,URS,1,Alushta (URS),05 MAY 1990
20:42,Olga KANISKINA,19 JAN 1985,RUS,1,Saransk (RUS),10 JUN 2006
20:44,Kerry SAXBY-JUNNA,02 JUN 1961,AUS,1,L'Hospitalet (ESP),12 MAY 1992
20:44,Kjersti TYSSE-PLÄTZER,18 JAN 1972,NOR,4,Kraków (POL),14 JUN 2003
20:45,Ileana SALVADOR,16 JAN 1962,ITA,1,Duisburg (GER),29 AUG 1989
20:46,Kerry SAXBY,02 JUN 1961,AUS,1,La Coruña (ESP),12 MAY 1990
20:47,Lyudmila ARKHIPOVA,12 SEP 1980,RUS,2,Saransk (RUS),10 JUN 2006
20:48,Yelena NIKOLAYEVA,01 FEB 1966,RUS,1,L'Hospitalet (ESP),29 MAY 1994
20:48,Melanie SEEGER,08 JAN 1977,GER,5,Kraków (POL),14 JUN 2003
20:51,Tamara KOVALENKO,05 JUN 1964,RUS,1f1,Moskva (RUS),03 MAY 1998
20:52,Kerry SAXBY,02 JUN 1961,AUS,1,Adelaide (AUS),16 OCT 1988
20:52,Vera MAKOLOVA-NACHARKINA,17 FEB 1966,URS,2,Duisburg (GER),29 AUG 1989
20:52,Yevdokiya KOROTKOVA,28 FEB 1979,RUS,3,Saransk (RUS),10 JUN 2006
20:53,Sada BUKŠNIENÉ-EIDIKYTÉ,22 JUN 1967,URS,2,Hildesheim (GER),10 JUN 1989
20:53,Sabine ZIMMER-KRANTZ,06 FEB 1981,GER,3,Hildesheim (GER),27 AUG 2006
20:55,Beate ANDERS,04 FEB 1968,GDR,2,La Coruña (ESP),12 MAY 1990
20:55,Yelena GINKO,30 JUL 1976,BLR,5,Hildesheim (GER),13 SEP 2003
20:56,Susana FEITOR,28 JAN 1975,POR,1,Kraków (POL),08 JUN 2002
20:56,Melanie SEEGER,08 JAN 1977,GER,1,Ulm (GER),28 JUN 2003
20:56,Irina YEZHOVA,25 JUN 1986,RUS,4,Saransk (RUS),10 JUN 2006
20:58,Alina IVANOVA,16 MAR 1969,RUS,2,L'Hospitalet (ESP),12 MAY 1992
20:59,Kerry SAXBY,02 JUN 1961,AUS,1,Bad Krozingen (FRG),22 AUG 1987
21:01,Kerry SAXBY,02 JUN 1961,AUS,1,Fürth (GER),08 AUG 1987
21:01,Kerry SAXBY,02 JUN 1961,AUS,1,Mézidon-Canon (FRA),04 JUN 1989
21:01,Nadezhda RYASHKINA,22 JAN 1967,RUS,2,Kraków (POL),08 JUN 2002
21:01,Lyudmila YEFIMKINA,22 AUG 1981,RUS,1,Moskva (RUS),25 SEP 2005
21:01,Lyudmila YEFIMKINA,22 AUG 1981,RUS,1,Buy (RUS),25 SEP 2005
21:02,Olga LUKYANCHUK,07 DEC 1976,UKR,1,Kyiv (UKR),16 JUN 2000
21:03,Kerry SAXBY,02 JUN 1961,AUS,1,Mézidon-Canon (FRA),08 MAY 1988
21:03,Katarzyna RADTKE,31 AUG 1969,POL,,Sopot (POL),04 MAY 1996
21:03,Nadezhda RYASHKINA,22 JAN 1967,RUS,2f2,Moskva (RUS),03 MAY 1998
21:04,Tamara KOVALENKO,05 JUN 1964,URS,1,Odessa (URS),20 AUG 1988
21:04,Yelena GRUZINOVA,1967,URS,2,Leningrad (URS),05 AUG 1989
21:04,María VASCO,26 DEC 1975,ESP,1,Barcelona (ESP),06 FEB 2005
21:04,Yelena GINKO,30 JUL 1976,BLR,1,Hildesheim (GER),28 AUG 2005
21:05,Sabine ZIMMER-KRANTZ,06 FEB 1981,GER,2,Ulm (GER),28 JUN 2003
21:05,Irina PUDOVKINA,11 FEB 1980,RUS,2,Moskva (RUS),25 SEP 2005
21:05,Irina PUDOVKINA,11 FEB 1980,RUS,2,Buy (RUS),25 SEP 2005
21:05,Xizhen YANG,11 MAR 2006,CHN,1,Taicang (CHN),08 APR 2023
21:06,Anisiya KORNIKOVA-KIRDYAPKINA,23 OCT 1989,RUS,5,Saransk (RUS),10 JUN 2006
21:06,Sabine ZIMMER-KRANTZ,06 FEB 1981,GER,1,Ulm (GER),15 JUL 2006
21:07,Kerry SAXBY,02 JUN 1961,AUS,1,Canberra (AUS),07 JUN 1987
21:07,Valentina TSYBULSKAYA,19 FEB 1968,BLR,1,Druskininkai (LTU),07 SEP 2003
21:09,Olga KARDOPOLTSEVA,11 SEP 1966,URS,3,Leningrad (URS),05 AUG 1989
21:09,Elisa RIGAUDO,17 JUN 1980,ITA,1,Firenze (ITA),10 JUL 2004
21:10,Ileana SALVADOR,16 JAN 1962,ITA,1,Arzignano (ITA),12 JUN 1993
21:10,Elisa RIGAUDO,17 JUN 1980,ITA,2,Rieti (ITA),02 AUG 2003
21:10,Yelena GINKO,30 JUL 1976,BLR,1,Druskininkai (LTU),04 SEP 2004
21:10,Tatyana KALMYKOVA,10 JAN 1990,RUS,1,Cheboksary (RUS),16 JUN 2007
21:10,Nadezhda SERGEYEVA,12 MAR 1994,RUS,1,Voronovo (RUS),24 AUG 2019
21:12,Tatyana KOROTKOVA,24 APR 1980,RUS,3,Moskva (RUS),25 SEP 2005
21:12,Tatyana KOROTKOVA,24 APR 1980,RUS,3,Buy (RUS),25 SEP 2005
21:12,Lyudmila ARKHIPOVA,12 SEP 1980,RUS,1,Buy (RUS),24 SEP 2006
21:12,Viktória MADARÁSZ,12 MAY 1985,HUN,1,Nitra (SVK),25 SEP 2014
21:13,Yelena SAYKO,24 DEC 1967,URS,4,Leningrad (URS),05 AUG 1989
21:13,Larisa YEMELYANOVA,06 JAN 1980,RUS,4,Moskva (RUS),25 SEP 2005
21:13,Yevdokiya KOROTKOVA,28 FEB 1979,RUS,5,Moskva (RUS),25 SEP 2005
21:13,Larisa YEMELYANOVA,06 JAN 1980,RUS,4,Buy (RUS),25 SEP 2005
21:13,Yevdokiya KOROTKOVA,28 FEB 1979,RUS,5,Buy (RUS),25 SEP 2005
21:13,Jolanta DUKURE,20 SEP 1979,LAT,1,Valga (EST),27 MAY 2006
21:13,Viktória MADARÁSZ,12 MAY 1985,HUN,1,Nitra (SVK),04 OCT 2013
21:14,Kerry SAXBY,02 JUN 1961,AUS,1,Växjö (SWE),29 MAY 1988
21:14,Yelena NIKOLAYEVA,01 FEB 1966,URS,1,Alytus (LTU),04 MAY 1991
21:14,Olive LOUGHNANE,14 JAN 1976,IRL,2,Santry (IRL),09 AUG 2003
21:14,Sonata MILUŠAUSKAITĖ,21 AUG 1973,LTU,6,Hildesheim (GER),13 SEP 2003
21:16,Bingjie JIN,03 JUN 1971,CHN,1,Enhörna (SWE),05 MAY 1990
21:16,Valentina TSYBULSKAYA,19 FEB 1968,BLR,6,Kraków (POL),14 JUN 2003
21:16,Glenda MOREJÓN,30 MAY 2000,ECU,1,Sucúa (ECU),15 APR 2017
21:17,Kerry SAXBY,02 JUN 1961,AUS,1,L'Hospitalet (ESP),12 SEP 1987
21:17,Kerry SAXBY,02 JUN 1961,AUS,1,L'Hospitalet (ESP),12 SEP 1987
21:17,Yelena NIKOLAYEVA,01 FEB 1966,RUS,1,L'Hospitalet (ESP),09 MAY 1993
21:17,Beatriz PASCUAL,09 MAY 1982,ESP,1,Rubi (ESP),06 APR 2008
21:19,María VASCO,26 DEC 1975,ESP,1,Viladecans (ESP),25 JAN 2004
21:19,María VASCO,26 DEC 1975,ESP,1,Barcelona (ESP),09 JUL 2004
21:19,Larisa YEMELYANOVA,06 JAN 1980,RUS,6,Saransk (RUS),10 JUN 2006
21:20,Katarzyna RADTKE,31 AUG 1969,POL,1,Kraków (POL),03 JUN 2000
21:20,Ana CABECINHA,29 APR 1984,POR,1,Olhao (POR),26 APR 2014
21:21,Natalya SPIRIDONOVA,06 APR 1963,URS,1,Moskva (URS),31 JUL 1988
21:21,Lyudmila YEFIMKINA,22 AUG 1981,RUS,3,Kraków (POL),08 JUN 2002
21:21,Yekaterina YEZHOVA,03 JUL 1982,RUS,6,Moskva (RUS),25 SEP 2005
21:21,Yekaterina YEZHOVA,03 JUL 1982,RUS,6,Buy (RUS),25 SEP 2005
21:21,Yekaterina YEZHOVA,03 JUL 1982,RUS,7,Saransk (RUS),10 JUN 2006
21:22,Pier Carola PAGANI,10 NOV 1963,ITA,2,L'Hospitalet (ESP),06 MAY 1990
21:22,María VASCO,26 DEC 1975,ESP,1,Rubi (ESP),01 APR 2007
21:22,María VASCO,26 DEC 1975,ESP,1,Barcelona (ESP),01 APR 2007
21:22,Melanie SEEGER,08 JAN 1977,GER,1,Nürnberg (GER),05 JUL 2008
21:23,Yelena GINKO,30 JUL 1976,BLR,2,Druskininkai (LTU),07 SEP 2003
21:23,Kristina SALTANOVIČ,20 FEB 1975,LTU,7,Hildesheim (GER),13 SEP 2003
21:24,Valentina TSYBULSKAYA,19 FEB 1968,BLR,1,Druskininkai (LTU),10 SEP 1995
21:24,Tatyana KOROTKOVA,24 APR 1980,RUS,2,Buy (RUS),24 SEP 2006
21:24,Marina NOVIKOVA,01 MAR 1989,RUS,2,Voronovo (RUS),24 AUG 2019
21:25,Maria REYES SOBRINO,06 JAN 1967,ESP,1,La Coruña (ESP),16 MAY 1987
21:25,Mária URBANIKNÉ ROSZA,12 FEB 1967,HUN,3,La Coruña (ESP),12 MAY 1990
21:25,Tatyana KOROTKOVA,24 APR 1980,RUS,4,Kraków (POL),08 JUN 2002
21:25,Susana FEITOR,28 JAN 1975,POR,1,Rio Maior (POR),16 JUL 2005
21:25,María VASCO,26 DEC 1975,ESP,1,Barcelona (ESP),10 JUN 2006
21:25,Mayumi KAWASAKI,10 MAY 1980,JPN,1,Naka (JPN),07 JUL 2006
21:25,Sylwia KORZENIOWSKA,25 APR 1980,POL,4,Hildesheim (GER),27 AUG 2006
21:26,Jingxue LI,10 FEB 1970,CHN,2,Enhörna (SWE),05 MAY 1990
21:26,Yekaterina SAMOYLENKO,23 JAN 1963,UKR,1,Gross-Gerau (GER),15 AUG 1992
21:26,Marina SMYSLOVA,05 JUN 1966,RUS,7,Moskva (RUS),25 SEP 2005
21:26,Marina SMYSLOVA,05 JUN 1966,RUS,7,Buy (RUS),25 SEP 2005
21:27,Sada BUKŠNIENÉ-EIDIKYTÉ,22 JUN 1967,URS,1,Alushta (URS),06 MAY 1989
21:27,Elisabetta PERRONE,09 JUL 1968,ITA,1,Milano (ITA),28 JUN 2003
21:28,Tatyana KALMYKOVA,10 JAN 1990,RUS,1,"Adler, Sochi (RUS)",19 FEB 2006
21:29,Olga KARDOPOLTSEVA,11 SEP 1966,URS,3,Odessa (URS),20 AUG 1988
21:29,Nadezhda RYASHKINA,22 JAN 1967,URS,3,L'Hospitalet (ESP),21 APR 1991
21:30,Sonata MILUŠAUSKAITĖ,21 AUG 1973,LTU,1,Algarve (POR),19 FEB 2006
21:30,Quanming WU,16 NOV 2001,CHN,1,Shangrao (CHN),14 APR 2018
21:31,Oksana CHUBENKO-YANKOVSKAYA,22 SEP 1987,RUS,1,Moskva (RUS),17 MAY 2006
21:32,Yevdokiya KOROTKOVA,28 FEB 1979,RUS,3,Buy (RUS),24 SEP 2006
21:32,Svetlana VASILYEVA,13 AUG 1985,RUS,1,"Adler, Sochi (RUS)",01 MAR 2009
21:32,Anna TERLYUKEVICH,15 AUG 1987,BLR,1,Lazdijai (LTU),21 SEP 2019
21:33,Kerry SAXBY,02 JUN 1961,AUS,1,L'Hospitalet (ESP),24 APR 1988
21:33,Aihua QIN,03 NOV 1987,CHN,1,Yenking (CHN),05 SEP 2004
21:34,Beata BETLEJ,07 JUL 1968,POL,2,Guadix (ESP),17 MAR 1996
21:34,Fumi MITSUMURA,01 MAR 1985,JPN,1,Yokohama (JPN),06 JUL 2003
21:34,Sabine ZIMMER-KRANTZ,06 FEB 1981,GER,2,Nürnberg (GER),05 JUL 2008
21:35,María VASCO,26 DEC 1975,ESP,1,Barcelona (ESP),03 JUN 2005
21:35,Galina KOLPAKOVA,14 JAN 1983,RUS,8,Moskva (RUS),25 SEP 2005
21:35,Galina KOLPAKOVA,14 JAN 1983,RUS,8,Buy (RUS),25 SEP 2005
21:36,Vicky LUPTON,17 APR 1972,GBR,1,Sheffield (GBR),18 JUL 1992
21:36,Encarna GRANADOS,30 JAN 1972,ESP,1,Viladecans (ESP),04 FEB 2001
21:36,Olga KARDOPOLTSEVA,11 SEP 1966,BLR,8,Hildesheim (GER),13 SEP 2003
21:36,María José POVES,16 MAR 1978,ESP,1,Zaragoza (ESP),06 MAY 2006
21:36,Ryoko SAKAKURA,09 MAY 1976,JPN,1,Oita (JPN),30 SEP 2006
21:38,Sylwia KORZENIOWSKA,25 APR 1980,POL,1,Bugeat (FRA),07 JUL 2007
21:38,María PÉREZ,29 APR 1996,ESP,1,Guadix (ESP),08 DEC 2018
21:38,Yekaterina PETROVA,03 MAY 2004,RUS,1,Sochi (RUS),18 FEB 2020
21:39,María José POVES,16 MAR 1978,ESP,2,Barcelona (ESP),10 JUN 2006
21:40,Nadezhda RYASHKINA,22 JAN 1967,RUS,3,Druskininkai (LTU),07 SEP 2003
21:40,Eva PÉREZ,18 JUL 1975,ESP,2,Viladecans (ESP),25 JAN 2004
21:40,Erica ALFRIDI,22 FEB 1968,ITA,1,Roma (ITA),25 JUN 2004
21:40,Ana CABECINHA,29 APR 1984,POR,1,Olhao (POR),07 FEB 2009
21:41,Mayumi KAWASAKI,10 MAY 1980,JPN,1,Niigata (JPN),25 SEP 2004
21:41,Sonata MILUŠAUSKAITĖ,21 AUG 1973,LTU,2,Rubi (ESP),01 APR 2007
21:41,Sonata MILUŠAUSKAITĖ,21 AUG 1973,LTU,2,Barcelona (ESP),01 APR 2007
21:41,Quanming WU,16 NOV 2001,CHN,1,Huangshan (CHN),03 MAR 2018
21:41,Anastasiya RAROUSKAYA,19 JUN 1996,BLR,2,Lazdijai (LTU),21 SEP 2019
21:42,Liping WANG,08 JUL 1976,CHN,1,L’Hospitalet-près-l’Andorre (FRA),03 MAY 1998
21:42,Olive LOUGHNANE,14 JAN 1976,IRL,2,Sligo (IRL),30 MAY 2004
21:42,Irina YUMANOVA,09 APR 1990,RUS,2,Cheboksary (RUS),16 JUN 2007
21:42,Vera SANTOS,03 DEC 1981,POR,1,Ferreira do Zêzere (POR),18 MAY 2008
21:43,Inês HENRIQUES,01 MAY 1980,POR,2,Olhao (POR),26 APR 2014
21:43,Raquel GONZÁLEZ,16 NOV 1989,ESP,1,Toledo (ESP),06 NOV 2021
21:44,Olga POLYAKOVA,23 SEP 1980,RUS,2f20,Saransk (RUS),12 JUN 1999
21:44,Anisiya KORNIKOVA-KIRDYAPKINA,23 OCT 1989,RUS,2,"Adler, Sochi (RUS)",19 FEB 2006
21:44,María VASCO,26 DEC 1975,ESP,1,Córdoba (ESP),16 JUN 2007
21:44,Brigita VIRBALYTĖ-DIMSIENĖ,01 FEB 1985,LTU,1,Simnas (LTU),10 JUN 2018
21:45,Rocío FLORIDO,16 JAN 1976,ESP,1,Valencia (ESP),12 JUN 2004
21:45,Elisa RIGAUDO,17 JUN 1980,ITA,1,Padova (ITA),27 JUL 2007
21:45,Anastasiya PODYACHIKH,10 JAN 2005,RUS,1,Voronovo (RUS),05 SEP 2021
21:46,Linda COFFEE,31 JUL 1977,AUS,1,Eisenhüttenstadt (GER),11 MAY 1996
21:46,Paulina BUZIAK,16 DEC 1986,POL,1,Mielec (POL),14 AUG 2009
21:46,Johana ORDÓŇEZ,12 DEC 1987,ECU,2,Toledo (ESP),06 NOV 2021
21:47,Cristiana PELLINO,21 SEP 1970,ITA,2,Firenze (ITA),10 JUL 2004
21:47,Beatriz PASCUAL,09 MAY 1982,ESP,1,Avilés (ESP),28 JUN 2008
21:47,Yelena LASHMANOVA,09 APR 1992,RUS,1,Cheboksary (RUS),13 JUN 2009
21:47,Anastasiya PODYACHIKH,10 JAN 2005,RUS,1,Cheboksary (RUS),30 MAY 2021
21:48,Yuxin LI,04 DEC 1974,CHN,2,L’Hospitalet-près-l’Andorre (FRA),03 MAY 1998
21:48,Mayumi KAWASAKI,10 MAY 1980,JPN,1,Okayama (JPN),27 SEP 2003
21:48,Sabine ZIMMER-KRANTZ,06 FEB 1981,GER,1,Dessau (GER),15 OCT 2005
21:48,Jane SAVILLE,05 NOV 1974,AUS,1,Brisbane (AUS),03 MAR 2006
21:48,Ana CABECINHA,29 APR 1984,POR,1,Lisboa (POR),26 JUL 2006
21:48,Mingxia YANG,13 JAN 1990,CHN,1,Beijing (CHN),21 APR 2007
21:48,Zuzana MALÍKOVÁ,02 AUG 1983,SVK,1,Banská Bystrica (SVK),18 SEP 2007
21:48,Lucie PELANTOVÁ,07 MAY 1986,CZE,1,Olomouc (CZE),16 APR 2011
21:48,Yelena SBORETS,07 APR 2003,RUS,2,Sochi (RUS),18 FEB 2020
21:49,Zuzana MALÍKOVÁ,02 AUG 1983,SVK,1,Banská Bystrica (SVK),11 SEP 2004
21:49,María José POVES,16 MAR 1978,ESP,1,Zaragoza (ESP),14 JUL 2007
21:50,Lisa BARBIERI,18 MAY 1978,ITA,2,Milano (ITA),28 JUN 2003
21:50,Sachiko KONISHI,04 FEB 1982,JPN,2,Yokohama (JPN),06 JUL 2003
21:50,Aleksandra KUDRYASHOVA,18 JUL 1990,RUS,1,Sochi (RUS),12 MAR 2005
21:50,Mingxia YANG,13 JAN 1990,CHN,1,Guangzhou (CHN),22 JUL 2007
21:50,María VASCO,26 DEC 1975,ESP,1,Madrid (ESP),22 MAY 2010
21:50,Paulina BUZIAK,16 DEC 1986,POL,1,Biala Podlaska (POL),31 AUG 2013
21:50,Paulina BUZIAK,16 DEC 1986,POL,1,Gdansk (POL),31 AUG 2013
21:51,Anikó SZEBENSZKY,12 AUG 1965,HUN,3,Hildesheim (GER),10 JUN 1989
21:51,Lisa BARBIERI,18 MAY 1978,ITA,1,Vigevano (ITA),17 MAY 2003
21:51,Zuzana MALÍKOVÁ,02 AUG 1983,SVK,7,Kraków (POL),14 JUN 2003
21:51,Veronica BUDILEANU,27 FEB 1976,ROU,2,Banská Bystrica (SVK),11 SEP 2004
21:51,Sabine ZIMMER-KRANTZ,06 FEB 1981,GER,1,Granollers (ESP),07 DEC 2008
21:51,Maria MICHTA-COFFEY,23 JUN 1986,USA,1,"Albany, NY (USA)",31 MAY 2015
21:52,María Teresa GARGALLO,15 OCT 1969,ESP,1,Avila (ESP),26 JUL 2003
21:52,María VASCO,26 DEC 1975,ESP,1,Benidorm (ESP),25 JUN 2005
21:52,Mária GÁLIKOVÁ,21 AUG 1980,SVK,1,Banská Bystrica (SVK),22 APR 2006
21:52,Evangelia XYNOU,22 NOV 1981,GRE,1,Patra (GRE),07 MAR 2010
21:52,Júlia TAKÁCS,29 JUN 1989,ESP,2,Madrid (ESP),22 MAY 2010
21:52,María PÉREZ,29 APR 1996,ESP,1,Guadix (ESP),10 DEC 2017
21:53,Eva PÉREZ,18 JUL 1975,ESP,8,Kraków (POL),14 JUN 2003
21:53,Mayumi KAWASAKI,10 MAY 1980,JPN,1,Fukuroi (JPN),29 OCT 2003
21:53,Eva PÉREZ,18 JUL 1975,ESP,1,L'Hospitalet (ESP),08 MAY 2004
21:53,Mayumi KAWASAKI,10 MAY 1980,JPN,1,Kumagaya (JPN),24 OCT 2004
21:53,Svetlana VASILYEVA,13 AUG 1985,RUS,3,Klimovsk (RUS),09 MAY 2005
21:53,Olive LOUGHNANE,14 JAN 1976,IRL,1,Santry (IRL),23 JUL 2005
21:53,Sonata MILUŠAUSKAITĖ,21 AUG 1973,LTU,5,Hildesheim (GER),27 AUG 2006
21:53,Qun YI,,CHN,2,Beijing (CHN),21 APR 2007
21:53,Jinyu WANG,12 SEP 2000,CHN,1,Huangshan (CHN),10 MAR 2019
21:53,Anastasiya KOLCHINA,11 MAY 2005,RUS,3,Sochi (RUS),18 FEB 2020
21:54,Rimma MAKAROVA,18 JUL 1963,RUS,1f2,Moskva (RUS),03 MAY 1998
21:54,Vera SANTOS,03 DEC 1981,POR,1,Alcanena (POR),12 MAR 2005
21:54,Ana CABECINHA,29 APR 1984,POR,2,Algarve (POR),19 FEB 2006
21:54,María José POVES,16 MAR 1978,ESP,1,Valencia (ESP),12 MAY 2007
21:54,Oksana KHAYBULLINA,24 MAY 1992,RUS,1,"Adler, Sochi (RUS)",23 FEB 2008
21:54,Laura GARCÍA-CARO,16 APR 1995,ESP,1,La Coruña (ESP),28 MAY 2016
21:54,Meryem BEKMEZ,31 JUL 2000,TUR,1,Konya (TUR),27 APR 2019
21:55,Lisa LANGFORD-KEHLER,15 MAR 1967,GBR,1,Coventry (GBR),13 JUL 1998
21:55,María Teresa GARGALLO,15 OCT 1969,ESP,3,Viladecans (ESP),25 JAN 2004
21:55,Beatriz PASCUAL,09 MAY 1982,ESP,2,Barcelona (ESP),06 FEB 2005
21:55,Beatriz PASCUAL,09 MAY 1982,ESP,1,Castellón (ESP),11 AUG 2007
21:56,Zuzana MALÍKOVÁ,02 AUG 1983,SVK,1,Bratislava (SVK),03 JUL 2004
21:56,Gisella ORSINI,09 DEC 1971,ITA,1,Cesenatico (ITA),11 JUN 2005
21:56,Natalie SAVILLE,07 SEP 1978,AUS,2,Brisbane (AUS),03 MAR 2006
21:56,Anna LUKYANOVA,23 APR 1991,RUS,1,Saransk (RUS),07 JUN 2008
21:56,Yuliya KHALILOVA,19 NOV 2002,RUS,1,Sochi (RUS),17 FEB 2019
21:57,María José POVES,16 MAR 1978,ESP,2,L'Hospitalet (ESP),08 MAY 2004
21:57,Emanuela PERILLI,19 MAY 1973,ITA,3,Firenze (ITA),10 JUL 2004
21:57,Qun YI,,CHN,1,Beijing (CHN),17 MAY 2007
21:57,Yekaterina PETROVA,03 MAY 2004,RUS,2,Cheboksary (RUS),30 MAY 2021
21:58,Andrea ALFÖLDI,22 SEP 1964,HUN,5,Hildesheim (GER),10 JUN 1989
21:58,Mária URBANIKNÉ ROSZA,12 FEB 1967,HUN,3,Kraków (POL),27 SEP 1998
21:58,Mari Cruz DÍAZ,24 OCT 1969,ESP,2,Barcelona (ESP),02 MAR 2003
21:58,Gisella ORSINI,09 DEC 1971,ITA,3,Rieti (ITA),02 AUG 2003
21:58,Jolanta DUKURE,20 SEP 1979,LAT,1,Murjāņi (LAT),16 APR 2005
21:58,Anisiya KORNIKOVA-KIRDYAPKINA,23 OCT 1989,RUS,1,Chelyabinsk (RUS),02 SEP 2005
21:58,Anisiya KORNIKOVA-KIRDYAPKINA,23 OCT 1989,RUS,1,Chelyabinsk (RUS),06 SEP 2005
21:58,Zuzana MALÍKOVÁ,02 AUG 1983,SVK,1,Banská Bystrica (SVK),27 AUG 2006
21:58,Sabine ZIMMER-KRANTZ,06 FEB 1981,GER,1,Granollers (ESP),02 DEC 2007
21:58,María José POVES,16 MAR 1978,ESP,2,Zaragoza (ESP),20 APR 2008
21:58,Sylwia KORZENIOWSKA,25 APR 1980,POL,1,Bugeat (FRA),06 JUL 2008
21:58,Agnieszka DYGACZ,18 JUL 1985,POL,2,Nitra (SVK),25 SEP 2014
21:59,Paula Milena TORRES,17 OCT 2000,ECU,2,Sucúa (ECU),15 APR 2017
21:59,Ricuo XI,09 AUG 2001,CHN,2,Shangrao (CHN),14 APR 2018
21:59,Panagiota TSINOPOULOU,16 OCT 1990,GRE,2,Simnas (LTU),10 JUN 2018
22:00,María VASCO,26 DEC 1975,ESP,4,Livorno (ITA),12 JUN 1994
22:00,Sylwia KORZENIOWSKA,25 APR 1980,POL,1,Reims (FRA),25 JUL 2006
22:00,Nina OKHOTNIKOVA,14 MAR 1991,RUS,2,Saransk (RUS),07 JUN 2008
22:01,Marta ZUKOWSKA,04 JUN 1972,POL,1,Tarnobrzeg (POL),05 MAY 1996
22:01,Ryoko TADAMASA,09 MAY 1976,JPN,2,Fukuroi (JPN),29 OCT 2003
22:01,Sonata MILUŠAUSKAITĖ,21 AUG 1973,LTU,1,Beja (POR),07 MAY 2005
22:01,Kristina SALTANOVIČ,20 FEB 1975,LTU,3,Algarve (POR),19 FEB 2006
22:01,Xue CAO,02 MAR 1984,CHN,3,Beijing (CHN),21 APR 2007
22:01,Júlia TAKÁCS,29 JUN 1989,ESP,2,Guadix (ESP),10 DEC 2017
22:02,Erica ALFRIDI,22 FEB 1968,ITA,1,Cesano Maderno (ITA),15 MAY 2004
22:02,Kjersti TYSSE-PLÄTZER,18 JAN 1972,NOR,1,Mortalaz (ESP),26 APR 2008
22:02,Despina ZAPOUNIDOU,05 OCT 1985,GRE,1,Athina (GRE),29 AUG 2012
22:03,Rocío FLORIDO,16 JAN 1976,ESP,1,Huelva (ESP),13 JUL 2005
22:03,Natalya KOLOTUKHINA,12 JUN 1983,RUS,4,Klimovsk (RUS),09 MAY 2005
22:03,María José POVES,16 MAR 1978,ESP,2,Córdoba (ESP),16 JUN 2007
22:03,Olga SHARGINA,24 JUL 1996,RUS,1,Sochi (RUS),24 FEB 2013
22:03,Wenjing HU,16 SEP 2002,CHN,2,Huangshan (CHN),10 MAR 2019
22:04,Yekaterina DERGUNOVA,13 MAY 1982,RUS,1,Penza (RUS),24 APR 1999
22:04,María VASCO,26 DEC 1975,ESP,1,Santa Eulària des Riu (ESP),13 MAR 2004
22:04,María VASCO,26 DEC 1975,ESP,1,Guadix (ESP),10 APR 2004
22:04,Cheryl WEBB,03 OCT 1976,AUS,3,Brisbane (AUS),03 MAR 2006
22:04,María José POVES,16 MAR 1978,ESP,1,Viladecans (ESP),11 FEB 2007
22:04,Johanna JACKSON,17 JAN 1985,GBR,1,Manchester (GBR),29 JUL 2007
22:05,Mónika PESTI,27 JUN 1975,HUN,5,Livorno (ITA),12 JUN 1994
22:05,Athanasia TSOUMELEKA,02 JAN 1982,GRE,1,Iraklio (GRE),09 APR 2003
22:05,Anna SZUMNY,24 SEP 1983,POL,9,Kraków (POL),14 JUN 2003
22:05,Elmira ALEMBEKOVA,30 JUN 1990,RUS,2,Sochi (RUS),12 MAR 2005
22:05,María VASCO,26 DEC 1975,ESP,1,L'Hospitalet (ESP),30 APR 2005
22:05,Beatriz PASCUAL,09 MAY 1982,ESP,2,Valencia (ESP),12 MAY 2007
22:05,Mária GÁLIKOVÁ,21 AUG 1980,SVK,2,Banská Bystrica (SVK),18 SEP 2007
22:05,Kjersti TYSSE-PLÄTZER,18 JAN 1972,NOR,2,Granollers (ESP),07 DEC 2008
22:05,Ke XUE,14 MAR 1998,CHN,1,Beijing (CHN),20 MAR 2015
22:06,Natalya MISYULYA,14 APR 1966,BLR,9,Hildesheim (GER),13 SEP 2003
22:06,Cristiana PELLINO,21 SEP 1970,ITA,1,Roma (ITA),18 APR 2004
22:06,Michelle FRENCH,01 APR 1982,AUS,2,Melbourne (AUS),17 FEB 2006
22:06,María VASCO,26 DEC 1975,ESP,1,Madrid (ESP),04 MAR 2006
22:06,Susana FEITOR,28 JAN 1975,POR,1,Lisboa (POR),28 JUL 2007
22:06,Yuxia SHI,28 JAN 1999,CHN,1,Huai'an (CHN),21 APR 2016
22:06,Mária GÁLIKOVÁ,21 AUG 1980,SVK,,Hlohovec (SVK),15 MAY 2016
22:07,Mária GÁLIKOVÁ,21 AUG 1980,SVK,2,Bratislava (SVK),03 JUL 2004
22:07,Eva PÉREZ,18 JUL 1975,ESP,2,Barcelona (ESP),09 JUL 2004
22:07,Alena KOSTROMITINA,30 OCT 1989,RUS,3,Sochi (RUS),12 MAR 2005
22:07,Barbora DIBELKOVÁ,26 MAY 1983,CZE,2,Hildesheim (GER),28 AUG 2005
22:07,Natalya GRABER,19 JUN 1990,RUS,3,Cheboksary (RUS),16 JUN 2007
22:07,Sabina SLESAREVA,27 JUN 2005,RUS,4,Sochi (RUS),18 FEB 2020
22:08,Valentina TSYBULSKAYA,19 FEB 1968,BLR,5,Kraków (POL),08 JUN 2002
22:08,Sylwia KORZENIOWSKA,25 APR 1980,POL,10,Kraków (POL),14 JUN 2003
22:08,Sibilla DI VINCENZO,22 JAN 1983,ITA,2,Cesenatico (ITA),11 JUN 2005
22:08,Inês HENRIQUES,01 MAY 1980,POR,1,Ferreira do Zêzere (POR),04 JUN 2006
22:08,Sylwia KORZENIOWSKA,25 APR 1980,POL,1,Bugeat (FRA),01 JUL 2006
22:08,María José POVES,16 MAR 1978,ESP,1,Elche (ESP),08 JUL 2006
22:08,Viktória MADARÁSZ,12 MAY 1985,HUN,1,Hlohovec (SVK),01 JUN 2014
22:08,Raquel GONZÁLEZ,16 NOV 1989,ESP,2,La Coruña (ESP),28 MAY 2016
22:08,Li PENG,27 AUG 2002,CHN,3,Huangshan (CHN),10 MAR 2019
22:08,Anastasiya PODYACHIKH,10 JAN 2005,RUS,1,Cheboksary (RUS),22 MAY 2022
22:09,Celia MARCÉN,06 DEC 1973,ESP,4,L’Hospitalet-près-l’Andorre (FRA),03 MAY 1998
22:09,Lisa BARBIERI,18 MAY 1978,ITA,4,Rieti (ITA),02 AUG 2003
22:09,Rocío FLORIDO,16 JAN 1976,ESP,1,Castellón (ESP),24 JUL 2004
22:09,Beatriz PASCUAL,09 MAY 1982,ESP,2,L'Hospitalet (ESP),30 APR 2005
22:09,Beatriz PASCUAL,09 MAY 1982,ESP,1,Castellón (ESP),11 JUN 2005
22:09,Oksana KHAYBULLINA,24 MAY 1992,RUS,3,Saransk (RUS),07 JUN 2008
22:10,Wang YUNTAO,01 JUL 1978,CHN,5,L’Hospitalet-près-l’Andorre (FRA),03 MAY 1998
22:10,Zuzana MALÍKOVÁ,02 AUG 1983,SVK,10,Hildesheim (GER),13 SEP 2003
22:10,Rocío FLORIDO,16 JAN 1976,ESP,2,Benidorm (ESP),25 JUN 2005
22:10,Sibilla DI VINCENZO,22 JAN 1983,ITA,1,Vicenza (ITA),19 MAY 2012
22:10,Valentina TRAPLETTI,12 JUL 1985,ITA,,Terni (ITA),13 SEP 2015
22:10,Viktoriya IDASHINA,18 JAN 2005,RUS,3,Cheboksary (RUS),30 MAY 2021
22:10,Ana CABECINHA,29 APR 1984,POR,1,Santa Luzia (POR),11 FEB 2023
22:11,Rocío FLORIDO,16 JAN 1976,ESP,3,Viladecans (ESP),04 FEB 2001
22:11,Kathrin BOYDE,04 DEC 1970,GER,3,Ulm (GER),28 JUN 2003
22:11,Inês HENRIQUES,01 MAY 1980,POR,2,Lisboa (POR),28 JUL 2007
22:11,Masumi FUCHISE,02 SEP 1986,JPN,1,Sapporo (JPN),04 JUN 2008
22:11,María VASCO,26 DEC 1975,ESP,3,Granollers (ESP),07 DEC 2008
22:11,Mária KATERINKA CZAKOVÁ,02 OCT 1988,SVK,1,Hlohovec (SVK),05 JUN 2021
22:12,Yelena NIKOLAYEVA,01 FEB 1966,RUS,1,Catania (ITA),07 DEC 2003
22:12,María Teresa GARGALLO,15 OCT 1969,ESP,2,Madrid (ESP),04 MAR 2006
22:12,María José POVES,16 MAR 1978,ESP,3,Madrid (ESP),04 MAR 2006
22:12,Xue CHAI,21 JAN 1988,CHN,1,Jinzhou (CHN),29 AUG 2006
22:12,María José POVES,16 MAR 1978,ESP,1,Granollers (ESP),13 FEB 2010
22:12,Anastasiya TAUSHKANOVA,25 MAR 1996,RUS,3,Voronovo (RUS),24 AUG 2019
22:12,Minori YABUTA,22 FEB 2002,JPN,1,Kobe (JPN),16 FEB 2020
22:13,Almudena RECÍO,27 JAN 1977,ESP,3,Guadix (ESP),17 MAR 1996
22:13,Mayumi KAWASAKI,10 MAY 1980,JPN,1,Marugame (JPN),24 SEP 2005
22:13,Yana SMERDOVA,07 FEB 1998,RUS,1,Sochi (RUS),28 FEB 2015
22:14,Teresa LINARES,29 APR 1969,ESP,1,Laguna (ESP),18 JAN 2003
22:14,Aihua QIN,03 NOV 1987,CHN,1,Nanning (CHN),25 FEB 2005
22:14,Susana FEITOR,28 JAN 1975,POR,2,Granollers (ESP),02 DEC 2007
22:14,Alina MATVEYUK,29 JUL 1990,BLR,1f1,Gorodeya (BLR),02 MAY 2010
22:14,Zhuoma BAIMA,20 MAY 2005,CHN,1,Beichuan (CHN),09 APR 2021
22:15,Debbi LAWRENCE,15 OCT 1961,USA,1,"Hamden, CT (USA)",08 SEP 1991
22:15,María José POVES,16 MAR 1978,ESP,2,Avila (ESP),26 JUL 2003
22:15,Beatriz PASCUAL,09 MAY 1982,ESP,2,Guadix (ESP),10 APR 2004
22:15,Cristiana PELLINO,21 SEP 1970,ITA,2,Roma (ITA),25 JUN 2004
22:15,Jane SAVILLE,05 NOV 1974,AUS,1,Sydney (AUS),11 FEB 2005
22:15,Rossella GIORDANO,01 DEC 1972,ITA,1,Rieti (ITA),20 MAY 2006
22:15,Chun YE,14 APR 1986,CHN,4,Beijing (CHN),21 APR 2007
22:15,Yelena LASHMANOVA,09 APR 1992,RUS,2,"Adler, Sochi (RUS)",01 MAR 2009
22:15,Agnese PASTARE,27 OCT 1988,LAT,1,Valga (EST),30 MAY 2015
22:16,Maria REYES SOBRINO,06 JAN 1967,ESP,2,L'Hospitalet (ESP),24 APR 1988
22:16,Maribel GONCALVES,01 APR 1978,POR,3,Beja (POR),07 MAY 2005
22:16,Cristiana PELLINO,21 SEP 1970,ITA,1,Roma (ITA),14 MAY 2005
22:16,Jane SAVILLE,05 NOV 1974,AUS,1,Sydney (AUS),07 JAN 2006
22:16,Jing JIANG,23 OCT 1985,CHN,1,Guangzhou (CHN),19 JUL 2007
22:16,Hong LIU,12 MAY 1987,CHN,2,Guangzhou (CHN),19 JUL 2007
22:17,Sachiko KONISHI,04 FEB 1982,JPN,3,Fukuroi (JPN),29 OCT 2003
22:17,María José POVES,16 MAR 1978,ESP,1,Zaragoza (ESP),22 MAY 2004
22:17,María Teresa GARGALLO,15 OCT 1969,ESP,2,Castellón (ESP),24 JUL 2004
22:17,Cheryl WEBB,03 OCT 1976,AUS,2,Sydney (AUS),11 FEB 2005
22:17,María José POVES,16 MAR 1978,ESP,1,Puertollano (ESP),15 JUL 2006
22:17,María VASCO,26 DEC 1975,ESP,1,Barcelona (ESP),18 FEB 2007
22:17,Shuo YANG,24 JUL 1990,CHN,2,Guangzhou (CHN),22 JUL 2007
22:18,Barbora DIBELKOVÁ,26 MAY 1983,CZE,1,Praha (CZE),12 MAY 2004
22:18,Sibilla DI VINCENZO,22 JAN 1983,ITA,1,Bressanone (ITA),25 JUN 2005
22:18,Jinyan JIANG,23 APR 2003,CHN,4,Huangshan (CHN),10 MAR 2019
22:19,Geovana IRUSTA,26 SEP 1975,BOL,1,Beijing (CHN),27 APR 2002
22:19,Kaori NIKAIDO,25 JUL 1979,JPN,2,Okayama (JPN),27 SEP 2003
22:19,Irina YUMANOVA,09 APR 1990,RUS,4,Sochi (RUS),12 MAR 2005
22:19,Alena KOSTROMITINA,30 OCT 1989,RUS,2,Saransk (RUS),11 JUN 2005
22:19,Sha YANG,16 JAN 1986,CHN,3,Guangzhou (CHN),19 JUL 2007
22:19,Alina TSVILII,18 SEP 1994,UKR,1f1,Yevpatoriya (UKR),13 MAR 2010
22:19,María José POVES,16 MAR 1978,ESP,3,Madrid (ESP),22 MAY 2010
22:19,Zhenxia MA,01 AUG 1998,CHN,1,Taicang (CHN),01 MAR 2013
22:19,Valentyna MYRONCHUK,10 AUG 1994,UKR,1,Grodno (BLR),05 OCT 2013
22:19,Viktoriya IDASHINA,18 JAN 2005,RUS,2,Voronovo (RUS),05 SEP 2021
22:20,Yang YAN,25 FEB 1987,CHN,2,Jinzhou (CHN),29 AUG 2006
22:20,Qiuyan JIANG,14 MAR 1983,CHN,4,Guangzhou (CHN),19 JUL 2007
22:20,Svetlana VASILYEVA,13 AUG 1985,RUS,5,Saransk (RUS),07 JUN 2008
22:20,Xiaoting XIAO,20 DEC 2000,CHN,1,Huangshan (CHN),04 MAR 2017
22:20,Yelena RYABOVA,12 MAR 2001,RUS,1,Sochi (RUS),18 FEB 2018
22:20,Živilė VAICIUKEVIČIŪTĖ,03 APR 1996,LTU,3,Simnas (LTU),10 JUN 2018
22:20,Ruping ZHU,26 AUG 2007,CHN,2,Taicang (CHN),08 APR 2023
22:21,Rocío FLORIDO,16 JAN 1976,ESP,1,Zaragoza (ESP),09 JUL 2005
22:21,Oksana KIRILLOVA,1988,RUS,2,Chelyabinsk (RUS),06 SEP 2005
22:21,Megan SZIROM,18 AUG 1977,AUS,1,Melbourne (AUS),25 FEB 2007
22:21,Shanshan WANG,16 JUN 1987,CHN,5,Guangzhou (CHN),19 JUL 2007
22:21,Ainhoa PINEDO,17 FEB 1983,ESP,1,Toledo (ESP),27 NOV 2010
22:21,Zhuomayingji NIU,26 JAN 2002,CHN,5,Huangshan (CHN),10 MAR 2019
22:22,Denise FRIEDENBERGER,22 MAY 1976,GER,,Eilenburg (GER),18 APR 1998
22:22,Xue CHAI,21 JAN 1988,CHN,2,Yenking (CHN),05 SEP 2004
22:22,Cheryl WEBB,03 OCT 1976,AUS,2,Sydney (AUS),07 JAN 2006
22:22,Ann LOUGHNANE,08 APR 1986,IRL,1,Santry (IRL),22 JUL 2006
22:22,Na SHI,17 FEB 1981,CHN,6,Guangzhou (CHN),19 JUL 2007
22:23,Mari Cruz DÍAZ,24 OCT 1969,ESP,1,Viladecans (ESP),31 JAN 1988
22:23,Fatiha OUALI,28 OCT 1974,FRA,6,Kraków (POL),08 JUN 2002
22:23,Sachiko KONISHI,04 FEB 1982,JPN,1,Tokyo (JPN),11 MAY 2003
22:23,Eva PÉREZ,18 JUL 1975,ESP,3,Guadix (ESP),10 APR 2004
22:23,Oksana KIRILLOVA,1988,RUS,5,Sochi (RUS),12 MAR 2005
22:23,Emanuela PERILLI,19 MAY 1973,ITA,1,Pergine Valsugana (ITA),23 SEP 2006
22:23,Minori YABUTA,22 FEB 2002,JPN,1,Kobe (JPN),17 FEB 2019
22:23,Ayşe TEKDAL,28 OCT 1999,TUR,2,Konya (TUR),27 APR 2019
22:23,Xizhen YANG,11 MAR 2006,CHN,1,Huangshan (CHN),05 MAR 2023
22:24,Barbara KOLLORZ,26 NOV 1967,FRG,2,Fürth (GER),08 AUG 1987
22:24,Andrea ALFÖLDI,22 SEP 1964,HUN,11,Duisburg (GER),25 AUG 1989
22:24,Rocío FLORIDO,16 JAN 1976,ESP,1,Valladolid (ESP),26 JUN 2004
22:24,Anisiya KORNIKOVA-KIRDYAPKINA,23 OCT 1989,RUS,6,Sochi (RUS),12 MAR 2005
22:24,Yekatyerina NIGAMATZHANOVA,18 JAN 1988,RUS,3,Saransk (RUS),11 JUN 2005
22:24,María José POVES,16 MAR 1978,ESP,3,Rubi (ESP),01 APR 2007
22:24,María José POVES,16 MAR 1978,ESP,3,Barcelona (ESP),01 APR 2007
22:24,Katarzyna BURGHARDT,29 JUN 1985,POL,,Bratkowice (POL),10 JUN 2007
22:24,Kun JIANG,18 MAY 1985,CHN,7,Guangzhou (CHN),19 JUL 2007
22:24,María José POVES,16 MAR 1978,ESP,3,Granollers (ESP),02 DEC 2007
22:24,María VASCO,26 DEC 1975,ESP,4,Granollers (ESP),02 DEC 2007
22:24,Beatriz PASCUAL,09 MAY 1982,ESP,4,Granollers (ESP),07 DEC 2008
22:24,Panagiota TSINOPOULOU,16 OCT 1990,GRE,2,Patra (GRE),07 MAR 2010
22:24,Ana CABECINHA,29 APR 1984,POR,2,Toledo (ESP),27 NOV 2010
22:24,Momoko MIZOTA,05 MAR 1996,JPN,1,Wajima (JPN),21 APR 2013
22:24,Ana CABECINHA,29 APR 1984,POR,1,Algarve (POR),22 JAN 2017
22:24,Liyue HU,08 OCT 2002,CHN,6,Huangshan (CHN),10 MAR 2019
22:25,Carolina JIMÉNEZ,02 FEB 1980,ESP,1,Alicante (ESP),30 APR 2005
22:25,Annett AMBERG,09 FEB 1973,GER,,Eilenburg (GER),18 APR 1998
22:25,Gabriele HEROLD,04 MAY 1978,GER,,Eilenburg (GER),18 APR 1998
22:25,Ana CABECINHA,29 APR 1984,POR,2,Beja (POR),07 MAY 2005
22:25,Sonata MILUŠAUSKAITĖ,21 AUG 1973,LTU,2,Viladecans (ESP),11 FEB 2007
22:25,Tingting WANG,18 JAN 1987,CHN,2,Beijing (CHN),17 MAY 2007
22:25,Paulina BUZIAK,16 DEC 1986,POL,1,Bratkowice (POL),12 SEP 2009
22:25,Robyn STEVENS,24 APR 1983,USA,1,"Santee, CA (USA)",20 JAN 2018
22:25,Wenhua SUN,30 JUN 2003,CHN,1,Taicang (CHN),07 MAY 2018
22:25,Ana CABECINHA,29 APR 1984,POR,2,Guadix (ESP),08 DEC 2018
22:26,Lisa BARBIERI,18 MAY 1978,ITA,2,Cesano Maderno (ITA),15 MAY 2004
22:26,Ana CABECINHA,29 APR 1984,POR,3,Barcelona (ESP),09 JUL 2004
22:26,Sachiko KONISHI,04 FEB 1982,JPN,2,Niigata (JPN),25 SEP 2004
22:26,Yangyang ZHOU,03 OCT 1991,CHN,3,Jinzhou (CHN),29 AUG 2006
22:26,Rui FENG,01 APR 1987,CHN,5,Beijing (CHN),21 APR 2007
22:26,Zuzana SCHINDLEROVÁ,25 APR 1987,CZE,2,Olomouc (CZE),16 APR 2011
22:26,Ana CABECINHA,29 APR 1984,POR,1,Algarve (POR),12 JAN 2020
22:26,Edna BARROS,18 DEC 1996,POR,2,Algarve (POR),12 JAN 2020
22:27,Cui LI,18 JAN 1987,CHN,1,Yangzhou (CHN),12 APR 2003
22:27,Anne SIMONSEN,18 JUN 1980,NOR,1,Storetveit (NOR),14 APR 1999
22:27,Sonata MILUŠAUSKAITĖ,21 AUG 1973,LTU,2,Alcanena (POR),12 MAR 2005
22:27,María VASCO,26 DEC 1975,ESP,1,Rubi (ESP),03 APR 2005
22:27,Sibilla DI VINCENZO,22 JAN 1983,ITA,1,Grosseto (ITA),04 JUN 2005
22:27,María VASCO,26 DEC 1975,ESP,2,Granollers (ESP),13 FEB 2010
22:27,Hanna SHEVCHUK,18 JUL 1996,UKR,1,Lutsk (UKR),28 JUN 2015
22:28,María VASCO,26 DEC 1975,ESP,9,L'Hospitalet (ESP),10 MAY 1992
22:28,Irina KLEPIKOVA,16 APR 1981,RUS,3f20,Saransk (RUS),12 JUN 1999
22:28,Inês HENRIQUES,01 MAY 1980,POR,3,Alcanena (POR),12 MAR 2005
22:28,Mária GÁLIKOVÁ,21 AUG 1980,SVK,1,Borsky Mikulás (SVK),31 MAY 2014
22:28,Claire TALLENT,06 JUL 1981,AUS,1,Brisbane (AUS),29 OCT 2017
22:28,Laura GARCÍA-CARO,16 APR 1995,ESP,1,Toledo (ESP),18 NOV 2017
22:28,Yukiko UMENO,08 JAN 2003,JPN,1,Kobe (JPN),21 FEB 2021
22:29,Yoko OURA,08 APR 1983,JPN,3,Yokohama (JPN),06 JUL 2003
22:29,Annarita FIDANZA,03 AUG 1977,ITA,4,Firenze (ITA),10 JUL 2004
22:29,Rocío FLORIDO,16 JAN 1976,ESP,2,Avilés (ESP),28 JUN 2008
22:29,Wenxiu LI,11 DEC 2000,CHN,2,Huangshan (CHN),04 MAR 2017
22:30,Yawei YANG,16 OCT 1983,CHN,2,Yangzhou (CHN),12 APR 2003
22:30,Xiaoling SONG,21 DEC 1987,CHN,3,Yenking (CHN),05 SEP 2004
22:30,Natalya MISYULYA,14 APR 1966,BLR,3,Hildesheim (GER),28 AUG 2005
22:30,Kristina SALTANOVIČ,20 FEB 1975,LTU,2,Lisboa (POR),26 JUL 2006
22:30,Ana CABECINHA,29 APR 1984,POR,3,Lisboa (POR),28 JUL 2007
22:30,Katarzyna BURGHARDT,29 JUN 1985,POL,1,Nowa Deba (POL),14 SEP 2008
22:30,Jillian HOSKING,12 FEB 1987,AUS,1,Canberra (AUS),07 JUN 2009
22:30,Olga SHARGINA,24 JUL 1996,RUS,1,Sochi (RUS),19 FEB 2012
22:30,Kaori KAWAZOE,30 SEP 1995,JPN,2,Wajima (JPN),21 APR 2013
22:30,María PÉREZ,29 APR 1996,ESP,1,Toledo (ESP),19 NOV 2016
22:30,Yukiko UMENO,08 JAN 2003,JPN,1,Tokyo (JPN),01 JAN 2021
22:31,Toshie KAWATSU,17 DEC 1981,JPN,1,Tokyo (JPN),19 APR 2003
22:31,Maoqing YAN,,CHN,6,Beijing (CHN),21 APR 2007
22:31,Beatriz PASCUAL,09 MAY 1982,ESP,1,Zaragoza (ESP),28 APR 2007
22:31,María Teresa GARGALLO,15 OCT 1969,ESP,3,Valencia (ESP),12 MAY 2007
22:31,Liujing YANG,22 AUG 1998,CHN,2,Beijing (CHN),20 MAR 2015
22:31,Inna KASHYNA,27 SEP 1991,UKR,1,Guadix (ESP),05 NOV 2016
22:31,Elvira KHASANOVA,10 JAN 2000,RUS,1,Cheboksary (RUS),11 JUN 2017
22:31,Emilie MENUET,27 SEP 1991,FRA,3,Guadix (ESP),10 DEC 2017
22:31,Anastasiya KOLCHINA,11 MAY 2005,RUS,2,Sochi (RUS),18 FEB 2018
22:31,Jekaterina MIROTVORTSEVA,17 NOV 2002,EST,1,Sillamäe (EST),28 SEP 2019
22:32,Sachiyo MATSUNOBU,27 MAR 1973,JPN,1,Tokyo (JPN),01 JAN 2001
22:32,Sonata MILUŠAUSKAITĖ,21 AUG 1973,LTU,2,Druskininkai (LTU),04 SEP 2004
22:32,Kristina SALTANOVIČ,20 FEB 1975,LTU,3,Druskininkai (LTU),04 SEP 2004
22:32,María José POVES,16 MAR 1978,ESP,3,Barcelona (ESP),06 FEB 2005
22:32,Lisa GRANT,26 APR 1985,AUS,3,Sydney (AUS),07 JAN 2006
22:32,Ai MURAKAMI,13 OCT 2000,JPN,1,Kobe (JPN),18 FEB 2018
22:33,Jolanta DUKURE,20 SEP 1979,LAT,1,Valga (EST),30 APR 2005
22:33,Sachiko KONISHI,04 FEB 1982,JPN,2,Marugame (JPN),24 SEP 2005
22:33,Beatriz PASCUAL,09 MAY 1982,ESP,2,Elche (ESP),08 JUL 2006
22:33,Feifei LIU,16 SEP 1986,CHN,3,Guangzhou (CHN),22 JUL 2007
22:33,María VASCO,26 DEC 1975,ESP,1,Toledo (ESP),24 NOV 2007
22:33,Beatriz PASCUAL,09 MAY 1982,ESP,5,Granollers (ESP),02 DEC 2007
22:33,Mayumi KAWASAKI,10 MAY 1980,JPN,2,Sapporo (JPN),04 JUN 2008
22:33,Agnieszka SZWARNÓG,28 DEC 1986,POL,2,Biala Podlaska (POL),31 AUG 2013
22:33,Agnieszka SZWARNÓG,28 DEC 1986,POL,2,Gdansk (POL),31 AUG 2013
22:33,Wenjing WANG,21 NOV 1999,CHN,1,Huai'an (CHN),21 APR 2016
22:33,María PÉREZ,29 APR 1996,ESP,1,Murcia (ESP),24 APR 2016
22:33,Nanako FUJII,07 MAY 1999,JPN,1,Tokyo (JPN),01 JAN 2018
22:34,Olga NACHARKINA,13 OCT 1994,RUS,1,Saransk (RUS),11 JUN 2011
22:34,Yoshimi MIMURA,,JPN,1,Kobe (JPN),27 JAN 2002
22:34,Sachiko KONISHI,04 FEB 1982,JPN,1.0,Naruto (JPN),15 MAY 2005
22:34,Rocío FLORIDO,16 JAN 1976,ESP,2.0,Castellón (ESP),11 JUN 2005
22:34,Kun ZHAO,25 FEB 1988,CHN,4.0,Jinzhou (CHN),29 AUG 2006
22:34,Sonata MILUŠAUSKAITĖ,21 AUG 1973,LTU,5.0,Granollers (ESP),07 DEC 2008
22:34,Anastasiya KOLCHINA,11 MAY 2005,RUS,2.0,Sochi (RUS),17 FEB 2019
22:34,Monika VAICIUKEVIČIŪTĖ,03 APR 1996,LTU,3.0,Lazdijai (LTU),21 SEP 2019
22:34,Viktória MADARÁSZ,12 MAY 1985,HUN,1.0,Nitra (SVK),10 SEP 2022
22:34,Lei LI,21 JUL 2006,CHN,3.0,Taicang (CHN),08 APR 2023
22:35,Monica GUNNARSSON,22 APR 1965,SWE,1.0,Södertälje (SWE),28 JUL 1988
22:35,Alina OLARU,03 OCT 1982,ROU,3.0,Banská Bystrica (SVK),11 SEP 2004
22:35,Kellie WAPSHOTT,23 AUG 1981,AUS,3.0,Melbourne (AUS),17 FEB 2006
22:35,Maoqing YAN,,CHN,3.0,Beijing (CHN),17 MAY 2007
22:35,Xiaoling SONG,21 DEC 1987,CHN,8.0,Guangzhou (CHN),19 JUL 2007
22:35,Oksana KHAYBULLINA,24 MAY 1992,RUS,3.0,"Adler, Sochi (RUS)",01 MAR 2009
22:35,Mirna ORTÍZ,28 FEB 1987,GUA,2.0,Toledo (ESP),18 NOV 2017
22:35,Sae KITAKOHJI,10 DEC 2000,JPN,2.0,Kobe (JPN),18 FEB 2018
22:35,Júlia TAKÁCS,29 JUN 1989,ESP,3.0,Guadix (ESP),08 DEC 2018
22:35,Mária KATERINKA CZAKOVÁ,02 OCT 1988,SVK,1.0,Žiar nad Hronom (SVK),05 OCT 2019
22:35,Viktoriya IDASHINA,18 JAN 2005,RUS,5.0,Sochi (RUS),18 FEB 2020
22:36,Dana VAVŘAČOVÁ,25 JUN 1954,TCH,3.0,L'Hospitalet (ESP),24 APR 1988
22:36,Cristiana PELLINO,21 SEP 1970,ITA,2.0,Catania (ITA),07 DEC 2003
22:36,Olga KARDOPOLTSEVA,11 SEP 1966,BLR,3.0,Catania (ITA),07 DEC 2003
22:36,Joanne DOW,19 MAR 1964,USA,1.0,"Philadelphia, PA (USA)",28 APR 2005
22:36,Svetlana VAVILOVA,05 DEC 1988,UKR,1.0,Kyiv (UKR),20 DEC 2005
22:36,Sonata MILUŠAUSKAITĖ,21 AUG 1973,LTU,2.0,Mortalaz (ESP),26 APR 2008
22:36,Oksana GOLYATKINA,13 MAR 1995,RUS,2.0,Sochi (RUS),19 FEB 2012
22:36,Siyu CHENG,04 JAN 2003,CHN,7.0,Huangshan (CHN),10 MAR 2019
22:36,Yana SMERDOVA,07 FEB 1998,ANA,4.0,Voronovo (RUS),24 AUG 2019
22:36,Shuangdi CHENG,28 JUL 2007,CHN,4.0,Taicang (CHN),08 APR 2023
22:37,Hong LIU,12 MAY 1987,CHN,3.0,Yangzhou (CHN),12 APR 2003
22:37,Beata ORNOCH,20 OCT 1973,POL,2.0,Sopot (POL),02 MAY 1998
22:37,Cheryl WEBB,03 OCT 1976,AUS,2.0,Sydney (AUS),09 FEB 2003
22:37,Claudia ŞTEF,25 FEB 1978,ROU,4.0,Catania (ITA),07 DEC 2003
22:37,Rocío FLORIDO,16 JAN 1976,ESP,2.0,Zaragoza (ESP),22 MAY 2004
22:37,Carolina JIMÉNEZ,02 FEB 1980,ESP,1.0,Ayamonte (ESP),21 JUL 2004
22:37,Lyudmila ARKHIPOVA,12 SEP 1980,RUS,1.0,Kétbodony (HUN),03 OCT 2004
22:37,María José POVES,16 MAR 1978,ESP,1.0,Valladolid (ESP),15 MAY 2005
22:37,María José POVES,16 MAR 1978,ESP,1.0,Zaragoza (ESP),20 MAY 2005
22:37,Kun JIANG,18 MAY 1985,CHN,1.0,Qingdao (CHN),25 JUL 2005
22:37,Huanhuan WU,25 MAR 1991,CHN,1.0,Jinzhou (CHN),29 AUG 2006
22:37,Sonata MILUŠAUSKAITĖ,21 AUG 1973,LTU,2.0,Castellón (ESP),11 AUG 2007
22:37,María José POVES,16 MAR 1978,ESP,2.0,Toledo (ESP),24 NOV 2007
22:37,Sae KITAKOHJI,10 DEC 2000,JPN,2.0,Kobe (JPN),17 FEB 2019
22:37,Laura GARCÍA-CARO,16 APR 1995,ESP,1.0,Guadix (ESP),28 DEC 2019
22:38,Nadezhda SERGEYEVA,12 MAR 1994,RUS,2.0,Saransk (RUS),11 JUN 2011
22:38,Simone WOLOWIEC,12 FEB 1974,AUS,1.0,Melbourne (AUS),13 JAN 2004
22:38,María Teresa GARGALLO,15 OCT 1969,ESP,3.0,L'Hospitalet (ESP),08 MAY 2004
22:38,Lyudmyla SHELEST,04 OCT 1974,UKR,1.0,Sumy (UKR),09 JAN 2005
22:38,Cheryl WEBB,03 OCT 1976,AUS,1.0,Turku (FIN),27 JUL 2005
22:38,Johanna JACKSON,17 JAN 1985,GBR,1.0,Bedford (GBR),24 JUN 2007
22:38,Yawei YANG,16 OCT 1983,CHN,9.0,Guangzhou (CHN),19 JUL 2007
22:38,Elisabetta PERRONE,09 JUL 1968,ITA,1.0,Palermo (ITA),29 SEP 2007
22:38,Valentina TRAPLETTI,12 JUL 1985,ITA,1.0,Firenze (ITA),27 JUN 2008
22:38,Agnieszka DYGACZ,18 JUL 1985,POL,3.0,Granollers (ESP),13 FEB 2010
22:38,Rena GOTO,06 SEP 1995,JPN,1.0,Kobe (JPN),16 FEB 2014
22:38,Jie NI,11 JUL 1999,CHN,3.0,Beijing (CHN),20 MAR 2015
22:38,Ainhoa PINEDO,17 FEB 1983,ESP,1.0,Nerja (ESP),01 OCT 2017
22:38,Li PENG,27 AUG 2002,CHN,2.0,Huangshan (CHN),03 MAR 2018
22:38,Sabina SLESAREVA,27 JUN 2005,RUS,3.0,Sochi (RUS),17 FEB 2019
22:39,Sha YANG,16 JAN 1986,CHN,4.0,Yangzhou (CHN),12 APR 2003
22:39,Sylwia KORZENIOWSKA,25 APR 1980,POL,7.0,Kraków (POL),08 JUN 2002
22:39,Alina OLARU,03 OCT 1982,ROU,1.0,Constanta (ROU),15 MAY 2004
22:39,Sibilla DI VINCENZO,22 JAN 1983,ITA,5.0,Firenze (ITA),10 JUL 2004
22:39,Beatriz PASCUAL,09 MAY 1982,ESP,2.0,Rubi (ESP),03 APR 2005
22:39,Tatyana GABELLONE,20 OCT 1984,ITA,2.0,Grosseto (ITA),04 JUN 2005
22:39,Tanya HOLLIDAY,21 SEP 1988,AUS,1.0,Adelaide (AUS),05 NOV 2005
22:39,Laura POLLI,07 SEP 1983,SUI,1.0,Lomello (ITA),23 MAR 2014
22:39,Yekaterina GORSHENINA,01 JUL 2001,RUS,1.0,Kostroma (RUS),03 SEP 2016
22:39,Xiuzhi LYU,26 OCT 1993,CHN,1.0,Lomello (ITA),15 APR 2018
22:39,Sabina SLESAREVA,27 JUN 2005,RUS,3.0,Voronovo (RUS),05 SEP 2021
22:40,María José POVES,16 MAR 1978,ESP,3.0,L'Hospitalet (ESP),30 APR 2005
22:40,Anisiya KORNIKOVA-KIRDYAPKINA,23 OCT 1989,RUS,4.0,Saransk (RUS),11 JUN 2005
22:40,Yelena SHUMKINA,24 JAN 1988,RUS,3.0,Chelyabinsk (RUS),06 SEP 2005
22:40,Mária KATERINKA CZAKOVÁ,02 OCT 1988,SVK,2.0,Nitra (SVK),04 OCT 2013
22:40,Kelly RUDDICK,19 APR 1973,AUS,1.0,Melbourne (AUS),19 JAN 2014
22:40,Zhenxia MA,01 AUG 1998,CHN,2.0,Lomello (ITA),15 APR 2018
22:40,Sabina SLESAREVA,27 JUN 2005,RUS,4.0,Cheboksary (RUS),30 MAY 2021
22:41,Tatyana KOZLOVA,02 SEP 1983,RUS,2.0,Saransk (RUS),12 JUN 1999
22:41,Cristiana PELLINO,21 SEP 1970,ITA,2.0,Bressanone (ITA),25 JUN 2005
22:41,Svetlana SOLOVYEVA,06 NOV 1986,RUS,10.0,Buy (RUS),25 SEP 2005
22:41,Meng PENG,,CHN,7.0,Beijing (CHN),21 APR 2007
22:41,Beatriz PASCUAL,09 MAY 1982,ESP,1.0,Valencia (ESP),09 JUN 2007
22:41,Beatriz PASCUAL,09 MAY 1982,ESP,3.0,Toledo (ESP),24 NOV 2007
22:41,Lorena LUACES,29 FEB 1984,ESP,1.0,Toledo (ESP),28 NOV 2009
22:41,Enni NURMI,04 JUL 1998,FIN,1.0,Fredrikstad (NOR),17 SEP 2016
22:41,Lidia SANCHEZ-PUEBLA,17 JUL 1996,ESP,2.0,Toledo (ESP),19 NOV 2016
22:41,Clara SMITH,09 MAR 1998,AUS,2.0,Brisbane (AUS),29 OCT 2017
22:41,Yuliya KHALILOVA,19 NOV 2002,RUS,3.0,Sochi (RUS),18 FEB 2018
22:41,Christina PAPADOPOULOU,05 SEP 1996,GRE,1.0,Athina (GRE),07 SEP 2019
22:41,Valeriya SHOLOMITSKA,01 AUG 2004,UKR,,Antalya (TUR),06 MAR 2021
22:41,Ella RAUTAWAARA,09 DEC 2008,FIN,1.0,Lappeenranta (FIN),22 APR 2023
22:42,Mari Cruz DÍAZ,24 OCT 1969,ESP,4.0,L'Hospitalet (ESP),24 APR 1988
22:42,María José POVES,16 MAR 1978,ESP,3.0,Benidorm (ESP),25 JUN 2005
22:42,Teresa LINARES,29 APR 1969,ESP,4.0,Madrid (ESP),04 MAR 2006
22:42,Gisella ORSINI,09 DEC 1971,ITA,2.0,Rieti (ITA),20 MAY 2006
22:42,Susana FEITOR,28 JAN 1975,POR,6.0,Granollers (ESP),07 DEC 2008
22:42,Svetlana GRIGORYEVA,24 FEB 1994,RUS,4.0,"Adler, Sochi (RUS)",01 MAR 2009
22:42,Olive LOUGHNANE,14 JAN 1976,IRL,4.0,Granollers (ESP),07 FEB 2010
22:42,Olive LOUGHNANE,14 JAN 1976,IRL,4.0,Granollers (ESP),13 FEB 2010
22:42,Mariya LOSINOVA,02 MAR 1997,RUS,1.0,Sochi (RUS),23 MAR 2014
22:42,Xiaole ZHANG,17 JAN 2000,CHN,1,Taicang (CHN),15 APR 2017
22:42,Jianing XU,21 MAR 2002,CHN,4,Shangrao (CHN),14 APR 2018
22:42,Wenhua SUN,30 JUN 2003,CHN,8,Huangshan (CHN),10 MAR 2019
22:43,Alena KOSTROMITINA,30 OCT 1989,RUS,2,Cheboksary (RUS),12 JUN 2004
22:43,Elmira ALEMBEKOVA,30 JUN 1990,RUS,1,Kyiv (UKR),20 MAY 2006
22:43,Vera SANTOS,03 DEC 1981,POR,4,Lisboa (POR),28 JUL 2007
22:43,Yuanyuan NI,06 APR 1995,CHN,1,Taicang (CHN),07 MAY 2010
22:43,Mária GÁLIKOVÁ,21 AUG 1980,SVK,2,Hlohovec (SVK),01 JUN 2014
22:43,Sakura KANEKO,29 MAR 2002,JPN,3,Kobe (JPN),17 FEB 2019
22:43,Elvina MURATOVA,31 JAN 2004,RUS,4,Sochi (RUS),17 FEB 2019
22:43,Mengna WANG,02 MAY 2005,CHN,2,Beichuan (CHN),09 APR 2021
22:43,Yutong YANG,14 JAN 2007,CHN,2,Huangshan (CHN),05 MAR 2023
22:44,Beatriz PASCUAL,09 MAY 1982,ESP,1,Salamanca (ESP),05 JUL 2003
22:44,Rocío FLORIDO,16 JAN 1976,ESP,1,Fuenlabrada (ESP),15 MAY 2004
22:44,Kristina SALTANOVIČ,20 FEB 1975,LTU,4,Beja (POR),07 MAY 2005
22:44,Carolina JIMÉNEZ,02 FEB 1980,ESP,2,Valladolid (ESP),15 MAY 2005
22:44,Carolina JIMÉNEZ,02 FEB 1980,ESP,2,Zaragoza (ESP),20 MAY 2005
22:44,Megan SZIROM,18 AUG 1977,AUS,4,Melbourne (AUS),17 FEB 2006
22:44,Mária KATERINKA CZAKOVÁ,02 OCT 1988,SVK,3,Olomouc (CZE),16 APR 2011
22:44,Maria LARIOS LÓPEZ,29 OCT 1992,ESP,2,Murcia (ESP),24 APR 2016
22:44,Maria LARIOS LÓPEZ,29 OCT 1992,ESP,2,Murcia (ESP),24 AUG 2016
22:44,Heta VEIKKOLA,23 MAY 2003,FIN,1,Espoo (FIN),06 MAY 2022
22:44,Raquel GONZÁLEZ,16 NOV 1989,ESP,1,Toledo (ESP),05 NOV 2022
22:45,Jie HAN,31 DEC 1987,CHN,5,Yangzhou (CHN),12 APR 2003
22:45,Toshie KAWATSU,17 DEC 1981,JPN,2,Tokyo (JPN),11 MAY 2003
22:45,Yelena TOLSTOVA,1988,RUS,7,Sochi (RUS),12 MAR 2005
22:45,Claire WOODS,06 JUL 1981,AUS,4,Brisbane (AUS),03 MAR 2006
22:45,Ting ZHANG,08 JUN 1992,CHN,2,Jinzhou (CHN),29 AUG 2006
22:45,Natalya GRABER,19 JUN 1990,RUS,1,"Adler, Sochi (RUS)",17 FEB 2007
22:45,Yukako KAGA,10 APR 1991,JPN,1f1,Kobe (JPN),25 JAN 2009
22:45,Elvira SALKAYEVA,12 MAY 1999,RUS,2,Kostroma (RUS),03 SEP 2016
22:45,Yanna ZHANG,07 OCT 2000,CHN,7,Shangrao (CHN),14 APR 2018
22:45,Eleonora DOMINICI,22 FEB 1996,ITA,3,Lomello (ITA),15 APR 2018
22:45,Anna TETTAMANTI,2005,ITA,1,Lugano (SUI),17 MAR 2019
22:45,Maria MICHTA-COFFEY,23 JUN 1986,USA,1,"Manchester Township, NJ (USA)",25 SEP 2022
22:46,Andrea ALFÖLDI,22 SEP 1964,HUN,3,Fürth (GER),08 AUG 1987
22:46,Kaori NIKAIDO,25 JUL 1979,JPN,2,Tokyo (JPN),01 JAN 2001
22:46,Tatyana METLEVSKAYA,14 SEP 1984,BLR,1,Druskininkai (LTU),07 SEP 2003
22:46,Johanna JACKSON,17 JAN 1985,GBR,1,Manchester (GBR),06 AUG 2005
22:46,Júlia TAKÁCS,29 JUN 1989,HUN,1,Madrid (ESP),04 MAR 2006
22:46,Elisabetta PERRONE,09 JUL 1968,ITA,1,Busto Arsizio (ITA),23 SEP 2006
22:46,Margarita KOLESNICHENKO,07 JAN 1998,RUS,1,Cheboksary (RUS),06 SEP 2014
22:46,Yelena RYABOVA,12 MAR 2001,RUS,3,Kostroma (RUS),03 SEP 2016
22:46,Yukiko UMENO,08 JAN 2003,JPN,2,Kobe (JPN),16 FEB 2020
22:46,Bijun LI,25 OCT 2004,CHN,3,Beichuan (CHN),09 APR 2021
22:46,Ai OYAMA,28 OCT 2005,JPN,1,Kobe (JPN),20 FEB 2022
22:47,Toshie KAWATSU,17 DEC 1981,JPN,3,Tokyo (JPN),01 JAN 2001
22:47,Emanuela PERILLI,19 MAY 1973,ITA,2,Roma (ITA),18 APR 2004
22:47,Carolina JIMÉNEZ,02 FEB 1980,ESP,1,Jerez (ESP),08 MAY 2004
22:47,Tatyana KALMYKOVA,10 JAN 1990,RUS,1,Ishevsk (RUS),25 SEP 2004
22:47,Natalya GRABER,19 JUN 1990,RUS,8,Sochi (RUS),12 MAR 2005
22:47,Carolina JIMÉNEZ,02 FEB 1980,ESP,1,Málaga (ESP),14 MAY 2005
22:47,María José POVES,16 MAR 1978,ESP,1,Santander (ESP),26 APR 2008
22:47,María José POVES,16 MAR 1978,ESP,2,Toledo (ESP),28 NOV 2009
22:47,Lorena CASTRILLO GONZALEZ,21 MAR 1989,ESP,5,Granollers (ESP),07 FEB 2010
22:47,Lorena CASTRILLO GONZALEZ,21 MAR 1989,ESP,5,Granollers (ESP),13 FEB 2010
22:47,Nanako NORIMOTO,17 FEB 1999,JPN,1,Kobe (JPN),19 FEB 2017
22:47,Edna BARROS,18 DEC 1996,POR,4,Guadix (ESP),08 DEC 2018
22:47,Ai MURAKAMI,13 OCT 2000,JPN,4,Kobe (JPN),17 FEB 2019
22:47,Jianing XU,21 MAR 2002,CHN,9,Huangshan (CHN),10 MAR 2019
22:47,Edna BARROS,18 DEC 1996,POR,2,Guadix (ESP),28 DEC 2019
22:48,Gisella ORSINI,09 DEC 1971,ITA,5,Catania (ITA),07 DEC 2003
22:48,Emanuela PERILLI,19 MAY 1973,ITA,1,Viterbo (ITA),05 JUN 2004
22:48,Masumi FUCHISE,02 SEP 1986,JPN,1,Kobe (JPN),30 JAN 2005
22:48,Rachel SEAMAN,14 JAN 1986,CAN,1,Ottawa (CAN),01 JUL 2007
22:48,Kellie WAPSHOTT,23 AUG 1981,AUS,2,Canberra (AUS),07 JUN 2009
22:48,Nozomi YAGI,04 NOV 1994,JPN,1,Kobe (JPN),18 FEB 2012
22:48,Yana SMERDOVA,07 FEB 1998,RUS,2,Sochi (RUS),23 MAR 2014
22:48,Mariya LOSINOVA,02 MAR 1997,RUS,2,Cheboksary (RUS),06 SEP 2014
22:48,Olga YELISEYEVA,06 SEP 1998,RUS,2,Sochi (RUS),28 FEB 2015
22:48,Junhua DONG,05 MAR 1999,CHN,2,Huai'an (CHN),21 APR 2016
22:48,Sarai MESTRE,25 AUG 1996,ESP,3,Murcia (ESP),24 APR 2016
22:48,Jiao WANG,01 FEB 2000,CHN,3,Huangshan (CHN),04 MAR 2017
22:48,Jiecuo DUO,13 APR 2005,CHN,4,Beichuan (CHN),09 APR 2021
22:49,Claire WOODS,06 JUL 1981,AUS,1,Adelaide (AUS),11 JAN 2006
22:49,Neringa AIDIETYTĖ,05 JUN 1983,LTU,6,Hildesheim (GER),27 AUG 2006
22:49,Beatriz PASCUAL,09 MAY 1982,ESP,4,Rubi (ESP),01 APR 2007
22:49,Beatriz PASCUAL,09 MAY 1982,ESP,4,Barcelona (ESP),01 APR 2007
22:49,Jianing XU,21 MAR 2002,CHN,3,Huangshan (CHN),03 MAR 2018
22:49,Siqi LI,03 SEP 2003,CHN,10,Huangshan (CHN),10 MAR 2019
22:50,Olga KASYAN,15 JUN 1982,RUS,4,Saransk (RUS),12 JUN 1999
22:50,Maria IVSHINA,15 SEP 1987,RUS,3,Cheboksary (RUS),12 JUN 2004
22:50,Tatiana DENIZE-BOULANGER,13 JUL 1973,FRA,1,Evreux (FRA),26 JUN 2004
22:50,Natalya GRABER,19 JUN 1990,RUS,2,Ishevsk (RUS),25 SEP 2004
22:50,Rocío FLORIDO,16 JAN 1976,ESP,5,Madrid (ESP),04 MAR 2006
22:50,Han ZHONG,11 MAR 1991,CHN,3,Jinzhou (CHN),29 AUG 2006
22:50,Rossella GIORDANO,01 DEC 1972,ITA,1,Caorle (ITA),23 SEP 2006
22:50,Kseniya TRIFONOVA,07 MAY 1990,RUS,5,Cheboksary (RUS),16 JUN 2007
22:50,Agnese PASTARE,27 OCT 1988,LAT,1,Alytus (LTU),15 SEP 2007
22:50,Nanako FUJII,07 MAY 1999,JPN,1,Wajima (JPN),15 APR 2017
22:50,Maria MICHTA-COFFEY,23 JUN 1986,USA,1,"Albany, NY (USA)",04 JUN 2017
