Mark,Competitor,DOB,Nat,Pos,Venue,Date
14:19,Ejgayehu TAYE,10 FEB 2000,ETH,1,Barcelona (ESP),31 DEC 2021
14:21,Ejgayehu TAYE,10 FEB 2000,ETH,1,Barcelona (ESP),31 DEC 2022
14:29,Francine NIYONSABA,05 MAY 1993,BDI,1,"Sechseläutenplatz, Zürich (SUI)",08 SEP 2021
14:29,Senbere TEFERI,03 MAY 1995,ETH,1,Herzogenaurach (GER),12 SEP 2021
14:30,Hellen OBIRI,13 DEC 1989,KEN,2,"Sechseläutenplatz, Zürich (SUI)",08 SEP 2021
14:31,Ejgayehu TAYE,10 FEB 2000,ETH,3,"Sechseläutenplatz, Zürich (SUI)",08 SEP 2021
14:32,Margaret Chelimo KIPKEMBOI,09 FEB 1993,KEN,4,"Sechseläutenplatz, Zürich (SUI)",08 SEP 2021
14:32,Joyciline JEPKOSGEI,08 DEC 1993,KEN,,Praha (CZE),09 SEP 2017
14:32,Beatrice CHEBET,05 MAR 2000,KEN,1,"Sechseläutenplatz, Zürich (SUI)",07 SEP 2022
14:32,Margaret Chelimo KIPKEMBOI,09 FEB 1993,KEN,2,"Sechseläutenplatz, Zürich (SUI)",07 SEP 2022
14:33,Gudaf TSEGAY,23 JUN 1997,ETH,3,"Sechseläutenplatz, Zürich (SUI)",07 SEP 2022
14:33,Ejgayehu TAYE,10 FEB 2000,ETH,4,"Sechseläutenplatz, Zürich (SUI)",07 SEP 2022
14:35,Caroline NYAGA,07 OCT 1993,KEN,1,Lille (FRA),19 MAR 2023
14:35,Mekides ABEBE,29 JAN 2001,ETH,2,Lille (FRA),19 MAR 2023
14:37,Eva CHERONO,15 AUG 1996,KEN,5,"Sechseläutenplatz, Zürich (SUI)",08 SEP 2021
14:37,Senbere TEFERI,03 MAY 1995,ETH,1,Herzogenaurach (GER),30 APR 2022
14:38,Sifan HASSAN,01 JAN 1993,NED,5,"Sechseläutenplatz, Zürich (SUI)",07 SEP 2022
14:38,Alicia MONSON,13 MAY 1998,USA,6,"Sechseläutenplatz, Zürich (SUI)",07 SEP 2022
14:39,Dawit SEYAUM,27 JUL 1996,ETH,1,Lille (FRA),06 NOV 2021
14:40,Doris Lengole CHEROP,05 FEB 2002,KEN,3,Lille (FRA),19 MAR 2023
14:41,Elizabeth POTTER,27 DEC 1991,GBR,1f6,Barrowford (GBR),03 APR 2021
14:42,Norah JERUTO,02 OCT 1995,KEN,2,Lille (FRA),06 NOV 2021
14:43,Beatrice CHEPKOECH,06 JUL 1991,KEN,1,Monaco (MON),14 FEB 2021
14:44,Fantu WORKU,29 MAR 1999,ETH,6,"Sechseläutenplatz, Zürich (SUI)",08 SEP 2021
14:44,Sifan HASSAN,01 JAN 1993,NED,1,Monaco (MON),17 FEB 2019
14:45,Eilish MCCOLGAN,25 NOV 1990,GBR,1,Málaga (ESP),24 APR 2022
14:46,Meseret DEFAR,19 NOV 1983,ETH,1,"Carlsbad, CA (USA)",09 APR 2006
14:46,Violah JEPCHUMBA,23 OCT 1990,BRN,,Praha (CZE),10 SEP 2016
14:46,Medina EISA,03 JAN 2005,ETH,1,"Adi-Dassler-Straße 1, Herzogenaurach (GER)",29 APR 2023
14:46,Senbere TEFERI,03 MAY 1995,ETH,2,"Adi-Dassler-Straße 1, Herzogenaurach (GER)",29 APR 2023
14:47,Lornah KIPLAGAT,01 MAY 1974,NED,1,Brunssum (NED),28 MAR 2004
14:47,Fantu WORKU,29 MAR 1999,ETH,1,Lille (FRA),20 MAR 2022
14:48,Genzebe DIBABA,08 FEB 1991,ETH,1,"Carlsbad, CA (USA)",29 MAR 2015
14:48,Caroline Chepkoech KIPKIRUI,26 MAY 1994,KEN,,Praha (CZE),08 SEP 2018
14:48,Girmawit GEBRZIHAIR,21 NOV 2001,ETH,3,"Adi-Dassler-Straße 1, Herzogenaurach (GER)",29 APR 2023
14:49,Gladys CHEPKURUI,17 AUG 1994,KEN,1,Wien (AUT),03 OCT 2021
14:49,Senbere TEFERI,03 MAY 1995,ETH,1,"Boston, MA (USA)",16 APR 2022
14:50,Molly HUDDLE,31 AUG 1984,USA,1,"Boston, MA (USA)",18 APR 2015
14:51,Lilian Kasait RENGERUK,03 MAY 1997,KEN,7,"Sechseläutenplatz, Zürich (SUI)",08 SEP 2021
14:51,Paula RADCLIFFE,17 DEC 1973,GBR,1,London (GBR),14 SEP 2003
14:51,Tirunesh DIBABA,01 OCT 1985,ETH,1,"Carlsbad, CA (USA)",03 APR 2005
14:51,Sentayehu EJIGU,28 JUN 1985,ETH,2,"Boston, MA (USA)",18 APR 2015
14:52,Mamitu DASKA,16 OCT 1983,ETH,3,"Boston, MA (USA)",18 APR 2015
14:52,Konstanze KLOSTERHALFEN,18 FEB 1997,GER,2,Barcelona (ESP),31 DEC 2022
14:53,Isabella OCHICHI,28 OCT 1979,KEN,1,"Carlsbad, CA (USA)",28 MAR 2004
14:53,Isabella OCHICHI,28 OCT 1979,KEN,2,"Carlsbad, CA (USA)",09 APR 2006
14:53,Medina EISA,03 JAN 2005,ETH,2,Herzogenaurach (GER),30 APR 2022
14:54,Berhane ADERE,23 NOV 1973,ETH,1,"Carlsbad, CA (USA)",13 APR 2003
14:54,Deena KASTOR,14 FEB 1973,USA,1,"Carlsbad, CA (USA)",07 APR 2002
14:54,Buze DIRIBA,09 FEB 1994,ETH,1,"Boston, MA (USA)",15 APR 2017
14:54,Melknat WUDU,03 JAN 2005,ETH,2,Herzogenaurach (GER),12 SEP 2021
14:54,Nigsti HAFTU,08 JUL 1999,ETH,3,Herzogenaurach (GER),12 SEP 2021
14:54,Meskerem MAMO,13 APR 1999,ETH,3,Lille (FRA),06 NOV 2021
14:55,Isabella OCHICHI,28 OCT 1979,KEN,2,"Carlsbad, CA (USA)",03 APR 2005
14:56,Sonia O'SULLIVAN,28 NOV 1969,IRL,1,London (GBR),01 SEP 2002
14:56,Isabella OCHICHI,28 OCT 1979,KEN,2,"Carlsbad, CA (USA)",13 APR 2003
14:56,Molly HUDDLE,31 AUG 1984,USA,2,"Boston, MA (USA)",15 APR 2017
14:56,Mercy CHERONO,07 MAY 1991,KEN,3,Herzogenaurach (GER),30 APR 2022
14:57,Paula RADCLIFFE,17 DEC 1973,GBR,1,London (GBR),02 SEP 2001
14:57,Gelete BURKA,23 JAN 1986,ETH,4,"Boston, MA (USA)",18 APR 2015
14:57,Naomi CHEPNGENO,22 DEC 1994,KEN,2,Málaga (ESP),24 APR 2022
14:57,Brenda CHEBET,16 MAR 2004,KEN,4,Lille (FRA),19 MAR 2023
14:57,Lemlem NIBRET,01 JAN 2005,ETH,4,"Adi-Dassler-Straße 1, Herzogenaurach (GER)",29 APR 2023
14:57,Naomi CHEPNGENO,22 DEC 1994,KEN,1,Wien (AUT),04 JUN 2023
14:58,Lydia CHEROMEI,11 MAY 1977,KEN,1,Bern (SUI),08 JUN 1997
14:58,Hawi FEYSA,01 FEB 1999,ETH,7,"Sechseläutenplatz, Zürich (SUI)",07 SEP 2022
14:59,Benita WILLIS-JOHNSON,06 MAY 1979,AUS,2,London (GBR),01 SEP 2002
14:59,Purity Kajuju GITONGA,12 MAY 1996,KEN,2,Wien (AUT),04 JUN 2023
15:00,Karoline Bjerkeli GRØVDAL,14 JUN 1990,NOR,8,"Sechseläutenplatz, Zürich (SUI)",08 SEP 2021
15:00,Tirunesh DIBABA,01 OCT 1985,ETH,3,"Carlsbad, CA (USA)",13 APR 2003
15:00,Buze DIRIBA,09 FEB 1994,ETH,5,"Boston, MA (USA)",18 APR 2015
15:00,Genzebe DIBABA,08 FEB 1991,ETH,1,Barcelona (ESP),31 DEC 2020
15:01,Meseret DEFAR,19 NOV 1983,ETH,1,"Carlsbad, CA (USA)",01 APR 2007
15:01,Meseret DEFAR,19 NOV 1983,ETH,1,London (GBR),07 SEP 2008
15:01,Tirunesh DIBABA,01 OCT 1985,ETH,1,"Carlsbad, CA (USA)",01 APR 2012
15:01,Mekides ABEBE,29 JAN 2001,ETH,1,"Boston, MA (USA)",15 APR 2023
15:01,Yalemget YAREGAL,23 OCT 2003,ETH,5,"Adi-Dassler-Straße 1, Herzogenaurach (GER)",29 APR 2023
15:02,Benita WILLIS-JOHNSON,06 MAY 1979,AUS,4,"Carlsbad, CA (USA)",13 APR 2003
15:02,Meseret DEFAR,19 NOV 1983,ETH,1,"Carlsbad, CA (USA)",03 APR 2016
15:02,Agnes Jebet NGETICH,23 JAN 2001,KEN,4,Herzogenaurach (GER),12 SEP 2021
15:02,Agnes Jebet NGETICH,23 JAN 2001,KEN,2,"Boston, MA (USA)",15 APR 2023
15:03,Vicoty CHEPNGENO,12 NOV 1993,KEN,1,Wien (AUT),22 MAY 2022
15:04,Berhane ADERE,23 NOV 1973,ETH,1,Balmoral (GBR),08 MAY 2004
15:04,Meseret DEFAR,19 NOV 1983,ETH,1,"Carlsbad, CA (USA)",11 APR 2010
15:04,Kalkidan GEZAHEGNE,08 MAY 1991,BRN,3,"Boston, MA (USA)",15 APR 2017
15:04,Karoline Bjerkeli GRØVDAL,14 JUN 1990,NOR,1,Spikkestad (NOR),04 OCT 2020
15:04,Meraf BAHTA,24 JUN 1989,SWE,2,Barcelona (ESP),31 DEC 2021
15:04,Weini KELATI FREZGHI,01 DEC 1996,USA,2,"Boston, MA (USA)",16 APR 2022
15:04,Melknat WUDU,03 JAN 2005,ETH,6,"Adi-Dassler-Straße 1, Herzogenaurach (GER)",29 APR 2023
15:05,Rose CHERUIYOT,21 JUL 1976,KEN,1,"Carlsbad, CA (USA)",02 APR 1995
15:05,Peruth CHEMUTAI,10 JUL 1999,UGA,2,Lille (FRA),20 MAR 2022
15:05,Gladys CHEPKURUI,17 AUG 1994,KEN,3,Wien (AUT),04 JUN 2023
15:06,Asmae LEGHZAOUI,30 AUG 1976,MAR,1,"Providence, RI (USA)",15 SEP 2002
15:06,Sonia O'SULLIVAN,28 NOV 1969,IRL,1,London (GBR),05 SEP 2004
15:06,Linet Chepkwemoi MASAI,05 DEC 1989,KEN,1,London (GBR),05 SEP 2010
15:06,Julia BLEASDALE,09 SEP 1981,GBR,1,"Carlsbad, CA (USA)",30 MAR 2014
15:06,Loice CHEMNUNG,22 FEB 1997,KEN,4,Lille (FRA),06 NOV 2021
15:06,Eva CHERONO,15 AUG 1996,KEN,3,Lille (FRA),20 MAR 2022
15:06,Gladys CHEPKURUI,17 AUG 1994,KEN,2,Wien (AUT),22 MAY 2022
15:06,Karoline Bjerkeli GRØVDAL,14 JUN 1990,NOR,3,Barcelona (ESP),31 DEC 2022
15:07,Benita WILLIS-JOHNSON,06 MAY 1979,AUS,2.0,"Carlsbad, CA (USA)",28 MAR 2004
15:07,Mary Wacera NGUGI,17 DEC 1988,KEN,6.0,"Boston, MA (USA)",18 APR 2015
15:08,Deena KASTOR,14 FEB 1973,USA,1.0,"Carlsbad, CA (USA)",26 MAR 2000
15:08,Derartu TULU,21 MAR 1972,ETH,2.0,London (GBR),05 SEP 2004
15:08,Meseret DEFAR,19 NOV 1983,ETH,1.0,London (GBR),16 SEP 2007
15:08,Marielle HALL,28 JAN 1992,USA,4.0,"Boston, MA (USA)",15 APR 2017
15:08,Keira D'AMATO,21 OCT 1984,USA,1.0,"Memphis, TN (USA)",14 NOV 2020
15:09,Zenah Jemutai YEGO,02 DEC 2002,KEN,5.0,Lille (FRA),19 MAR 2023
15:09,Brenda CHEBET,16 MAR 2004,KEN,7.0,"Adi-Dassler-Straße 1, Herzogenaurach (GER)",29 APR 2023
15:09,Karoline Bjerkeli GRØVDAL,14 JUN 1990,NOR,8.0,"Adi-Dassler-Straße 1, Herzogenaurach (GER)",29 APR 2023
15:10,Elana MEYER,10 OCT 1966,RSA,1.0,"Providence, RI (USA)",16 OCT 1994
15:10,Sylvia Jebiwot KIBET,28 MAR 1984,KEN,2.0,London (GBR),05 SEP 2010
15:10,Molly HUDDLE,31 AUG 1984,USA,1.0,"Providence, RI (USA)",21 SEP 2014
15:10,Laura WEIGHTMAN,01 JUL 1991,GBR,1.0,Wigan (GBR),05 OCT 2020
15:10,Dawit SEYAUM,27 JUL 1996,ETH,5.0,Herzogenaurach (GER),12 SEP 2021
15:11,Liz MCCOLGAN,24 MAY 1964,GBR,1.0,"Carlsbad, CA (USA)",14 APR 1991
15:11,Marta DOMÍNGUEZ,03 NOV 1975,ESP,3.0,London (GBR),01 SEP 2002
15:11,Sonia O'SULLIVAN,28 NOV 1969,IRL,2.0,Balmoral (GBR),08 MAY 2004
15:11,Vivian Jepkemoi CHERUIYOT,11 SEP 1983,KEN,1.0,London (GBR),06 SEP 2009
15:11,Melknat WUDU,03 JAN 2005,ETH,4.0,Herzogenaurach (GER),30 APR 2022
15:12,Beatrice CHEBET,05 MAR 2000,KEN,9.0,"Sechseläutenplatz, Zürich (SUI)",08 SEP 2021
15:12,Linet Chepkwemoi MASAI,05 DEC 1989,KEN,2.0,London (GBR),06 SEP 2009
15:12,Emily CHEBET,18 FEB 1986,KEN,1.0,"Albany, NY (USA)",05 JUN 2010
15:12,Werknesh KIDANE,07 JAN 1981,ETH,1.0,"Boston, MA (USA)",15 APR 2012
15:12,Molly HUDDLE,31 AUG 1984,USA,1.0,"Boston, MA (USA)",19 APR 2014
15:12,Cynthia JEROTICH,18 DEC 1989,KEN,7.0,"Boston, MA (USA)",18 APR 2015
15:12,Molly HUDDLE,31 AUG 1984,USA,1.0,"Providence, RI (USA)",20 SEP 2015
15:12,Nigsti HAFTU,08 JUL 1999,ETH,5.0,Herzogenaurach (GER),30 APR 2022
15:12,Peruth CHEMUTAI,10 JUL 1999,UGA,6.0,Lille (FRA),19 MAR 2023
15:12,Annie RODENFELS,24 JUL 1996,USA,3.0,"Boston, MA (USA)",15 APR 2023
15:13,Annemari SANDELL,02 JAN 1977,FIN,1.0,Portsmouth (GBR),13 APR 1996
15:13,Aberu KEBEDE,12 SEP 1986,ETH,3.0,London (GBR),06 SEP 2009
15:13,Aheza KIROS,16 OCT 1985,ETH,1.0,"Carlsbad, CA (USA)",03 APR 2011
15:13,Werknesh KIDANE,07 JAN 1981,ETH,2.0,"Carlsbad, CA (USA)",01 APR 2012
15:13,Gelete BURKA,23 JAN 1986,ETH,2.0,"Carlsbad, CA (USA)",29 MAR 2015
15:13,Caroline Chepkoech KIPKIRUI,26 MAY 1994,KEN,2.0,"Carlsbad, CA (USA)",03 APR 2016
15:13,Brigid KOSGEI,20 FEB 1994,KEN,1.0,Lisboa (POR),19 MAY 2019
15:13,Medina EISA,03 JAN 2005,ETH,6.0,Herzogenaurach (GER),12 SEP 2021
15:13,Nadia BATTOCLETTI,12 APR 2000,ITA,6.0,Herzogenaurach (GER),30 APR 2022
15:13,Weini KELATI FREZGHI,01 DEC 1996,USA,4.0,"Boston, MA (USA)",15 APR 2023
15:14,Vicki HUBER,29 MAY 1967,USA,1.0,"Carlsbad, CA (USA)",29 MAR 1992
15:14,Nataliya BERKUT,30 MAY 1975,UKR,,Neuss (GER),05 JUN 2004
15:14,Vivian Jepkemoi CHERUIYOT,11 SEP 1983,KEN,1.0,"Carlsbad, CA (USA)",06 APR 2008
15:14,Pauline Chemning KORIKWIANG,01 MAR 1988,KEN,2.0,"Carlsbad, CA (USA)",03 APR 2011
15:14,Buze DIRIBA,09 FEB 1994,ETH,1.0,Rennes (FRA),14 OCT 2012
15:14,Mamitu DASKA,16 OCT 1983,ETH,2.0,"Boston, MA (USA)",19 APR 2014
15:14,Molly HUDDLE,31 AUG 1984,USA,1.0,"Boston, MA (USA)",16 APR 2016
15:14,Joyce Chepkemoi TELE,03 MAY 1995,KEN,5.0,Lille (FRA),06 NOV 2021
15:14,Fancy CHERONO,02 AUG 2001,KEN,6.0,Lille (FRA),06 NOV 2021
15:15,Yelena ROMANOVA,20 MAR 1963,RUS,1.0,Bern (SUI),13 JUN 1993
15:15,Catherina MCKIERNAN,30 NOV 1969,IRL,2.0,Portsmouth (GBR),13 APR 1996
15:15,Lornah KIPLAGAT,01 MAY 1974,KEN,1.0,Trier (GER),31 DEC 2000
15:15,Susie POWER,26 MAR 1975,AUS,4.0,London (GBR),01 SEP 2002
15:15,Lonah Chemtai SALPETER,12 DEC 1988,ISR,1.0,Tel Aviv (ISR),15 FEB 2019
15:15,Alemitu TARIKU,28 SEP 2000,ETH,7.0,Herzogenaurach (GER),12 SEP 2021
15:15,Mercyline CHERONO,04 JAN 1992,KEN,7.0,Lille (FRA),06 NOV 2021
15:15,Jesca CHELANGAT,09 JAN 1998,KEN,5.0,"Boston, MA (USA)",15 APR 2023
15:16,Irina MIKITENKO,23 AUG 1972,GER,1.0,Kassel (GER),14 MAY 2000
15:16,Irina MIKITENKO,23 AUG 1972,GER,2.0,Trier (GER),31 DEC 2000
15:16,Émilie MONDOR,29 APR 1981,CAN,1.0,"Chula Vista, CA (USA)",24 OCT 2004
15:16,Meselech MELKAMU,19 APR 1985,ETH,3.0,"Carlsbad, CA (USA)",03 APR 2005
15:16,Kimberley SMITH,19 NOV 1981,NZL,1.0,"Boston, MA (USA)",14 APR 2013
15:16,Sentayehu EJIGU,28 JUN 1985,ETH,3.0,"Boston, MA (USA)",19 APR 2014
15:16,Betsy SAINA,30 JUN 1988,KEN,4.0,"Boston, MA (USA)",19 APR 2014
15:16,Purity Cherotich RIONORIPO,10 JUN 1993,KEN,1.0,Lisboa (POR),15 MAY 2016
15:16,Monicah WANJUHI,07 NOV 1993,KEN,1.0,"Boston, MA (USA)",13 APR 2019
15:16,Sharon LOKEDI,10 MAR 1994,KEN,3.0,"Boston, MA (USA)",16 APR 2022
15:16,Mekdes WOLDU,20 OCT 1992,FRA,3.0,Málaga (ESP),24 APR 2022
15:16,Jesca CHELANGAT,09 JAN 1998,KEN,7.0,Herzogenaurach (GER),30 APR 2022
15:16,Luiza GEGA,05 NOV 1988,ALB,7.0,Lille (FRA),19 MAR 2023
15:17,Kathrin WESSEL,14 AUG 1967,GER,1.0,Essen (GER),01 MAY 1993
15:17,Sentayehu EJIGU,28 JUN 1985,ETH,3.0,"Carlsbad, CA (USA)",09 APR 2006
15:17,Etenesh DIRO,10 MAY 1991,ETH,2.0,Rennes (FRA),14 OCT 2012
15:17,Gotytom GEBRESLASE,15 JAN 1995,ETH,5.0,"Boston, MA (USA)",19 APR 2014
15:17,Shalane FLANAGAN,08 JUL 1981,USA,2.0,"Providence, RI (USA)",20 SEP 2015
15:18,Liz MCCOLGAN,24 MAY 1964,GBR,3.0,Portsmouth (GBR),13 APR 1996
15:18,Sally BARSOSIO,21 MAR 1978,KEN,1.0,"Carlsbad, CA (USA)",13 APR 1997
15:18,Leah MALOT,07 JUN 1972,KEN,3.0,Trier (GER),31 DEC 2000
15:18,Yelena ZADOROZHNAYA,03 DEC 1977,RUS,1.0,Kassel (GER),20 JUN 2009
15:18,Wude AYALEW,04 JUL 1987,ETH,3.0,"Carlsbad, CA (USA)",29 MAR 2015
15:18,Caroline Chepkoech KIPKIRUI,26 MAY 1994,KEN,1.0,San José (USA),24 NOV 2016
15:18,Weini KELATI FREZGHI,01 DEC 1996,USA,1.0,"New York, NY (USA)",06 NOV 2021
15:19,Tirunesh DIBABA,01 OCT 1985,ETH,2.0,"Carlsbad, CA (USA)",07 APR 2002
15:19,Meseret DEFAR,19 NOV 1983,ETH,5.0,"Carlsbad, CA (USA)",13 APR 2003
15:19,Émilie MONDOR,29 APR 1981,CAN,6.0,"Carlsbad, CA (USA)",13 APR 2003
15:19,Benita WILLIS-JOHNSON,06 MAY 1979,AUS,4.0,"Carlsbad, CA (USA)",09 APR 2006
15:19,Tsigei WORKU,19 JAN 1982,ETH,2.0,Kassel (GER),20 JUN 2009
15:19,Mamitu DASKA,16 OCT 1983,ETH,1.0,"Albany, NY (USA)",04 JUN 2011
15:20,Uta PIPPIG,07 SEP 1965,GER,2.0,Bern (SUI),13 JUN 1993
15:20,Colleen DE REUCK,13 APR 1964,RSA,1.0,"Carlsbad, CA (USA)",27 MAR 1994
15:20,Angela CHALMERS,06 SEP 1963,CAN,1.0,"Carlsbad, CA (USA)",31 MAR 1996
15:20,Nora Leticia ROCHA,18 DEC 1967,MEX,2.0,"Carlsbad, CA (USA)",26 MAR 2000
15:20,Restituta JOSEPH KEMI,30 JUL 1971,TAN,2.0,Kassel (GER),14 MAY 2000
15:20,Sally BARSOSIO,21 MAR 1978,KEN,1.0,"Carlsbad, CA (USA)",01 APR 2001
15:20,Werknesh KIDANE,07 JAN 1981,ETH,3.0,"Carlsbad, CA (USA)",07 APR 2002
15:20,Leah MALOT,07 JUN 1972,KEN,1.0,Bern (SUI),09 JUN 2002
15:20,Derartu TULU,21 MAR 1972,ETH,2.0,London (GBR),14 SEP 2003
15:20,Edna Ngeringwony KIPLAGAT,15 NOV 1979,KEN,2.0,"Albany, NY (USA)",05 JUN 2010
15:20,Caroline CHEPKWONY,24 JUL 1985,KEN,1.0,Kassel (GER),20 JUN 2010
15:20,Mamitu DASKA,16 OCT 1983,ETH,1.0,"Albany, NY (USA)",02 JUN 2012
15:20,Tsigie GEBRESELAMA,30 SEP 2000,ETH,1,Addis Abeba (ETH),15 MAR 2020
15:21,Luminita ZAITUC,09 OCT 1968,GER,3,Kassel (GER),14 MAY 2000
15:21,Sentayehu EJIGU,28 JUN 1985,ETH,7,"Carlsbad, CA (USA)",13 APR 2003
15:21,Jennifer RHINES,01 JUL 1974,USA,2,"Carlsbad, CA (USA)",01 APR 2007
15:21,Rose CHERUIYOT,21 JUL 1976,KEN,2,"Carlsbad, CA (USA)",06 APR 2008
15:21,Aheza KIROS,16 OCT 1985,ETH,2,"Boston, MA (USA)",15 APR 2012
15:21,Betsy SAINA,30 JUN 1988,KEN,2,"Carlsbad, CA (USA)",30 MAR 2014
15:21,Linet Chepkwemoi MASAI,05 DEC 1989,KEN,6,"Boston, MA (USA)",19 APR 2014
15:21,Lucy Kabuu WANGUI,24 MAR 1984,KEN,1,"Albany, NY (USA)",31 MAY 2014
15:22,Shelly STEELY,23 OCT 1962,USA,1,"Los Angeles, CA (USA)",03 MAR 1991
15:22,Tegla LOROUPE,09 MAY 1973,KEN,2,London (GBR),02 SEP 2001
15:22,Émilie MONDOR,29 APR 1981,CAN,3,Balmoral (GBR),08 MAY 2004
15:22,Benita WILLIS-JOHNSON,06 MAY 1979,AUS,1,"Albany, NY (USA)",02 JUN 2007
15:22,Caroline CHEPKWONY,24 JUL 1985,KEN,3,Kassel (GER),20 JUN 2009
15:22,Pauline Chemning KORIKWIANG,01 MAR 1988,KEN,3,"Carlsbad, CA (USA)",01 APR 2012
15:22,Margaret Wangari MURIUKI,21 MAR 1986,KEN,3,Rennes (FRA),14 OCT 2012
15:22,Buze DIRIBA,09 FEB 1994,ETH,1,Rennes (FRA),13 OCT 2013
15:22,Mamitu DASKA,16 OCT 1983,ETH,2,"Albany, NY (USA)",31 MAY 2014
15:22,Netsanet GUDETA,12 FEB 1991,ETH,1,Rennes (FRA),11 OCT 2015
15:22,Aliphine Chepkerker TULIAMUK,05 APR 1989,USA,1,"Providence, RI (USA)",18 SEP 2016
15:22,Buze DIRIBA,09 FEB 1994,ETH,1,"Boston, MA (USA)",14 APR 2018
15:22,Laura WEIGHTMAN,01 JUL 1991,GBR,1,Ipswich (GBR),11 MAY 2019
15:22,Alina REH,23 MAY 1997,GER,1f3,Berlin (GER),12 JUL 2020
15:22,Sarah LAHTI,18 FEB 1995,SWE,1,Angers (FRA),24 APR 2021
15:22,Dawit SEYAUM,27 JUL 1996,ETH,1,Bolzano (ITA),31 DEC 2021
15:22,Elly HENES,13 OCT 1998,USA,4,"Boston, MA (USA)",16 APR 2022
15:22,Teresiah Muthoni GATERI,05 JAN 2002,KEN,1,Fukuoka (JPN),12 NOV 2022
15:22,Wede KEFALE,02 MAR 2000,ETH,8,Lille (FRA),19 MAR 2023
15:23,Esther KIPLAGAT,08 DEC 1966,KEN,3,Bern (SUI),13 JUN 1993
15:23,Eyerusalem KUMA,07 SEP 1981,ETH,3,"Carlsbad, CA (USA)",26 MAR 2000
15:23,Meseret DEFAR,19 NOV 1983,ETH,3,"Carlsbad, CA (USA)",28 MAR 2004
15:23,Mamitu DASKA,16 OCT 1983,ETH,3,"Albany, NY (USA)",05 JUN 2010
15:23,Aheza KIROS,16 OCT 1985,ETH,2,"Albany, NY (USA)",04 JUN 2011
15:23,Lineth CHEPKURUI,23 FEB 1987,KEN,2,"Boston, MA (USA)",14 APR 2013
15:23,Janet KISA,05 DEC 1992,KEN,2,Rennes (FRA),13 OCT 2013
15:23,Etalemahu HABTEWOLD,1990,ETH,3,"Carlsbad, CA (USA)",30 MAR 2014
15:23,Fotyen TESFAY,17 FEB 1998,ETH,2,"Boston, MA (USA)",14 APR 2018
15:23,Yasemin CAN,11 DEC 1996,TUR,8,Herzogenaurach (GER),12 SEP 2021
15:23,Emily DURGIN,15 MAY 1994,USA,5,"Boston, MA (USA)",16 APR 2022
15:23,Agate CAUNE,07 AUG 2004,LAT,1,Riga (LAT),07 MAY 2023
15:24,Laura MYKYTOK,17 SEP 1968,USA,2,"Providence, RI (USA)",16 OCT 1994
15:24,Delillah ASIAGO,24 FEB 1972,KEN,2,"Carlsbad, CA (USA)",02 APR 1995
15:24,Marla RUNYAN,04 JAN 1969,USA,4,"Carlsbad, CA (USA)",26 MAR 2000
15:24,Eyerusalem KUMA,07 SEP 1981,ETH,2,"Carlsbad, CA (USA)",01 APR 2001
15:24,Eyerusalem KUMA,07 SEP 1981,ETH,4,"Carlsbad, CA (USA)",07 APR 2002
15:24,Joyce CHEPCHUMBA,06 NOV 1970,KEN,5,London (GBR),01 SEP 2002
15:24,Marie DAVENPORT-MCMAHON,24 JAN 1975,IRL,1,"Providence, RI (USA)",07 SEP 2003
15:24,Sonia O'SULLIVAN,28 NOV 1969,IRL,3,London (GBR),14 SEP 2003
15:24,Mihaela Maria BOTEZAN-PRUNDUS,21 NOV 1976,ROU,3,London (GBR),05 SEP 2004
15:24,Berhane ADERE,23 NOV 1973,ETH,1,London (GBR),03 SEP 2006
15:24,Miriam SIAMUSIYE,,USA,1,"Little Rock, AR (USA)",04 JUL 2008
15:24,Haftamnesh TESFAYE,28 APR 1994,ETH,3,Rennes (FRA),13 OCT 2013
15:24,Brenda MARTINEZ,08 SEP 1987,USA,4,"Carlsbad, CA (USA)",30 MAR 2014
15:24,Dera DIDA,26 OCT 1996,ETH,2,Rennes (FRA),11 OCT 2015
15:24,Etagegne WOLDU,10 MAY 1996,ETH,3,Rennes (FRA),11 OCT 2015
15:24,Molly HUDDLE,31 AUG 1984,USA,1,"New York, NY (USA)",04 NOV 2017
15:24,Monicah WANJUHI,07 NOV 1993,KEN,3,"Boston, MA (USA)",14 APR 2018
15:24,Elizabeth POTTER,27 DEC 1991,GBR,1,Barrowford (GBR),08 AUG 2020
15:24,Norah JERUTO,02 OCT 1995,KEN,2,Bolzano (ITA),31 DEC 2021
15:24,Fiona O'KEEFFE,24 MAY 1998,USA,6,"Boston, MA (USA)",15 APR 2023
15:24,Majida MAAYOUF,27 APR 1989,MAR,,Santander (ESP),14 MAY 2023
15:24,Nadia BATTOCLETTI,12 APR 2000,ITA,4,Wien (AUT),04 JUN 2023
15:25,Judi ST. HILAIRE,05 SEP 1959,USA,1,"Fort Myers, FL (USA)",16 FEB 1991
15:25,Naomi MUGO,02 JAN 1977,KEN,1,"Carlsbad, CA (USA)",29 MAR 1998
15:25,Sally BARSOSIO,21 MAR 1978,KEN,5,"Carlsbad, CA (USA)",26 MAR 2000
15:25,Marla RUNYAN,04 JAN 1969,USA,1,"Albany, NY (USA)",31 MAY 2003
15:25,Sentayehu EJIGU,28 JUN 1985,ETH,4,"Carlsbad, CA (USA)",28 MAR 2004
15:25,Caroline Cheptanui KILEL,21 MAR 1981,KEN,1,Praha (CZE),19 SEP 2004
15:25,Mirriam KAUMBA,09 APR 1983,ZAM,1,"Little Rock, AR (USA)",04 JUL 2006
15:25,Olga KRAVTSOVA,25 JUL 1981,BLR,1,"Binghamton, NY (USA)",27 AUG 2006
15:25,Adenech ZEKIROS,26 MAR 1982,ETH,3,"Carlsbad, CA (USA)",01 APR 2007
15:25,Fate TOLA,22 OCT 1987,ETH,2,Kassel (GER),20 JUN 2010
15:25,Mary Jepkosgei KEITANY,18 JAN 1982,KEN,1,Lisboa (POR),29 MAY 2011
15:25,Jordan HASAY,21 SEP 1991,USA,2,"Providence, RI (USA)",21 SEP 2014
15:25,Lanni MARCHANT,11 APR 1984,CAN,1,"Anaheim, CA (USA)",13 JUN 2015
15:25,Laura WEIGHTMAN,01 JUL 1991,GBR,1,Barrowford (GBR),10 MAR 2018
15:25,Maureen KOSTER,03 JUL 1992,NED,1,Nijmegen (NED),19 JUL 2020
15:25,Charlotte ARTER,18 JUN 1991,GBR,2,Wien (AUT),03 OCT 2021
15:25,Keira D'AMATO,21 OCT 1984,USA,6,"Boston, MA (USA)",16 APR 2022
15:26,Yimenashu TAYE,1979,ETH,6,"Carlsbad, CA (USA)",26 MAR 2000
15:26,Tegla LOROUPE,09 MAY 1973,KEN,6,London (GBR),01 SEP 2002
15:26,Émilie MONDOR,29 APR 1981,CAN,4,London (GBR),14 SEP 2003
15:26,Joanne PAVEY,20 SEP 1973,GBR,2,London (GBR),03 SEP 2006
15:26,Shalane FLANAGAN,08 JUL 1981,USA,1,"Providence, RI (USA)",16 SEP 2007
15:26,Aheza KIROS,16 OCT 1985,ETH,2,"Carlsbad, CA (USA)",11 APR 2010
15:26,Kimberley SMITH,19 NOV 1981,NZL,3,"Boston, MA (USA)",15 APR 2012
15:26,Gelete BURKA,23 JAN 1986,ETH,1,"Carlsbad, CA (USA)",07 APR 2013
15:26,Emily CHEBET,18 FEB 1986,KEN,1,"Albany, NY (USA)",01 JUN 2013
15:26,Hirut ALEMAYEHU,12 DEC 1993,ETH,4,Rennes (FRA),13 OCT 2013
15:26,Alina REH,23 MAY 1997,GER,9,"Adi-Dassler-Straße 1, Herzogenaurach (GER)",29 APR 2023
15:27,Amy YODER BEGLEY,11 JAN 1978,USA,1,"Providence, RI (USA)",20 SEP 2009
15:27,Annette SERGENT-PALLUY,17 NOV 1962,FRA,2,"Carlsbad, CA (USA)",29 MAR 1992
15:27,Olga APPELL,02 AUG 1963,USA,3,"Carlsbad, CA (USA)",02 APR 1995
15:27,Elva DRYER,26 SEP 1971,USA,2,"Carlsbad, CA (USA)",29 MAR 1998
15:27,Amy RUDOLPH,18 SEP 1973,USA,3,"Carlsbad, CA (USA)",29 MAR 1998
15:27,Benita WILLIS-JOHNSON,06 MAY 1979,AUS,1,"Albany, NY (USA)",03 JUN 2006
15:27,Rita Jeptoo SITIENEI,15 FEB 1981,KEN,3,London (GBR),03 SEP 2006
15:27,Anikó KÁLOVICS,13 MAY 1977,HUN,1,Praha (CZE),13 SEP 2008
15:27,Teyiba ERKISO,28 SEP 1982,ETH,1,"Albany, NY (USA)",30 MAY 2009
15:27,Kimberley SMITH,19 NOV 1981,NZL,5,London (GBR),06 SEP 2009
15:27,Mercy CHERONO,07 MAY 1991,KEN,2.0,"Carlsbad, CA (USA)",07 APR 2013
15:27,Mary Wacera NGUGI,17 DEC 1988,KEN,1.0,"Frankfort, KY (USA)",04 JUL 2017
15:27,Gotytom GEBRESLASE,15 JAN 1995,ETH,4.0,"Boston, MA (USA)",14 APR 2018
15:27,Yalemzerf YEHUALAW,03 AUG 1999,ETH,2.0,Addis Abeba (ETH),15 MAR 2020
15:27,Mirriam CHEBET,2000,KEN,3.0,Wien (AUT),22 MAY 2022
15:27,Emma Grace HURLEY,1997,USA,7.0,"Boston, MA (USA)",15 APR 2023
15:28,Wanda PANFIL,26 JAN 1959,POL,2.0,"Los Angeles, CA (USA)",03 MAR 1991
15:28,Gete WAMI,11 DEC 1974,ETH,1.0,Bern (SUI),09 JUN 1996
15:28,Libbie JOHNSON-HICKMAN,17 FEB 1965,USA,2.0,"Carlsbad, CA (USA)",13 APR 1997
15:28,Leah MALOT,07 JUN 1972,KEN,2.0,"Providence, RI (USA)",07 SEP 2003
15:28,Émilie MONDOR,29 APR 1981,CAN,4.0,London (GBR),05 SEP 2004
15:28,Benita WILLIS-JOHNSON,06 MAY 1979,AUS,2.0,London (GBR),16 SEP 2007
15:28,Dulce FÉLIX,23 OCT 1982,POR,1.0,Wien (AUT),22 MAY 2011
15:28,Paskalia Chepkorir KIPKOECH,22 DEC 1988,KEN,3.0,"Carlsbad, CA (USA)",07 APR 2013
15:28,Molly HUDDLE,31 AUG 1984,USA,3.0,"Boston, MA (USA)",14 APR 2013
15:28,Hiwot GEBREKIDAN,11 MAY 1995,ETH,5.0,Rennes (FRA),13 OCT 2013
15:28,Afera GODFAY,25 SEP 1991,ETH,3.0,"Albany, NY (USA)",31 MAY 2014
15:28,Susan KUIJKEN,08 JUL 1986,NED,4.0,"Carlsbad, CA (USA)",29 MAR 2015
15:28,Susan KUIJKEN,08 JUL 1986,NED,3.0,"Carlsbad, CA (USA)",03 APR 2016
15:28,Buze DIRIBA,09 FEB 1994,ETH,2.0,"Boston, MA (USA)",16 APR 2016
15:28,Rosie EDWARDS,20 AUG 1988,GBR,1.0,"Louisville, KY (USA)",05 MAR 2017
15:28,Lonah Chemtai SALPETER,12 DEC 1988,ISR,1.0,Tel Aviv (ISR),07 JAN 2021
15:29,Kim CONLEY,14 MAR 1986,USA,1.0,San José (USA),28 NOV 2013
15:29,Lorraine MOLLER,01 JUN 1955,NZL,1.0,"Woodland Hills, CA (USA)",31 OCT 1982
15:29,Grete WAITZ,01 OCT 1953,NOR,1.0,"West Lafayette, IN (USA)",20 OCT 1984
15:29,Wilma VAN ONNA,13 JUN 1965,NED,1.0,Freeport (BAH),29 FEB 1992
15:29,Shelly STEELY,23 OCT 1962,USA,3.0,"Carlsbad, CA (USA)",29 MAR 1992
15:29,Annette HAND-PETERS,31 MAY 1965,USA,4.0,"Carlsbad, CA (USA)",29 MAR 1992
15:29,Libbie JOHNSON-HICKMAN,17 FEB 1965,USA,4.0,"Carlsbad, CA (USA)",02 APR 1995
15:29,Sally BARSOSIO,21 MAR 1978,KEN,1.0,London (GBR),23 APR 1995
15:29,Colleen DE REUCK,13 APR 1964,USA,1.0,"Austin, TX (USA)",21 APR 2002
15:29,Anikó KÁLOVICS,13 MAY 1977,HUN,2.0,Praha (CZE),19 SEP 2004
15:29,Nataliya BERKUT,30 MAY 1975,UKR,2.0,"Albany, NY (USA)",03 JUN 2006
15:29,Benita WILLIS-JOHNSON,06 MAY 1979,AUS,4.0,London (GBR),03 SEP 2006
15:29,Selly Chepyego KAPTICH,03 OCT 1985,KEN,1.0,Miyazaki (JPN),06 JAN 2007
15:29,Joanne PAVEY,20 SEP 1973,GBR,3.0,London (GBR),16 SEP 2007
15:29,Shalane FLANAGAN,08 JUL 1981,USA,1.0,"Providence, RI (USA)",21 SEP 2008
15:29,Monica WANGARI,04 OCT 1986,KEN,4.0,Kassel (GER),20 JUN 2009
15:29,Emily CHEBET,18 FEB 1986,KEN,3.0,"Albany, NY (USA)",04 JUN 2011
15:29,Margaret Wangari MURIUKI,21 MAR 1986,KEN,1.0,Rennes (FRA),09 OCT 2011
15:29,Kidsan ALEMA,29 JUL 1995,ETH,4.0,Rennes (FRA),11 OCT 2015
15:29,Monicah WANJUHI,07 NOV 1993,KEN,2.0,"Frankfort, KY (USA)",04 JUL 2017
15:29,Laura WEIGHTMAN,01 JUL 1991,GBR,2.0,Monaco (MON),17 FEB 2019
15:29,Sarah INGLIS,28 AUG 1991,GBR,1.0,Vancouver (CAN),16 MAR 2019
15:29,Violah CHEPTOO,01 MAR 1989,KEN,2.0,"Boston, MA (USA)",13 APR 2019
15:29,Charlotte ARTER,18 JUN 1991,GBR,1.0,Cardiff (GBR),29 AUG 2021
15:29,Amy-Eloise MARKOVC,05 AUG 1995,GBR,8.0,"Sechseläutenplatz, Zürich (SUI)",07 SEP 2022
15:29,Taylor WERNER,01 MAY 1998,USA,8.0,"Boston, MA (USA)",15 APR 2023
15:30,Molly HUDDLE,31 AUG 1984,USA,1.0,"Providence, RI (USA)",22 SEP 2013
15:30,Rebecca DONAGHUE,24 FEB 1976,USA,2.0,"Providence, RI (USA)",20 SEP 2009
15:30,Liz MCCOLGAN,24 MAY 1964,GBR,1.0,"Carlsbad, CA (USA)",27 MAR 1988
15:30,Katrin DÖRRE-HEINIG,06 OCT 1961,GER,2.0,Essen (GER),01 MAY 1993
15:30,Annette HAND-PETERS,31 MAY 1965,USA,2.0,"Carlsbad, CA (USA)",27 MAR 1994
15:30,Cheri GODDARD-KENAH,26 DEC 1970,USA,4.0,"Carlsbad, CA (USA)",29 MAR 1998
15:30,Colleen DE REUCK,13 APR 1964,USA,5.0,"Carlsbad, CA (USA)",07 APR 2002
15:30,Dulce María RODRÍGUEZ,14 AUG 1972,MEX,1.0,"Chula Vista, CA (USA)",27 OCT 2002
15:30,Ejegayehu DIBABA,21 MAR 1982,ETH,8.0,"Carlsbad, CA (USA)",13 APR 2003
15:30,Kimberley SMITH,19 NOV 1981,NZL,4.0,"Carlsbad, CA (USA)",03 APR 2005
15:30,Kimberley SMITH,19 NOV 1981,NZL,5.0,London (GBR),03 SEP 2006
15:30,Mamitu DASKA,16 OCT 1983,ETH,2.0,"Albany, NY (USA)",30 MAY 2009
15:30,Jeļena PROKOPČUKA,21 SEP 1976,LAT,1.0,Wien (AUT),07 JUN 2009
15:30,Molly HUDDLE,31 AUG 1984,USA,1.0,"Providence, RI (USA)",16 SEP 2012
15:30,Amy VAN ALSTINE,11 NOV 1987,USA,5.0,"Carlsbad, CA (USA)",30 MAR 2014
15:30,Agnes Jebet TIROP,23 OCT 1995,KEN,1.0,Bolzano (ITA),31 DEC 2017
15:30,Margaret Chelimo KIPKEMBOI,09 FEB 1993,KEN,1.0,Bolzano (ITA),31 DEC 2019
15:30,Laura WEIGHTMAN,01 JUL 1991,GBR,1.0,Wigan (GBR),05 APR 2021
15:30,Zenah CHEPTOO,11 NOV 2002,KEN,8.0,Herzogenaurach (GER),30 APR 2022
15:30,Bethany HASZ,09 SEP 1997,USA,9.0,"Boston, MA (USA)",15 APR 2023
15:31,Dulce FÉLIX,23 OCT 1982,POR,1.0,Wien (AUT),03 JUN 2012
15:31,Jennifer RHINES,01 JUL 1974,USA,3.0,"Providence, RI (USA)",20 SEP 2009
15:31,Emily INFELD,21 MAR 1990,USA,2.0,"Providence, RI (USA)",22 SEP 2013
15:31,Jane OMORO,01 MAY 1972,KEN,1.0,"Los Angeles, CA (USA)",23 NOV 1997
15:31,Colleen DE REUCK,13 APR 1964,RSA,7.0,"Carlsbad, CA (USA)",26 MAR 2000
15:31,Lauren FLESHMAN,26 SEP 1981,USA,4.0,London (GBR),16 SEP 2007
15:31,Linet Chepkwemoi MASAI,05 DEC 1989,KEN,2.0,London (GBR),07 SEP 2008
15:31,Malika MEJDOUB,10 MAY 1982,MAR,1.0,"Brooklyn, NY (USA)",24 MAR 2012
15:31,Betsy SAINA,30 JUN 1988,KEN,5.0,"Carlsbad, CA (USA)",29 MAR 2015
15:31,Netsanet GUDETA,12 FEB 1991,ETH,2.0,Bolzano (ITA),31 DEC 2019
15:31,Liv WESTPHAL,22 DEC 1993,FRA,1.0,Monaco (MON),16 FEB 2020
15:31,Meraf BAHTA,24 JUN 1989,SWE,1.0,Mölnlycke (SWE),19 DEC 2020
15:31,Katharina STEINRUCK,22 AUG 1989,GER,4.0,Wien (AUT),22 MAY 2022
15:32,Yvonne GRAHAM,22 AUG 1965,JAM,,"Anaheim, CA (USA)",26 MAR 1995
15:32,Sylvia MOSQUEDA,08 APR 1966,USA,3.0,"Carlsbad, CA (USA)",01 APR 2001
15:32,Mihaela Maria BOTEZAN-PRUNDUS,21 NOV 1976,ROU,7.0,London (GBR),01 SEP 2002
15:32,Émilie MONDOR,29 APR 1981,CAN,2.0,"Chula Vista, CA (USA)",27 OCT 2002
15:32,Dulce María RODRÍGUEZ,14 AUG 1972,MEX,9.0,"Carlsbad, CA (USA)",13 APR 2003
15:32,Galina ALEKSANDROVA,15 OCT 1975,RUS,1.0,"Fort Myers, FL (USA)",21 FEB 2004
15:32,Benita WILLIS-JOHNSON,06 MAY 1979,AUS,5.0,London (GBR),05 SEP 2004
15:32,Alice Jemeli TIMBILILI,01 FEB 1983,KEN,1.0,Dongio (SUI),28 MAR 2005
15:32,Asmae LEGHZAOUI,30 AUG 1976,MAR,2.0,"Albany, NY (USA)",02 JUN 2007
15:32,Joanne PAVEY,20 SEP 1973,GBR,3.0,London (GBR),07 SEP 2008
15:32,Stephanie TWELL,17 AUG 1989,GBR,3.0,London (GBR),05 SEP 2010
15:32,Priscah Jepleting CHERONO,27 JUN 1980,KEN,1.0,Praha (CZE),10 SEP 2011
15:32,Bekelech BEDADA,29 DEC 1991,ETH,2.0,"Brooklyn, NY (USA)",24 MAR 2012
15:32,Gotytom GEBRESLASE,15 JAN 1995,ETH,4.0,"Carlsbad, CA (USA)",01 APR 2012
15:32,Werknesh KIDANE,07 JAN 1981,ETH,4.0,"Boston, MA (USA)",14 APR 2013
15:32,Esther CHEMTAI,04 JUN 1988,KEN,2.0,"Albany, NY (USA)",01 JUN 2013
15:32,Janet KISA,05 DEC 1992,KEN,1.0,Rennes (FRA),12 OCT 2014
15:32,Stacey Chepkemboi NDIWA,06 DEC 1992,KEN,2.0,Rennes (FRA),12 OCT 2014
15:32,Gloria KITE,10 JAN 1998,KEN,3.0,Bolzano (ITA),31 DEC 2019
15:32,Caterina GRANZ,14 MAR 1994,GER,2f3,Berlin (GER),12 JUL 2020
15:32,Caitlin ADAMS,07 JUL 1997,AUS,1,Adelaide (AUS),19 SEP 2021
15:32,Caitlin ADAMS,07 JUL 1997,AUS,1,Adelaide (AUS),19 SEP 2021
15:32,Margaux SIERACKI,17 JUN 1999,FRA,1,Monaco (MON),13 FEB 2022
15:32,Klara LUKAN,08 SEP 2000,SLO,1,Wien (AUT),22 APR 2023
15:33,Emily INFELD,21 MAR 1990,USA,3,"Providence, RI (USA)",21 SEP 2014
15:33,Sara HALL,15 APR 1983,USA,4,"Providence, RI (USA)",20 SEP 2009
15:33,Jessica O'CONNELL,10 FEB 1989,CAN,1,Wien (AUT),31 MAY 2015
15:33,Elly VAN HULST,09 JUN 1959,NED,1,"Carlsbad, CA (USA)",25 MAR 1990
15:33,Annette HAND-PETERS,31 MAY 1965,USA,3,"Los Angeles, CA (USA)",03 MAR 1991
15:33,Uta PIPPIG,07 SEP 1965,GER,1,Bern (SUI),09 JUN 1991
15:33,Laura MYKYTOK,17 SEP 1968,USA,5,"Carlsbad, CA (USA)",02 APR 1995
15:33,Annette HAND-PETERS,31 MAY 1965,USA,3,"Carlsbad, CA (USA)",13 APR 1997
15:33,Hereg SIDELIL,20 APR 1981,ETH,8,"Carlsbad, CA (USA)",26 MAR 2000
15:33,Lyudmila BIKTASHEVA,25 JUL 1974,RUS,3,"Providence, RI (USA)",07 SEP 2003
15:33,Kayoko FUKUSHI,25 MAR 1982,JPN,1,Miyazaki (JPN),06 JAN 2004
15:33,Eloise WELLINGS,09 NOV 1982,AUS,6,London (GBR),03 SEP 2006
15:33,Alemitu HAROYE,09 MAY 1995,ETH,6,Rennes (FRA),13 OCT 2013
15:33,Gladys KWAMBAI,05 SEP 1983,KEN,7,Rennes (FRA),13 OCT 2013
15:33,Buze DIRIBA,09 FEB 1994,ETH,1,San José (USA),27 NOV 2014
15:33,Sentayehu LEWETEGN,09 MAY 1996,ETH,5,Rennes (FRA),11 OCT 2015
15:33,Molly SEIDEL,12 JUL 1994,USA,5,"Boston, MA (USA)",14 APR 2018
15:33,Dawit SEYAUM,27 JUL 1996,ETH,1,Bolzano (ITA),31 DEC 2022
15:33,Abby NICHOLS,,USA,10,"Boston, MA (USA)",15 APR 2023
15:33,Tinebeb ASRES,01 JAN 2006,ETH,10,"Adi-Dassler-Straße 1, Herzogenaurach (GER)",29 APR 2023
15:33,Katie IZZO,22 DEC 1996,USA,11,"Adi-Dassler-Straße 1, Herzogenaurach (GER)",29 APR 2023
15:34,Anne Marie LAUCK,07 MAR 1969,USA,2,Freeport (BAH),29 FEB 1992
15:34,Lynn JENNINGS,01 JUL 1960,USA,3,"Providence, RI (USA)",16 OCT 1994
15:34,Ejegayehu DIBABA,21 MAR 1982,ETH,4,"Carlsbad, CA (USA)",01 APR 2001
15:34,Grażyna SYREK,09 JAN 1972,POL,3,Praha (CZE),19 SEP 2004
15:34,Julie CULLEY,10 SEP 1981,USA,1,"Baltimore, MD (USA)",11 OCT 2008
15:34,Olena OCHEREDKO,04 NOV 1981,POL,5,Kassel (GER),20 JUN 2009
15:34,Neely SPENCE GRACEY,16 APR 1990,USA,2,"Providence, RI (USA)",16 SEP 2012
15:34,Veronica WANJIRU,29 OCT 1989,KEN,6,Rennes (FRA),11 OCT 2015
15:34,Diane NUKURI,01 DEC 1984,BDI,4,"Carlsbad, CA (USA)",03 APR 2016
15:34,Konstanze KLOSTERHALFEN,18 FEB 1997,GER,1,Trier (GER),31 DEC 2017
15:34,Diane NUKURI,01 DEC 1984,USA,6,"Boston, MA (USA)",14 APR 2018
15:34,Monicah WANJUHI,07 NOV 1993,KEN,1,"Frankfort, KY (USA)",04 JUL 2019
15:34,Lucy MAWIA,1998,KEN,1,Arezzo (ITA),19 AUG 2021
15:34,Lauren HURLEY,26 JAN 1988,USA,1,"Charleston, SC (USA)",25 NOV 2021
15:34,Nozomi TANAKA,04 SEP 1999,JPN,2,Fukuoka (JPN),12 NOV 2022
15:35,Karolina NADOLSKA,06 SEP 1981,POL,1,Korschenbroich (GER),21 APR 2013
15:35,Alexi PAPPAS,28 MAR 1990,USA,3,"Providence, RI (USA)",22 SEP 2013
15:35,Patti Sue PLUMER,27 APR 1962,USA,2,"Carlsbad, CA (USA)",25 MAR 1990
15:35,Annette HAND-PETERS,31 MAY 1965,USA,3,"Carlsbad, CA (USA)",25 MAR 1990
15:35,Judi ST. HILAIRE,05 SEP 1959,USA,4,"Los Angeles, CA (USA)",03 MAR 1991
15:35,Gitte KARLSHØJ,14 MAY 1959,DEN,3,Freeport (BAH),29 FEB 1992
15:35,Yvonne GRAHAM,22 AUG 1965,JAM,6,"Carlsbad, CA (USA)",02 APR 1995
15:35,Gete WAMI,11 DEC 1974,ETH,2,Bern (SUI),08 JUN 1997
15:35,Deena KASTOR,14 FEB 1973,USA,2,"Los Angeles, CA (USA)",23 NOV 1997
15:35,Derartu TULU,21 MAR 1972,ETH,3,London (GBR),02 SEP 2001
15:35,Fernanda RIBEIRO,23 JUN 1969,POR,4,Balmoral (GBR),08 MAY 2004
15:35,Takako KOTORIDA,02 APR 1977,JPN,1,Miyazaki (JPN),06 JAN 2005
15:35,Misikir DEMISSE,23 JUL 1986,ETH,2,"Little Rock, AR (USA)",04 JUL 2008
15:35,Grace MOMANYI,13 FEB 1981,KEN,6,London (GBR),06 SEP 2009
15:35,Werknesh KIDANE,07 JAN 1981,ETH,4,London (GBR),05 SEP 2010
15:35,Werknesh KIDANE,07 JAN 1981,ETH,4,"Carlsbad, CA (USA)",07 APR 2013
15:35,Isabella OCHICHI,28 OCT 1979,KEN,3,"Albany, NY (USA)",01 JUN 2013
15:35,Genet YALEW,31 DEC 1992,ETH,8,Rennes (FRA),13 OCT 2013
15:35,Lineth CHEPKURUI,23 FEB 1987,KEN,7,"Boston, MA (USA)",19 APR 2014
15:35,Caroline Chepkoech KIPKIRUI,26 MAY 1994,KEN,3,"Boston, MA (USA)",16 APR 2016
15:35,Violah CHEPTOO,01 MAR 1989,KEN,1,"Carlsbad, CA (USA)",02 APR 2017
15:35,Molly SEIDEL,12 JUL 1994,USA,2,"New York, NY (USA)",04 NOV 2017
15:35,Gotytom GEBRESLASE,15 JAN 1995,ETH,3,"Boston, MA (USA)",13 APR 2019
15:35,Helen BEKELE,21 NOV 1994,ETH,1,Arezzo (ITA),25 MAY 2019
15:35,Aisha PRAUGHT-LEER,14 DEC 1989,JAM,2,"Memphis, TN (USA)",14 NOV 2020
15:35,Marisa HOWARD,10 AUG 1992,USA,11,"Boston, MA (USA)",15 APR 2023
15:35,Zenah CHEPTOO,11 NOV 2002,KEN,12,"Adi-Dassler-Straße 1, Herzogenaurach (GER)",29 APR 2023
15:36,Sara MOREIRA,17 OCT 1985,POR,1,Wien (AUT),21 MAY 2017
15:36,Elly VAN HULST,09 JUN 1959,NED,2,"Carlsbad, CA (USA)",14 APR 1991
15:36,Libbie JOHNSON-HICKMAN,17 FEB 1965,USA,3,"Carlsbad, CA (USA)",14 APR 1991
15:36,Olga MARKOVA,06 AUG 1968,RUS,5,"Carlsbad, CA (USA)",29 MAR 1992
15:36,Shelly STEELY,23 OCT 1962,USA,1,"Carlsbad, CA (USA)",28 MAR 1993
15:36,Catherine KIRUI,01 MAR 1976,KEN,7,"Carlsbad, CA (USA)",02 APR 1995
15:36,Regina JACOBS,28 AUG 1963,USA,4,"Carlsbad, CA (USA)",13 APR 1997
15:36,Delillah ASIAGO,24 FEB 1972,KEN,1,"Providence, RI (USA)",14 SEP 1997
15:36,Elva DRYER,26 SEP 1971,USA,9,"Carlsbad, CA (USA)",26 MAR 2000
15:36,Kathy BUTLER,22 OCT 1973,GBR,6,"Carlsbad, CA (USA)",07 APR 2002
15:36,Adriana FERNÁNDEZ MIRANDA,04 APR 1971,MEX,3,"Chula Vista, CA (USA)",27 OCT 2002
15:36,Catherine NDEREBA,21 JUL 1972,KEN,5,London (GBR),14 SEP 2003
15:36,Tatyana PETROVA,08 APR 1983,RUS,1,"Austin, TX (USA)",25 APR 2004
15:36,Hayley MCGREGOR,27 MAY 1979,AUS,5,Balmoral (GBR),08 MAY 2004
15:36,Kate REED,28 SEP 1982,GBR,5,London (GBR),16 SEP 2007
15:36,Teyba ERKESSO,30 OCT 1982,ETH,4,"Albany, NY (USA)",05 JUN 2010
15:36,Lauren FLESHMAN,26 SEP 1981,USA,5,London (GBR),05 SEP 2010
15:36,Genet YALEW,31 DEC 1992,ETH,2,Rennes (FRA),09 OCT 2011
15:36,Dulce FÉLIX,23 OCT 1982,POR,1,Lisboa (POR),27 MAY 2012
15:36,Haftamnesh TESFAYE,28 APR 1994,ETH,4,Rennes (FRA),14 OCT 2012
15:36,Jessica O'CONNELL,10 FEB 1989,CAN,6,"Carlsbad, CA (USA)",29 MAR 2015
15:36,Meskerem AMARE,01 OCT 1997,ETH,1,Trier (GER),31 DEC 2015
15:36,Dominique SCOTT,24 JUN 1992,RSA,1,"Norman, OK (USA)",03 SEP 2016
15:36,Shannon ROWBURY,19 SEP 1984,USA,2,"Carlsbad, CA (USA)",02 APR 2017
15:36,Aisha PRAUGHT-LEER,14 DEC 1989,JAM,3,"Carlsbad, CA (USA)",02 APR 2017
15:36,Anna Emilie MØLLER,28 JUL 1997,DEN,3,Monaco (MON),17 FEB 2019
15:36,Natasha WODAK,17 DEC 1981,CAN,2,Vancouver (CAN),16 MAR 2019
15:36,Kim CONLEY,14 MAR 1986,USA,4,"Boston, MA (USA)",13 APR 2019
15:36,Jess JUDD,07 JAN 1995,GBR,2,Barrowford (GBR),08 AUG 2020
15:36,Purity Kajuju GITONGA,12 MAY 1996,KEN,2,Arezzo (ITA),19 AUG 2021
15:36,Feliciana JEPKOSGEI,01 APR 2001,KEN,9,Herzogenaurach (GER),12 SEP 2021
15:36,Mirriam CHEBET,2000,KEN,4,Barcelona (ESP),31 DEC 2022
15:37,Allison ROE,30 MAY 1956,NZL,2.0,"Woodland Hills, CA (USA)",31 OCT 1982
15:37,Annette HAND-PETERS,31 MAY 1965,USA,8.0,"Carlsbad, CA (USA)",02 APR 1995
15:37,Lynn JENNINGS,01 JUL 1960,USA,2.0,"Carlsbad, CA (USA)",31 MAR 1996
15:37,Jackline MARANGA,16 DEC 1977,KEN,5.0,"Carlsbad, CA (USA)",13 APR 1997
15:37,Kristin IHLE-HELLEDY,12 APR 1969,USA,5.0,"Carlsbad, CA (USA)",29 MAR 1998
15:37,Breeda DENNEHY-WILLIS,02 FEB 1970,IRL,5.0,"Carlsbad, CA (USA)",01 APR 2001
15:37,Patrycja WŁODARCZYK,09 JUN 1980,POL,1.0,Olesno (POL),10 MAY 2003
15:37,Eyerusalem KUMA,07 SEP 1981,ETH,5.0,"Carlsbad, CA (USA)",28 MAR 2004
15:37,Catherine Agnes CHIKWAKWA,24 JUL 1985,MAW,1.0,Darmstadt (GER),23 JUN 2004
15:37,Petra KAMÍNKOVÁ,19 JAN 1973,CZE,4.0,Praha (CZE),19 SEP 2004
15:37,Émilie MONDOR,29 APR 1981,CAN,1.0,"Chula Vista, CA (USA)",23 OCT 2005
15:37,Edna Ngeringwony KIPLAGAT,15 NOV 1979,KEN,5.0,"Carlsbad, CA (USA)",09 APR 2006
15:37,Sabrina MOCKENHAUPT,06 DEC 1980,GER,1.0,Wien (AUT),03 JUN 2007
15:37,Jennifer RHINES,01 JUL 1974,USA,3.0,"Carlsbad, CA (USA)",03 APR 2011
15:37,Ashu KASIM,20 OCT 1984,ETH,2.0,"Albany, NY (USA)",02 JUN 2012
15:37,Elizabeth MALOY,10 AUG 1985,USA,3.0,"Providence, RI (USA)",16 SEP 2012
15:37,Hiwot AYALEW,06 MAR 1990,ETH,5.0,Rennes (FRA),14 OCT 2012
15:37,Gotytom GEBRESLASE,15 JAN 1995,ETH,6.0,"Carlsbad, CA (USA)",30 MAR 2014
15:37,Gudaf TSEGAY,23 JUN 1997,ETH,7.0,Rennes (FRA),11 OCT 2015
15:37,Lauren PAQUETTE,27 JUN 1986,USA,7.0,"Boston, MA (USA)",14 APR 2018
15:37,Verity OCKENDEN,31 AUG 1991,GBR,3.0,Barrowford (GBR),08 AUG 2020
15:37,Agnes Jebet NGETICH,23 JAN 2001,KEN,9.0,Herzogenaurach (GER),30 APR 2022
15:38,Sara MOREIRA,17 OCT 1985,POR,1.0,Wien (AUT),22 MAY 2016
15:38,Sally KIPYEGO,19 DEC 1985,KEN,2.0,San José (USA),28 NOV 2013
15:38,Monica JOYCE,16 JUL 1958,IRL,4.0,"Carlsbad, CA (USA)",25 MAR 1990
15:38,Natalya SOROKOVSKAYA,23 JUL 1962,KAZ,3.0,Essen (GER),01 MAY 1993
15:38,Lieve SLEGERS,06 APR 1965,BEL,,"Providence, RI (USA)",15 OCT 1995
15:38,Daria NAUER,21 MAY 1966,SUI,2.0,Bern (SUI),09 JUN 1996
15:38,Sonia O'SULLIVAN,28 NOV 1969,IRL,7.0,"Carlsbad, CA (USA)",07 APR 2002
15:38,Eyerusalem KUMA,07 SEP 1981,ETH,1.0,"Syracuse, NY (USA)",06 OCT 2002
15:38,Sylvia MOSQUEDA,08 APR 1966,USA,4.0,"Chula Vista, CA (USA)",27 OCT 2002
15:38,Dorte VIBJERG,28 OCT 1973,DEN,1.0,Oslo (NOR),10 MAY 2003
15:38,Hayley MCGREGOR,27 MAY 1979,AUS,6.0,"Carlsbad, CA (USA)",28 MAR 2004
15:38,Alena SAMOKHVALOVA,21 NOV 1980,RUS,1.0,"Binghamton, NY (USA)",28 AUG 2005
15:38,Aheza KIROS,16 OCT 1985,ETH,1.0,"Carlsbad, CA (USA)",05 APR 2009
15:38,Amy VAN ALSTINE,11 NOV 1987,USA,8.0,"Boston, MA (USA)",19 APR 2014
15:38,Emily CHEBET,18 FEB 1986,KEN,1.0,"Albany, NY (USA)",30 MAY 2015
15:38,Sarah LAHTI,18 FEB 1995,SWE,5.0,"Carlsbad, CA (USA)",03 APR 2016
15:38,Gotytom GEBRESLASE,15 JAN 1995,ETH,1.0,San José (USA),23 NOV 2017
15:38,Emily SISSON,12 OCT 1991,USA,1.0,"New York, NY (USA)",03 NOV 2018
15:38,Elaina TABB,17 DEC 1991,USA,5.0,"Boston, MA (USA)",13 APR 2019
15:38,Vicoty CHEPNGENO,12 NOV 1993,KEN,1.0,"Wheeling, WV (USA)",04 AUG 2019
15:38,Mercy CHERONO,07 MAY 1991,KEN,4.0,Bolzano (ITA),31 DEC 2019
15:38,Kim CONLEY,14 MAR 1986,USA,7.0,"Boston, MA (USA)",16 APR 2022
15:39,Mary KNISELY,29 MAY 1959,USA,4.0,"Carlsbad, CA (USA)",14 APR 1991
15:39,Carmen DE OLIVEIRA,17 AUG 1965,BRA,1.0,"Albany, NY (USA)",06 JUN 1992
15:39,Teresa Wanjiku MBUGUA,07 MAY 1974,KEN,10.0,"Carlsbad, CA (USA)",26 MAR 2000
15:39,Dorota GRUCA,05 DEC 1970,POL,2.0,"Austin, TX (USA)",25 APR 2004
15:39,Irene Kwambai KIPCHUMBA,25 OCT 1978,KEN,2.0,Dongio (SUI),28 MAR 2005
15:39,Pauline Kiragu WANGURU,26 AUG 1980,KEN,2.0,Miyazaki (JPN),06 JAN 2007
15:39,Rose CHERUIYOT,21 JUL 1976,KEN,3.0,"Albany, NY (USA)",30 MAY 2009
15:39,Juliet CHEKWEL,25 MAY 1990,UGA,9.0,Rennes (FRA),13 OCT 2013
15:39,Susan JEROTICH,22 MAR 1987,KEN,1.0,"Wheeling, WV (USA)",02 AUG 2014
15:39,Lauren HOWARTH,21 APR 1990,GBR,5.0,"Boston, MA (USA)",15 APR 2017
15:39,Natosha ROGERS,07 MAY 1991,USA,3.0,"New York, NY (USA)",04 NOV 2017
15:39,Natasha WODAK,17 DEC 1981,CAN,1.0,Vancouver (CAN),17 MAR 2018
15:39,Vicoty CHEPNGENO,12 NOV 1993,KEN,1.0,"Wheeling, WV (USA)",04 AUG 2018
15:39,Lauren PAQUETTE,27 JUN 1986,USA,3.0,"Memphis, TN (USA)",14 NOV 2020
15:39,Mary MUNANU,12 DEC 1994,KEN,1.0,"Grand Rapids, MI (USA)",23 OCT 2021
15:39,Susanna SULLIVAN,13 MAY 1990,USA,8.0,"Boston, MA (USA)",16 APR 2022
15:39,Rebecca MWANGI,15 JUN 2001,KEN,3.0,Fukuoka (JPN),12 NOV 2022
15:39,Emily DURGIN,15 MAY 1994,USA,12.0,"Boston, MA (USA)",15 APR 2023
15:39,Gebrewahd LETEBRHAN,2004,ETH,13.0,"Adi-Dassler-Straße 1, Herzogenaurach (GER)",29 APR 2023
15:40,Lorraine MOLLER,01 JUN 1955,NZL,2.0,"Carlsbad, CA (USA)",27 MAR 1988
15:40,Mary KNISELY,29 MAY 1959,USA,5.0,"Carlsbad, CA (USA)",25 MAR 1990
15:40,Breeda DENNEHY-WILLIS,02 FEB 1970,IRL,3.0,"Carlsbad, CA (USA)",31 MAR 1996
15:40,Elva DRYER,26 SEP 1971,USA,6.0,"Carlsbad, CA (USA)",13 APR 1997
15:40,Yoshiko FUJINAGA,15 AUG 1981,JPN,2.0,Miyazaki (JPN),06 JAN 2005
15:40,Anikó KÁLOVICS,13 MAY 1977,HUN,1.0,Praha (CZE),11 SEP 2005
15:40,Edith MASAI,04 APR 1967,KEN,1.0,Neuss (GER),20 MAY 2006
15:40,Susan CHEPKEMEI,25 JUN 1975,KEN,7.0,London (GBR),03 SEP 2006
15:40,Anikó KÁLOVICS,13 MAY 1977,HUN,1.0,Praha (CZE),10 SEP 2006
15:40,Olga KRAVTSOVA,25 JUL 1981,BLR,1.0,"Providence, RI (USA)",17 SEP 2006
15:40,Sara HALL,15 APR 1983,USA,2.0,"Providence, RI (USA)",17 SEP 2006
15:40,Malindi ELMORE,13 MAR 1980,CAN,4.0,"Carlsbad, CA (USA)",01 APR 2007
15:40,Irina MIKITENKO,23 AUG 1972,GER,1.0,Wien (AUT),30 MAY 2010
15:40,Alice Jemeli TIMBILILI,01 FEB 1983,KEN,2.0,Lisboa (POR),29 MAY 2011
15:40,Kim CONLEY,14 MAR 1986,USA,1.0,San José (USA),22 NOV 2012
15:40,Tigist TUFA,26 JAN 1987,ETH,1.0,"Binghamton, NY (USA)",25 AUG 2013
15:40,Emelia GORECKA,29 JAN 1994,GBR,9.0,"Boston, MA (USA)",19 APR 2014
15:40,Miyuki UEHARA,22 NOV 1995,JPN,7.0,"Carlsbad, CA (USA)",29 MAR 2015
15:40,Dominique SCOTT,24 JUN 1992,RSA,4.0,"Carlsbad, CA (USA)",02 APR 2017
15:40,Emelia GORECKA,29 JAN 1994,GBR,1.0,Ipswich (GBR),18 AUG 2017
15:40,Susan KRUMINS,08 JUL 1986,NED,1.0,Nijmegen (NED),19 MAY 2019
15:40,Juliet CHEKWEL,25 MAY 1990,UGA,2.0,Arezzo (ITA),25 MAY 2019
15:40,Purity Kajuju GITONGA,12 MAY 1996,KEN,3.0,Wien (AUT),03 OCT 2021
15:40,Mirriam CHEBET,2000,KEN,1.0,Monaco (MON),12 FEB 2023
